name,method,V,E,initial_upper_bound,lower_bound,upper_bound,status,span,variables,clauses,cnf_calls,solver_calls,encoding_time,total_solving_time,time_used,timed_out,optimality_proven,run_id,source_sha,source_dirty,upstream_base_sha,input_sha256,solver_sha256,solver,solver_seed,time_limit,search_strategy,concurrency,command,runner_versions,host,platform,recorded_at
GEOM100.col,POP-S-B,100,547,65,50,50,OPTIMAL,50,6500,42055,17,17,0.541168848,0.627817673,1.168986521,FALSE,TRUE,1,aaee871cf6b933940232689b95a5fea4cdbad2eb,TRUE,8f19dbff4135e6cff9e4b147ebe8462603d5fe03,91be09009a797c20a68cfb43f78cb01019c2cfdb8915d86e640e95938c315b19,bd973250f588bcb893f3b12b622d3d5c9ee8e3c7aa67a862d71c77045cb612db,CaDiCaL 1.9.5,0,3600,descending-linear,1,/home/homulily/code/cadical-1.9.5/build/cadical --seed=0 '<temporary-cnf>',Python 3.14.4; networkx 3.6.1; numpy 2.5.0,DESKTOP-RJQ30EQ,Linux-6.8.0-51-generic-x86_64-with-glibc2.39,2026-08-23T18:13:17.560660+07:00
GEOM100.col,POPH-S-B,100,547,65,50,50,OPTIMAL,50,13000,61455,17,17,0.711908257,0.774185125,1.486093382,FALSE,TRUE,1,aaee871cf6b933940232689b95a5fea4cdbad2eb,TRUE,8f19dbff4135e6cff9e4b147ebe8462603d5fe03,91be09009a797c20a68cfb43f78cb01019c2cfdb8915d86e640e95938c315b19,bd973250f588bcb893f3b12b622d3d5c9ee8e3c7aa67a862d71c77045cb612db,CaDiCaL 1.9.5,0,3600,descending-linear,1,/home/homulily/code/cadical-1.9.5/build/cadical --seed=0 '<temporary-cnf>',Python 3.14.4; networkx 3.6.1; numpy 2.5.0,DESKTOP-RJQ30EQ,Linux-6.8.0-51-generic-x86_64-with-glibc2.39,2026-08-23T18:13:19.083276+07:00
GEOM100a.col,POP-S-B,100,992,92,66,66,OPTIMAL,66,9200,100464,28,28,2.04495805,226.0437086,228.0886667,FALSE,TRUE,1,aaee871cf6b933940232689b95a5fea4cdbad2eb,TRUE,8f19dbff4135e6cff9e4b147ebe8462603d5fe03,630c8dde843161518427f8d7ef92d9d1373781a7e028e2918c0070a86261b0f7,bd973250f588bcb893f3b12b622d3d5c9ee8e3c7aa67a862d71c77045cb612db,CaDiCaL 1.9.5,0,3600,descending-linear,1,/home/homulily/code/cadical-1.9.5/build/cadical --seed=0 '<temporary-cnf>',Python 3.14.4; networkx 3.6.1; numpy 2.5.0,DESKTOP-RJQ30EQ,Linux-6.8.0-51-generic-x86_64-with-glibc2.39,2026-08-23T18:17:35.342328+07:00
GEOM100a.col,POPH-S-B,100,992,92,66,66,OPTIMAL,66,18400,127964,28,28,2.371422958,265.6980305,268.0694534,FALSE,TRUE,1,aaee871cf6b933940232689b95a5fea4cdbad2eb,TRUE,8f19dbff4135e6cff9e4b147ebe8462603d5fe03,630c8dde843161518427f8d7ef92d9d1373781a7e028e2918c0070a86261b0f7,bd973250f588bcb893f3b12b622d3d5c9ee8e3c7aa67a862d71c77045cb612db,CaDiCaL 1.9.5,0,3600,descending-linear,1,/home/homulily/code/cadical-1.9.5/build/cadical --seed=0 '<temporary-cnf>',Python 3.14.4; networkx 3.6.1; numpy 2.5.0,DESKTOP-RJQ30EQ,Linux-6.8.0-51-generic-x86_64-with-glibc2.39,2026-08-23T18:22:03.497044+07:00
GEOM100b.col,POP-S-B,100,1050,122,71,71,OPTIMAL,71,12200,140300,53,53,5.000021026,93.93922868,98.93924971,FALSE,TRUE,1,aaee871cf6b933940232689b95a5fea4cdbad2eb,TRUE,8f19dbff4135e6cff9e4b147ebe8462603d5fe03,14092a37b220ef17894222b959c735f68203286fc653930904fe5f13c3741ce5,bd973250f588bcb893f3b12b622d3d5c9ee8e3c7aa67a862d71c77045cb612db,CaDiCaL 1.9.5,0,3600,descending-linear,1,/home/homulily/code/cadical-1.9.5/build/cadical --seed=0 '<temporary-cnf>',Python 3.14.4; networkx 3.6.1; numpy 2.5.0,DESKTOP-RJQ30EQ,Linux-6.8.0-51-generic-x86_64-with-glibc2.39,2026-08-23T18:23:42.599156+07:00
GEOM100b.col,POPH-S-B,100,1050,122,71,71,OPTIMAL,71,24400,176800,53,53,6.325441749,72.57629131,78.90173306,FALSE,TRUE,1,aaee871cf6b933940232689b95a5fea4cdbad2eb,TRUE,8f19dbff4135e6cff9e4b147ebe8462603d5fe03,14092a37b220ef17894222b959c735f68203286fc653930904fe5f13c3741ce5,bd973250f588bcb893f3b12b622d3d5c9ee8e3c7aa67a862d71c77045cb612db,CaDiCaL 1.9.5,0,3600,descending-linear,1,/home/homulily/code/cadical-1.9.5/build/cadical --seed=0 '<temporary-cnf>',Python 3.14.4; networkx 3.6.1; numpy 2.5.0,DESKTOP-RJQ30EQ,Linux-6.8.0-51-generic-x86_64-with-glibc2.39,2026-08-23T18:25:01.688983+07:00
GEOM110.col,POP-S-B,110,638,65,50,50,OPTIMAL,50,7150,48620,17,17,0.598897712,0.734053534,1.332951246,FALSE,TRUE,1,aaee871cf6b933940232689b95a5fea4cdbad2eb,TRUE,8f19dbff4135e6cff9e4b147ebe8462603d5fe03,2c127a146238aee20765edfcc35a16dc2fd856e5577bfe6afdc859b7dcaddb49,bd973250f588bcb893f3b12b622d3d5c9ee8e3c7aa67a862d71c77045cb612db,CaDiCaL 1.9.5,0,3600,descending-linear,1,/home/homulily/code/cadical-1.9.5/build/cadical --seed=0 '<temporary-cnf>',Python 3.14.4; networkx 3.6.1; numpy 2.5.0,DESKTOP-RJQ30EQ,Linux-6.8.0-51-generic-x86_64-with-glibc2.39,2026-08-23T18:25:03.057856+07:00
GEOM110.col,POPH-S-B,110,638,65,50,50,OPTIMAL,50,14300,69960,17,17,0.749146046,0.831614453,1.580760499,FALSE,TRUE,1,aaee871cf6b933940232689b95a5fea4cdbad2eb,TRUE,8f19dbff4135e6cff9e4b147ebe8462603d5fe03,2c127a146238aee20765edfcc35a16dc2fd856e5577bfe6afdc859b7dcaddb49,bd973250f588bcb893f3b12b622d3d5c9ee8e3c7aa67a862d71c77045cb612db,CaDiCaL 1.9.5,0,3600,descending-linear,1,/home/homulily/code/cadical-1.9.5/build/cadical --seed=0 '<temporary-cnf>',Python 3.14.4; networkx 3.6.1; numpy 2.5.0,DESKTOP-RJQ30EQ,Linux-6.8.0-51-generic-x86_64-with-glibc2.39,2026-08-23T18:25:04.679320+07:00
GEOM110a.col,POP-S-B,110,1207,110,69,69,OPTIMAL,69,12100,144870,43,43,4.671390238,332.2146988,336.886089,FALSE,TRUE,1,aaee871cf6b933940232689b95a5fea4cdbad2eb,TRUE,8f19dbff4135e6cff9e4b147ebe8462603d5fe03,9c37e408d641c20a1fc834cdfa27c50a49e532300506da93442ee8f07c8f7d3c,bd973250f588bcb893f3b12b622d3d5c9ee8e3c7aa67a862d71c77045cb612db,CaDiCaL 1.9.5,0,3600,descending-linear,1,/home/homulily/code/cadical-1.9.5/build/cadical --seed=0 '<temporary-cnf>',Python 3.14.4; networkx 3.6.1; numpy 2.5.0,DESKTOP-RJQ30EQ,Linux-6.8.0-51-generic-x86_64-with-glibc2.39,2026-08-23T18:30:41.711942+07:00
GEOM110a.col,POPH-S-B,110,1207,110,69,69,OPTIMAL,69,24200,181060,43,43,5.197650918,244.595735,249.7933859,FALSE,TRUE,1,aaee871cf6b933940232689b95a5fea4cdbad2eb,TRUE,8f19dbff4135e6cff9e4b147ebe8462603d5fe03,9c37e408d641c20a1fc834cdfa27c50a49e532300506da93442ee8f07c8f7d3c,bd973250f588bcb893f3b12b622d3d5c9ee8e3c7aa67a862d71c77045cb612db,CaDiCaL 1.9.5,0,3600,descending-linear,1,/home/homulily/code/cadical-1.9.5/build/cadical --seed=0 '<temporary-cnf>',Python 3.14.4; networkx 3.6.1; numpy 2.5.0,DESKTOP-RJQ30EQ,Linux-6.8.0-51-generic-x86_64-with-glibc2.39,2026-08-23T18:34:51.663400+07:00
GEOM110b.col,POP-S-B,110,1256,122,77,77,OPTIMAL,77,13420,166652,47,47,5.568756856,245.7413148,251.3100717,FALSE,TRUE,1,aaee871cf6b933940232689b95a5fea4cdbad2eb,TRUE,8f19dbff4135e6cff9e4b147ebe8462603d5fe03,aea172a16bc42de0504b35909d35fce000ded1613c496d28ea719a2d44ba7c51,bd973250f588bcb893f3b12b622d3d5c9ee8e3c7aa67a862d71c77045cb612db,CaDiCaL 1.9.5,0,3600,descending-linear,1,/home/homulily/code/cadical-1.9.5/build/cadical --seed=0 '<temporary-cnf>',Python 3.14.4; networkx 3.6.1; numpy 2.5.0,DESKTOP-RJQ30EQ,Linux-6.8.0-51-generic-x86_64-with-glibc2.39,2026-08-23T18:39:03.143212+07:00
GEOM110b.col,POPH-S-B,110,1256,122,77,77,OPTIMAL,77,26840,206802,47,47,6.125394566,253.8345106,259.9599052,FALSE,TRUE,1,aaee871cf6b933940232689b95a5fea4cdbad2eb,TRUE,8f19dbff4135e6cff9e4b147ebe8462603d5fe03,aea172a16bc42de0504b35909d35fce000ded1613c496d28ea719a2d44ba7c51,bd973250f588bcb893f3b12b622d3d5c9ee8e3c7aa67a862d71c77045cb612db,CaDiCaL 1.9.5,0,3600,descending-linear,1,/home/homulily/code/cadical-1.9.5/build/cadical --seed=0 '<temporary-cnf>',Python 3.14.4; networkx 3.6.1; numpy 2.5.0,DESKTOP-RJQ30EQ,Linux-6.8.0-51-generic-x86_64-with-glibc2.39,2026-08-23T18:43:23.283381+07:00
GEOM120.col,POP-S-B,120,773,74,59,59,OPTIMAL,59,8880,66082,17,17,0.768812103,1.713085325,2.481897428,FALSE,TRUE,1,aaee871cf6b933940232689b95a5fea4cdbad2eb,TRUE,8f19dbff4135e6cff9e4b147ebe8462603d5fe03,26357a9d4e2d8b08cdf055e2a882589f86c22c313fd9674a7f44b405c2aade4a,bd973250f588bcb893f3b12b622d3d5c9ee8e3c7aa67a862d71c77045cb612db,CaDiCaL 1.9.5,0,3600,descending-linear,1,/home/homulily/code/cadical-1.9.5/build/cadical --seed=0 '<temporary-cnf>',Python 3.14.4; networkx 3.6.1; numpy 2.5.0,DESKTOP-RJQ30EQ,Linux-6.8.0-51-generic-x86_64-with-glibc2.39,2026-08-23T18:43:25.807525+07:00
GEOM120.col,POPH-S-B,120,773,74,59,59,OPTIMAL,59,17760,92602,17,17,0.982666061,2.170238439,3.1529045,FALSE,TRUE,1,aaee871cf6b933940232689b95a5fea4cdbad2eb,TRUE,8f19dbff4135e6cff9e4b147ebe8462603d5fe03,26357a9d4e2d8b08cdf055e2a882589f86c22c313fd9674a7f44b405c2aade4a,bd973250f588bcb893f3b12b622d3d5c9ee8e3c7aa67a862d71c77045cb612db,CaDiCaL 1.9.5,0,3600,descending-linear,1,/home/homulily/code/cadical-1.9.5/build/cadical --seed=0 '<temporary-cnf>',Python 3.14.4; networkx 3.6.1; numpy 2.5.0,DESKTOP-RJQ30EQ,Linux-6.8.0-51-generic-x86_64-with-glibc2.39,2026-08-23T18:43:29.008018+07:00
GEOM120a.col,POP-S-B,120,1434,110,82,82,OPTIMAL,82,13200,170940,30,30,3.798783801,108.0377608,111.8365446,FALSE,TRUE,1,aaee871cf6b933940232689b95a5fea4cdbad2eb,TRUE,8f19dbff4135e6cff9e4b147ebe8462603d5fe03,a920a2c75d8d4fde3a531cb30857d83f245364a0b88d5a18f86336b96bf07ab6,bd973250f588bcb893f3b12b622d3d5c9ee8e3c7aa67a862d71c77045cb612db,CaDiCaL 1.9.5,0,3600,descending-linear,1,/home/homulily/code/cadical-1.9.5/build/cadical --seed=0 '<temporary-cnf>',Python 3.14.4; networkx 3.6.1; numpy 2.5.0,DESKTOP-RJQ30EQ,Linux-6.8.0-51-generic-x86_64-with-glibc2.39,2026-08-23T18:45:20.955408+07:00
GEOM120a.col,POPH-S-B,120,1434,110,82,82,OPTIMAL,82,26400,210420,30,30,4.295882039,117.2101886,121.5060706,FALSE,TRUE,1,aaee871cf6b933940232689b95a5fea4cdbad2eb,TRUE,8f19dbff4135e6cff9e4b147ebe8462603d5fe03,a920a2c75d8d4fde3a531cb30857d83f245364a0b88d5a18f86336b96bf07ab6,bd973250f588bcb893f3b12b622d3d5c9ee8e3c7aa67a862d71c77045cb612db,CaDiCaL 1.9.5,0,3600,descending-linear,1,/home/homulily/code/cadical-1.9.5/build/cadical --seed=0 '<temporary-cnf>',Python 3.14.4; networkx 3.6.1; numpy 2.5.0,DESKTOP-RJQ30EQ,Linux-6.8.0-51-generic-x86_64-with-glibc2.39,2026-08-23T18:47:22.581712+07:00
GEOM120b.col,POP-S-B,120,1491,124,83,83,OPTIMAL,83,14880,199764,43,43,6.149258229,2491.616838,2497.766096,FALSE,TRUE,1,aaee871cf6b933940232689b95a5fea4cdbad2eb,TRUE,8f19dbff4135e6cff9e4b147ebe8462603d5fe03,745355ab3817a87504580de4d77629dce60b8f48ea8fb2c5da33224e8ef92e29,bd973250f588bcb893f3b12b622d3d5c9ee8e3c7aa67a862d71c77045cb612db,CaDiCaL 1.9.5,0,3600,descending-linear,1,/home/homulily/code/cadical-1.9.5/build/cadical --seed=0 '<temporary-cnf>',Python 3.14.4; networkx 3.6.1; numpy 2.5.0,DESKTOP-RJQ30EQ,Linux-6.8.0-51-generic-x86_64-with-glibc2.39,2026-08-23T19:29:00.518871+07:00
GEOM120b.col,POPH-S-B,120,1491,124,83,83,OPTIMAL,83,29760,244284,43,43,6.982246372,2220.181283,2227.163529,FALSE,TRUE,1,aaee871cf6b933940232689b95a5fea4cdbad2eb,TRUE,8f19dbff4135e6cff9e4b147ebe8462603d5fe03,745355ab3817a87504580de4d77629dce60b8f48ea8fb2c5da33224e8ef92e29,bd973250f588bcb893f3b12b622d3d5c9ee8e3c7aa67a862d71c77045cb612db,CaDiCaL 1.9.5,0,3600,descending-linear,1,/home/homulily/code/cadical-1.9.5/build/cadical --seed=0 '<temporary-cnf>',Python 3.14.4; networkx 3.6.1; numpy 2.5.0,DESKTOP-RJQ30EQ,Linux-6.8.0-51-generic-x86_64-with-glibc2.39,2026-08-23T20:06:07.868553+07:00
GEOM20.col,POP-S-B,20,20,25,21,21,OPTIMAL,21,500,1000,6,6,0.004452732,0.011668017,0.016120749,FALSE,TRUE,1,aaee871cf6b933940232689b95a5fea4cdbad2eb,TRUE,8f19dbff4135e6cff9e4b147ebe8462603d5fe03,08ed5ea76ef3bcb2228f4669162b3aa8c234de6a4dd75c3155a603919bc0167a,bd973250f588bcb893f3b12b622d3d5c9ee8e3c7aa67a862d71c77045cb612db,CaDiCaL 1.9.5,0,3600,descending-linear,1,/home/homulily/code/cadical-1.9.5/build/cadical --seed=0 '<temporary-cnf>',Python 3.14.4; networkx 3.6.1; numpy 2.5.0,DESKTOP-RJQ30EQ,Linux-6.8.0-51-generic-x86_64-with-glibc2.39,2026-08-23T20:06:07.886776+07:00
GEOM20.col,POPH-S-B,20,20,25,21,21,OPTIMAL,21,1000,2480,6,6,0.007979123,0.011544704,0.019523827,FALSE,TRUE,1,aaee871cf6b933940232689b95a5fea4cdbad2eb,TRUE,8f19dbff4135e6cff9e4b147ebe8462603d5fe03,08ed5ea76ef3bcb2228f4669162b3aa8c234de6a4dd75c3155a603919bc0167a,bd973250f588bcb893f3b12b622d3d5c9ee8e3c7aa67a862d71c77045cb612db,CaDiCaL 1.9.5,0,3600,descending-linear,1,/home/homulily/code/cadical-1.9.5/build/cadical --seed=0 '<temporary-cnf>',Python 3.14.4; networkx 3.6.1; numpy 2.5.0,DESKTOP-RJQ30EQ,Linux-6.8.0-51-generic-x86_64-with-glibc2.39,2026-08-23T20:06:07.908213+07:00
GEOM20a.col,POP-S-B,20,37,25,20,20,OPTIMAL,20,500,1425,7,7,0.00622248,0.01208312,0.0183056,FALSE,TRUE,1,aaee871cf6b933940232689b95a5fea4cdbad2eb,TRUE,8f19dbff4135e6cff9e4b147ebe8462603d5fe03,5fe086947cbc99c9630087a727d0c9fe00065a9c4f6d6ebea7115ab4a8c161fb,bd973250f588bcb893f3b12b622d3d5c9ee8e3c7aa67a862d71c77045cb612db,CaDiCaL 1.9.5,0,3600,descending-linear,1,/home/homulily/code/cadical-1.9.5/build/cadical --seed=0 '<temporary-cnf>',Python 3.14.4; networkx 3.6.1; numpy 2.5.0,DESKTOP-RJQ30EQ,Linux-6.8.0-51-generic-x86_64-with-glibc2.39,2026-08-23T20:06:07.928671+07:00
GEOM20a.col,POPH-S-B,20,37,25,20,20,OPTIMAL,20,1000,2905,7,7,0.0104568,0.013389161,0.023845961,FALSE,TRUE,1,aaee871cf6b933940232689b95a5fea4cdbad2eb,TRUE,8f19dbff4135e6cff9e4b147ebe8462603d5fe03,5fe086947cbc99c9630087a727d0c9fe00065a9c4f6d6ebea7115ab4a8c161fb,bd973250f588bcb893f3b12b622d3d5c9ee8e3c7aa67a862d71c77045cb612db,CaDiCaL 1.9.5,0,3600,descending-linear,1,/home/homulily/code/cadical-1.9.5/build/cadical --seed=0 '<temporary-cnf>',Python 3.14.4; networkx 3.6.1; numpy 2.5.0,DESKTOP-RJQ30EQ,Linux-6.8.0-51-generic-x86_64-with-glibc2.39,2026-08-23T20:06:07.954545+07:00
GEOM20b.col,POP-S-B,20,32,17,13,13,OPTIMAL,13,340,884,6,6,0.003343011,0.008684999,0.01202801,FALSE,TRUE,1,aaee871cf6b933940232689b95a5fea4cdbad2eb,TRUE,8f19dbff4135e6cff9e4b147ebe8462603d5fe03,6be144806384554ada26f70be526ed0d42afb61a447cd96f826be5dbcf60288a,bd973250f588bcb893f3b12b622d3d5c9ee8e3c7aa67a862d71c77045cb612db,CaDiCaL 1.9.5,0,3600,descending-linear,1,/home/homulily/code/cadical-1.9.5/build/cadical --seed=0 '<temporary-cnf>',Python 3.14.4; networkx 3.6.1; numpy 2.5.0,DESKTOP-RJQ30EQ,Linux-6.8.0-51-generic-x86_64-with-glibc2.39,2026-08-23T20:06:07.968199+07:00
GEOM20b.col,POPH-S-B,20,32,17,13,13,OPTIMAL,13,680,1884,6,6,0.005581914,0.010198866,0.01578078,FALSE,TRUE,1,aaee871cf6b933940232689b95a5fea4cdbad2eb,TRUE,8f19dbff4135e6cff9e4b147ebe8462603d5fe03,6be144806384554ada26f70be526ed0d42afb61a447cd96f826be5dbcf60288a,bd973250f588bcb893f3b12b622d3d5c9ee8e3c7aa67a862d71c77045cb612db,CaDiCaL 1.9.5,0,3600,descending-linear,1,/home/homulily/code/cadical-1.9.5/build/cadical --seed=0 '<temporary-cnf>',Python 3.14.4; networkx 3.6.1; numpy 2.5.0,DESKTOP-RJQ30EQ,Linux-6.8.0-51-generic-x86_64-with-glibc2.39,2026-08-23T20:06:07.985645+07:00
GEOM30.col,POP-S-B,30,50,34,28,28,OPTIMAL,28,1020,2720,8,8,0.015470892,0.017008448,0.03247934,FALSE,TRUE,1,aaee871cf6b933940232689b95a5fea4cdbad2eb,TRUE,8f19dbff4135e6cff9e4b147ebe8462603d5fe03,489bd893683e4c3672aba625abb2643d68f9c2a6d3776c9b26400831c548bd51,bd973250f588bcb893f3b12b622d3d5c9ee8e3c7aa67a862d71c77045cb612db,CaDiCaL 1.9.5,0,3600,descending-linear,1,/home/homulily/code/cadical-1.9.5/build/cadical --seed=0 '<temporary-cnf>',Python 3.14.4; networkx 3.6.1; numpy 2.5.0,DESKTOP-RJQ30EQ,Linux-6.8.0-51-generic-x86_64-with-glibc2.39,2026-08-23T20:06:08.021635+07:00
GEOM30.col,POPH-S-B,30,50,34,28,28,OPTIMAL,28,2040,5750,8,8,0.023414371,0.022633158,0.046047529,FALSE,TRUE,1,aaee871cf6b933940232689b95a5fea4cdbad2eb,TRUE,8f19dbff4135e6cff9e4b147ebe8462603d5fe03,489bd893683e4c3672aba625abb2643d68f9c2a6d3776c9b26400831c548bd51,bd973250f588bcb893f3b12b622d3d5c9ee8e3c7aa67a862d71c77045cb612db,CaDiCaL 1.9.5,0,3600,descending-linear,1,/home/homulily/code/cadical-1.9.5/build/cadical --seed=0 '<temporary-cnf>',Python 3.14.4; networkx 3.6.1; numpy 2.5.0,DESKTOP-RJQ30EQ,Linux-6.8.0-51-generic-x86_64-with-glibc2.39,2026-08-23T20:06:08.071132+07:00
GEOM30a.col,POP-S-B,30,81,33,27,27,OPTIMAL,27,990,3663,8,8,0.017402491,0.018473869,0.03587636,FALSE,TRUE,1,aaee871cf6b933940232689b95a5fea4cdbad2eb,TRUE,8f19dbff4135e6cff9e4b147ebe8462603d5fe03,10bfa32a02f1c8633027611fc7eb773d3d5088d3bc49d1419471fc4ca266eca9,bd973250f588bcb893f3b12b622d3d5c9ee8e3c7aa67a862d71c77045cb612db,CaDiCaL 1.9.5,0,3600,descending-linear,1,/home/homulily/code/cadical-1.9.5/build/cadical --seed=0 '<temporary-cnf>',Python 3.14.4; networkx 3.6.1; numpy 2.5.0,DESKTOP-RJQ30EQ,Linux-6.8.0-51-generic-x86_64-with-glibc2.39,2026-08-23T20:06:08.110405+07:00
GEOM30a.col,POPH-S-B,30,81,33,27,27,OPTIMAL,27,1980,6603,8,8,0.03311784,0.022707591,0.055825431,FALSE,TRUE,1,aaee871cf6b933940232689b95a5fea4cdbad2eb,TRUE,8f19dbff4135e6cff9e4b147ebe8462603d5fe03,10bfa32a02f1c8633027611fc7eb773d3d5088d3bc49d1419471fc4ca266eca9,bd973250f588bcb893f3b12b622d3d5c9ee8e3c7aa67a862d71c77045cb612db,CaDiCaL 1.9.5,0,3600,descending-linear,1,/home/homulily/code/cadical-1.9.5/build/cadical --seed=0 '<temporary-cnf>',Python 3.14.4; networkx 3.6.1; numpy 2.5.0,DESKTOP-RJQ30EQ,Linux-6.8.0-51-generic-x86_64-with-glibc2.39,2026-08-23T20:06:08.169784+07:00
GEOM30b.col,POP-S-B,30,81,28,26,26,OPTIMAL,26,840,3108,4,4,0.008098167,0.008230872,0.016329039,FALSE,TRUE,1,aaee871cf6b933940232689b95a5fea4cdbad2eb,TRUE,8f19dbff4135e6cff9e4b147ebe8462603d5fe03,41e7babfc1e85334f1653ee7e88e11a11b0065ce2d50a72a801b4b00cfe2330a,bd973250f588bcb893f3b12b622d3d5c9ee8e3c7aa67a862d71c77045cb612db,CaDiCaL 1.9.5,0,3600,descending-linear,1,/home/homulily/code/cadical-1.9.5/build/cadical --seed=0 '<temporary-cnf>',Python 3.14.4; networkx 3.6.1; numpy 2.5.0,DESKTOP-RJQ30EQ,Linux-6.8.0-51-generic-x86_64-with-glibc2.39,2026-08-23T20:06:08.188175+07:00
GEOM30b.col,POPH-S-B,30,81,28,26,26,OPTIMAL,26,1680,5598,4,4,0.013022397,0.010801458,0.023823855,FALSE,TRUE,1,aaee871cf6b933940232689b95a5fea4cdbad2eb,TRUE,8f19dbff4135e6cff9e4b147ebe8462603d5fe03,41e7babfc1e85334f1653ee7e88e11a11b0065ce2d50a72a801b4b00cfe2330a,bd973250f588bcb893f3b12b622d3d5c9ee8e3c7aa67a862d71c77045cb612db,CaDiCaL 1.9.5,0,3600,descending-linear,1,/home/homulily/code/cadical-1.9.5/build/cadical --seed=0 '<temporary-cnf>',Python 3.14.4; networkx 3.6.1; numpy 2.5.0,DESKTOP-RJQ30EQ,Linux-6.8.0-51-generic-x86_64-with-glibc2.39,2026-08-23T20:06:08.214034+07:00
GEOM40.col,POP-S-B,40,78,34,28,28,OPTIMAL,28,1360,4012,8,8,0.020061061,0.019637095,0.039698156,FALSE,TRUE,1,aaee871cf6b933940232689b95a5fea4cdbad2eb,TRUE,8f19dbff4135e6cff9e4b147ebe8462603d5fe03,4968db2efd363df2b56fdfbab3c914f8100884884a68f0b07cbbc4e20aa1f192,bd973250f588bcb893f3b12b622d3d5c9ee8e3c7aa67a862d71c77045cb612db,CaDiCaL 1.9.5,0,3600,descending-linear,1,/home/homulily/code/cadical-1.9.5/build/cadical --seed=0 '<temporary-cnf>',Python 3.14.4; networkx 3.6.1; numpy 2.5.0,DESKTOP-RJQ30EQ,Linux-6.8.0-51-generic-x86_64-with-glibc2.39,2026-08-23T20:06:08.257773+07:00
GEOM40.col,POPH-S-B,40,78,34,28,28,OPTIMAL,28,2720,8052,8,8,0.039075533,0.025904569,0.064980102,FALSE,TRUE,1,aaee871cf6b933940232689b95a5fea4cdbad2eb,TRUE,8f19dbff4135e6cff9e4b147ebe8462603d5fe03,4968db2efd363df2b56fdfbab3c914f8100884884a68f0b07cbbc4e20aa1f192,bd973250f588bcb893f3b12b622d3d5c9ee8e3c7aa67a862d71c77045cb612db,CaDiCaL 1.9.5,0,3600,descending-linear,1,/home/homulily/code/cadical-1.9.5/build/cadical --seed=0 '<temporary-cnf>',Python 3.14.4; networkx 3.6.1; numpy 2.5.0,DESKTOP-RJQ30EQ,Linux-6.8.0-51-generic-x86_64-with-glibc2.39,2026-08-23T20:06:08.327180+07:00
GEOM40a.col,POP-S-B,40,146,51,37,37,OPTIMAL,37,2040,9486,16,16,0.091620069,0.075173083,0.166793152,FALSE,TRUE,1,aaee871cf6b933940232689b95a5fea4cdbad2eb,TRUE,8f19dbff4135e6cff9e4b147ebe8462603d5fe03,0bd50dc07b7e234154a3f92e5d2cf1ac6ad83c47badf984a837587fe7c35ca6b,bd973250f588bcb893f3b12b622d3d5c9ee8e3c7aa67a862d71c77045cb612db,CaDiCaL 1.9.5,0,3600,descending-linear,1,/home/homulily/code/cadical-1.9.5/build/cadical --seed=0 '<temporary-cnf>',Python 3.14.4; networkx 3.6.1; numpy 2.5.0,DESKTOP-RJQ30EQ,Linux-6.8.0-51-generic-x86_64-with-glibc2.39,2026-08-23T20:06:08.503191+07:00
GEOM40a.col,POPH-S-B,40,146,51,37,37,OPTIMAL,37,4080,15566,16,16,0.14020208,0.097733821,0.237935901,FALSE,TRUE,1,aaee871cf6b933940232689b95a5fea4cdbad2eb,TRUE,8f19dbff4135e6cff9e4b147ebe8462603d5fe03,0bd50dc07b7e234154a3f92e5d2cf1ac6ad83c47badf984a837587fe7c35ca6b,bd973250f588bcb893f3b12b622d3d5c9ee8e3c7aa67a862d71c77045cb612db,CaDiCaL 1.9.5,0,3600,descending-linear,1,/home/homulily/code/cadical-1.9.5/build/cadical --seed=0 '<temporary-cnf>',Python 3.14.4; networkx 3.6.1; numpy 2.5.0,DESKTOP-RJQ30EQ,Linux-6.8.0-51-generic-x86_64-with-glibc2.39,2026-08-23T20:06:08.752081+07:00
GEOM40b.col,POP-S-B,40,157,41,33,33,OPTIMAL,33,1640,8077,10,10,0.053389563,0.039958947,0.09334851,FALSE,TRUE,1,aaee871cf6b933940232689b95a5fea4cdbad2eb,TRUE,8f19dbff4135e6cff9e4b147ebe8462603d5fe03,1ccb98f8f5e910eb9d4064ba5b23dff42c9067ecd2d40d0879250dbd16181ddf,bd973250f588bcb893f3b12b622d3d5c9ee8e3c7aa67a862d71c77045cb612db,CaDiCaL 1.9.5,0,3600,descending-linear,1,/home/homulily/code/cadical-1.9.5/build/cadical --seed=0 '<temporary-cnf>',Python 3.14.4; networkx 3.6.1; numpy 2.5.0,DESKTOP-RJQ30EQ,Linux-6.8.0-51-generic-x86_64-with-glibc2.39,2026-08-23T20:06:08.852454+07:00
GEOM40b.col,POPH-S-B,40,157,41,33,33,OPTIMAL,33,3280,12957,10,10,0.074717338,0.04860567,0.123323008,FALSE,TRUE,1,aaee871cf6b933940232689b95a5fea4cdbad2eb,TRUE,8f19dbff4135e6cff9e4b147ebe8462603d5fe03,1ccb98f8f5e910eb9d4064ba5b23dff42c9067ecd2d40d0879250dbd16181ddf,bd973250f588bcb893f3b12b622d3d5c9ee8e3c7aa67a862d71c77045cb612db,CaDiCaL 1.9.5,0,3600,descending-linear,1,/home/homulily/code/cadical-1.9.5/build/cadical --seed=0 '<temporary-cnf>',Python 3.14.4; networkx 3.6.1; numpy 2.5.0,DESKTOP-RJQ30EQ,Linux-6.8.0-51-generic-x86_64-with-glibc2.39,2026-08-23T20:06:08.981821+07:00
GEOM50.col,POP-S-B,50,127,37,28,28,OPTIMAL,28,1850,6549,11,11,0.046404449,0.032628589,0.079033038,FALSE,TRUE,1,aaee871cf6b933940232689b95a5fea4cdbad2eb,TRUE,8f19dbff4135e6cff9e4b147ebe8462603d5fe03,c584455fa3b51a54152148534733fdf90022ccefd515c1770417925f43ef5434,bd973250f588bcb893f3b12b622d3d5c9ee8e3c7aa67a862d71c77045cb612db,CaDiCaL 1.9.5,0,3600,descending-linear,1,/home/homulily/code/cadical-1.9.5/build/cadical --seed=0 '<temporary-cnf>',Python 3.14.4; networkx 3.6.1; numpy 2.5.0,DESKTOP-RJQ30EQ,Linux-6.8.0-51-generic-x86_64-with-glibc2.39,2026-08-23T20:06:09.067700+07:00
GEOM50.col,POPH-S-B,50,127,37,28,28,OPTIMAL,28,3700,12049,11,11,0.072916113,0.042141915,0.115058028,FALSE,TRUE,1,aaee871cf6b933940232689b95a5fea4cdbad2eb,TRUE,8f19dbff4135e6cff9e4b147ebe8462603d5fe03,c584455fa3b51a54152148534733fdf90022ccefd515c1770417925f43ef5434,bd973250f588bcb893f3b12b622d3d5c9ee8e3c7aa67a862d71c77045cb612db,CaDiCaL 1.9.5,0,3600,descending-linear,1,/home/homulily/code/cadical-1.9.5/build/cadical --seed=0 '<temporary-cnf>',Python 3.14.4; networkx 3.6.1; numpy 2.5.0,DESKTOP-RJQ30EQ,Linux-6.8.0-51-generic-x86_64-with-glibc2.39,2026-08-23T20:06:09.190457+07:00
GEOM50a.col,POP-S-B,50,238,62,50,50,OPTIMAL,50,3100,17856,14,14,0.162777795,0.350415239,0.513193034,FALSE,TRUE,1,aaee871cf6b933940232689b95a5fea4cdbad2eb,TRUE,8f19dbff4135e6cff9e4b147ebe8462603d5fe03,09a35a2b65ed3e0dcd221ac73c5adb47901d19e134e9d9ce99d087c064f5b13b,bd973250f588bcb893f3b12b622d3d5c9ee8e3c7aa67a862d71c77045cb612db,CaDiCaL 1.9.5,0,3600,descending-linear,1,/home/homulily/code/cadical-1.9.5/build/cadical --seed=0 '<temporary-cnf>',Python 3.14.4; networkx 3.6.1; numpy 2.5.0,DESKTOP-RJQ30EQ,Linux-6.8.0-51-generic-x86_64-with-glibc2.39,2026-08-23T20:06:09.716682+07:00
GEOM50a.col,POPH-S-B,50,238,62,50,50,OPTIMAL,50,6200,27106,14,14,0.22749189,0.31959361,0.5470855,FALSE,TRUE,1,aaee871cf6b933940232689b95a5fea4cdbad2eb,TRUE,8f19dbff4135e6cff9e4b147ebe8462603d5fe03,09a35a2b65ed3e0dcd221ac73c5adb47901d19e134e9d9ce99d087c064f5b13b,bd973250f588bcb893f3b12b622d3d5c9ee8e3c7aa67a862d71c77045cb612db,CaDiCaL 1.9.5,0,3600,descending-linear,1,/home/homulily/code/cadical-1.9.5/build/cadical --seed=0 '<temporary-cnf>',Python 3.14.4; networkx 3.6.1; numpy 2.5.0,DESKTOP-RJQ30EQ,Linux-6.8.0-51-generic-x86_64-with-glibc2.39,2026-08-23T20:06:10.278849+07:00
GEOM50b.col,POP-S-B,50,249,55,35,35,OPTIMAL,35,2750,16445,22,22,0.217154944,0.153208129,0.370363073,FALSE,TRUE,1,aaee871cf6b933940232689b95a5fea4cdbad2eb,TRUE,8f19dbff4135e6cff9e4b147ebe8462603d5fe03,7b21131c086e1fd406658aed26e1d79b31aa8f81bf25493c8658813e81076dca,bd973250f588bcb893f3b12b622d3d5c9ee8e3c7aa67a862d71c77045cb612db,CaDiCaL 1.9.5,0,3600,descending-linear,1,/home/homulily/code/cadical-1.9.5/build/cadical --seed=0 '<temporary-cnf>',Python 3.14.4; networkx 3.6.1; numpy 2.5.0,DESKTOP-RJQ30EQ,Linux-6.8.0-51-generic-x86_64-with-glibc2.39,2026-08-23T20:06:10.665190+07:00
GEOM50b.col,POPH-S-B,50,249,55,35,35,OPTIMAL,35,5500,24645,22,22,0.285197291,0.249389128,0.534586419,FALSE,TRUE,1,aaee871cf6b933940232689b95a5fea4cdbad2eb,TRUE,8f19dbff4135e6cff9e4b147ebe8462603d5fe03,7b21131c086e1fd406658aed26e1d79b31aa8f81bf25493c8658813e81076dca,bd973250f588bcb893f3b12b622d3d5c9ee8e3c7aa67a862d71c77045cb612db,CaDiCaL 1.9.5,0,3600,descending-linear,1,/home/homulily/code/cadical-1.9.5/build/cadical --seed=0 '<temporary-cnf>',Python 3.14.4; networkx 3.6.1; numpy 2.5.0,DESKTOP-RJQ30EQ,Linux-6.8.0-51-generic-x86_64-with-glibc2.39,2026-08-23T20:06:11.223037+07:00
GEOM60.col,POP-S-B,60,185,37,33,33,OPTIMAL,33,2220,9065,6,6,0.03498932,0.024234636,0.059223956,FALSE,TRUE,1,aaee871cf6b933940232689b95a5fea4cdbad2eb,TRUE,8f19dbff4135e6cff9e4b147ebe8462603d5fe03,9575aa95916bb0ddb24ac95ceb686ad79834715a8c3c97743905c76227ffa048,bd973250f588bcb893f3b12b622d3d5c9ee8e3c7aa67a862d71c77045cb612db,CaDiCaL 1.9.5,0,3600,descending-linear,1,/home/homulily/code/cadical-1.9.5/build/cadical --seed=0 '<temporary-cnf>',Python 3.14.4; networkx 3.6.1; numpy 2.5.0,DESKTOP-RJQ30EQ,Linux-6.8.0-51-generic-x86_64-with-glibc2.39,2026-08-23T20:06:11.287282+07:00
GEOM60.col,POPH-S-B,60,185,37,33,33,OPTIMAL,33,4440,15665,6,6,0.0625624,0.030846107,0.093408507,FALSE,TRUE,1,aaee871cf6b933940232689b95a5fea4cdbad2eb,TRUE,8f19dbff4135e6cff9e4b147ebe8462603d5fe03,9575aa95916bb0ddb24ac95ceb686ad79834715a8c3c97743905c76227ffa048,bd973250f588bcb893f3b12b622d3d5c9ee8e3c7aa67a862d71c77045cb612db,CaDiCaL 1.9.5,0,3600,descending-linear,1,/home/homulily/code/cadical-1.9.5/build/cadical --seed=0 '<temporary-cnf>',Python 3.14.4; networkx 3.6.1; numpy 2.5.0,DESKTOP-RJQ30EQ,Linux-6.8.0-51-generic-x86_64-with-glibc2.39,2026-08-23T20:06:11.385576+07:00
GEOM60a.col,POP-S-B,60,339,62,50,50,OPTIMAL,50,3720,24738,14,14,0.225377593,0.39691895,0.622296543,FALSE,TRUE,1,aaee871cf6b933940232689b95a5fea4cdbad2eb,TRUE,8f19dbff4135e6cff9e4b147ebe8462603d5fe03,c6266e394b59107ef80c14a3ed0d8dd4ae62c646238c8358f8080547a85fd68c,bd973250f588bcb893f3b12b622d3d5c9ee8e3c7aa67a862d71c77045cb612db,CaDiCaL 1.9.5,0,3600,descending-linear,1,/home/homulily/code/cadical-1.9.5/build/cadical --seed=0 '<temporary-cnf>',Python 3.14.4; networkx 3.6.1; numpy 2.5.0,DESKTOP-RJQ30EQ,Linux-6.8.0-51-generic-x86_64-with-glibc2.39,2026-08-23T20:06:12.023302+07:00
GEOM60a.col,POPH-S-B,60,339,62,50,50,OPTIMAL,50,7440,35838,14,14,0.303101495,0.419967656,0.723069151,FALSE,TRUE,1,aaee871cf6b933940232689b95a5fea4cdbad2eb,TRUE,8f19dbff4135e6cff9e4b147ebe8462603d5fe03,c6266e394b59107ef80c14a3ed0d8dd4ae62c646238c8358f8080547a85fd68c,bd973250f588bcb893f3b12b622d3d5c9ee8e3c7aa67a862d71c77045cb612db,CaDiCaL 1.9.5,0,3600,descending-linear,1,/home/homulily/code/cadical-1.9.5/build/cadical --seed=0 '<temporary-cnf>',Python 3.14.4; networkx 3.6.1; numpy 2.5.0,DESKTOP-RJQ30EQ,Linux-6.8.0-51-generic-x86_64-with-glibc2.39,2026-08-23T20:06:12.764206+07:00
GEOM60b.col,POP-S-B,60,366,64,41,41,OPTIMAL,41,3840,27264,25,25,0.407201798,0.648973619,1.056175417,FALSE,TRUE,1,aaee871cf6b933940232689b95a5fea4cdbad2eb,TRUE,8f19dbff4135e6cff9e4b147ebe8462603d5fe03,8305498f1acbb0e13fc3e5b6756eebb72600bd69b237f5d836248a8d8e040f76,bd973250f588bcb893f3b12b622d3d5c9ee8e3c7aa67a862d71c77045cb612db,CaDiCaL 1.9.5,0,3600,descending-linear,1,/home/homulily/code/cadical-1.9.5/build/cadical --seed=0 '<temporary-cnf>',Python 3.14.4; networkx 3.6.1; numpy 2.5.0,DESKTOP-RJQ30EQ,Linux-6.8.0-51-generic-x86_64-with-glibc2.39,2026-08-23T20:06:13.846491+07:00
GEOM60b.col,POPH-S-B,60,366,64,41,41,OPTIMAL,41,7680,38724,25,25,0.51984585,0.985581584,1.505427434,FALSE,TRUE,1,aaee871cf6b933940232689b95a5fea4cdbad2eb,TRUE,8f19dbff4135e6cff9e4b147ebe8462603d5fe03,8305498f1acbb0e13fc3e5b6756eebb72600bd69b237f5d836248a8d8e040f76,bd973250f588bcb893f3b12b622d3d5c9ee8e3c7aa67a862d71c77045cb612db,CaDiCaL 1.9.5,0,3600,descending-linear,1,/home/homulily/code/cadical-1.9.5/build/cadical --seed=0 '<temporary-cnf>',Python 3.14.4; networkx 3.6.1; numpy 2.5.0,DESKTOP-RJQ30EQ,Linux-6.8.0-51-generic-x86_64-with-glibc2.39,2026-08-23T20:06:15.382522+07:00
GEOM70.col,POP-S-B,70,267,45,38,38,OPTIMAL,38,3150,15165,9,9,0.096551503,0.057285619,0.153837122,FALSE,TRUE,1,aaee871cf6b933940232689b95a5fea4cdbad2eb,TRUE,8f19dbff4135e6cff9e4b147ebe8462603d5fe03,6709158dd6a0c24605665511d543798f2cda198fb9b943c841d842af483b8b5f,bd973250f588bcb893f3b12b622d3d5c9ee8e3c7aa67a862d71c77045cb612db,CaDiCaL 1.9.5,0,3600,descending-linear,1,/home/homulily/code/cadical-1.9.5/build/cadical --seed=0 '<temporary-cnf>',Python 3.14.4; networkx 3.6.1; numpy 2.5.0,DESKTOP-RJQ30EQ,Linux-6.8.0-51-generic-x86_64-with-glibc2.39,2026-08-23T20:06:15.545519+07:00
GEOM70.col,POPH-S-B,70,267,45,38,38,OPTIMAL,38,6300,24545,9,9,0.130473408,0.075791558,0.206264966,FALSE,TRUE,1,aaee871cf6b933940232689b95a5fea4cdbad2eb,TRUE,8f19dbff4135e6cff9e4b147ebe8462603d5fe03,6709158dd6a0c24605665511d543798f2cda198fb9b943c841d842af483b8b5f,bd973250f588bcb893f3b12b622d3d5c9ee8e3c7aa67a862d71c77045cb612db,CaDiCaL 1.9.5,0,3600,descending-linear,1,/home/homulily/code/cadical-1.9.5/build/cadical --seed=0 '<temporary-cnf>',Python 3.14.4; networkx 3.6.1; numpy 2.5.0,DESKTOP-RJQ30EQ,Linux-6.8.0-51-generic-x86_64-with-glibc2.39,2026-08-23T20:06:15.761657+07:00
GEOM70a.col,POP-S-B,70,459,73,61,61,OPTIMAL,61,5110,38617,14,14,0.379183407,2.460245417,2.839428824,FALSE,TRUE,1,aaee871cf6b933940232689b95a5fea4cdbad2eb,TRUE,8f19dbff4135e6cff9e4b147ebe8462603d5fe03,e256a1a0b8f2637a931d35ffacdb28b715bcafa769a4bbedc21eb991683d0a40,bd973250f588bcb893f3b12b622d3d5c9ee8e3c7aa67a862d71c77045cb612db,CaDiCaL 1.9.5,0,3600,descending-linear,1,/home/homulily/code/cadical-1.9.5/build/cadical --seed=0 '<temporary-cnf>',Python 3.14.4; networkx 3.6.1; numpy 2.5.0,DESKTOP-RJQ30EQ,Linux-6.8.0-51-generic-x86_64-with-glibc2.39,2026-08-23T20:06:18.623213+07:00
GEOM70a.col,POPH-S-B,70,459,73,61,61,OPTIMAL,61,10220,53877,14,14,0.455564189,2.416981606,2.872545795,FALSE,TRUE,1,aaee871cf6b933940232689b95a5fea4cdbad2eb,TRUE,8f19dbff4135e6cff9e4b147ebe8462603d5fe03,e256a1a0b8f2637a931d35ffacdb28b715bcafa769a4bbedc21eb991683d0a40,bd973250f588bcb893f3b12b622d3d5c9ee8e3c7aa67a862d71c77045cb612db,CaDiCaL 1.9.5,0,3600,descending-linear,1,/home/homulily/code/cadical-1.9.5/build/cadical --seed=0 '<temporary-cnf>',Python 3.14.4; networkx 3.6.1; numpy 2.5.0,DESKTOP-RJQ30EQ,Linux-6.8.0-51-generic-x86_64-with-glibc2.39,2026-08-23T20:06:21.519691+07:00
GEOM70b.col,POP-S-B,70,488,77,47,47,OPTIMAL,47,5390,42966,32,32,0.832954026,1.877500908,2.710454934,FALSE,TRUE,1,aaee871cf6b933940232689b95a5fea4cdbad2eb,TRUE,8f19dbff4135e6cff9e4b147ebe8462603d5fe03,50b43cacfa298b2c9f4c05ca437a5559b357c8348aa59226bf3c2fd9b98b03b8,bd973250f588bcb893f3b12b622d3d5c9ee8e3c7aa67a862d71c77045cb612db,CaDiCaL 1.9.5,0,3600,descending-linear,1,/home/homulily/code/cadical-1.9.5/build/cadical --seed=0 '<temporary-cnf>',Python 3.14.4; networkx 3.6.1; numpy 2.5.0,DESKTOP-RJQ30EQ,Linux-6.8.0-51-generic-x86_64-with-glibc2.39,2026-08-23T20:06:24.274961+07:00
GEOM70b.col,POPH-S-B,70,488,77,47,47,OPTIMAL,47,10780,59066,32,32,1.015413598,1.89421791,2.909631508,FALSE,TRUE,1,aaee871cf6b933940232689b95a5fea4cdbad2eb,TRUE,8f19dbff4135e6cff9e4b147ebe8462603d5fe03,50b43cacfa298b2c9f4c05ca437a5559b357c8348aa59226bf3c2fd9b98b03b8,bd973250f588bcb893f3b12b622d3d5c9ee8e3c7aa67a862d71c77045cb612db,CaDiCaL 1.9.5,0,3600,descending-linear,1,/home/homulily/code/cadical-1.9.5/build/cadical --seed=0 '<temporary-cnf>',Python 3.14.4; networkx 3.6.1; numpy 2.5.0,DESKTOP-RJQ30EQ,Linux-6.8.0-51-generic-x86_64-with-glibc2.39,2026-08-23T20:06:27.237068+07:00
GEOM80.col,POP-S-B,80,349,55,41,41,OPTIMAL,41,4400,23595,16,16,0.24470385,0.124409733,0.369113583,FALSE,TRUE,1,aaee871cf6b933940232689b95a5fea4cdbad2eb,TRUE,8f19dbff4135e6cff9e4b147ebe8462603d5fe03,46454b38ff8d83fe0020c6f3e5408c0ca37e868bc79f74749c4a8e555730df9c,bd973250f588bcb893f3b12b622d3d5c9ee8e3c7aa67a862d71c77045cb612db,CaDiCaL 1.9.5,0,3600,descending-linear,1,/home/homulily/code/cadical-1.9.5/build/cadical --seed=0 '<temporary-cnf>',Python 3.14.4; networkx 3.6.1; numpy 2.5.0,DESKTOP-RJQ30EQ,Linux-6.8.0-51-generic-x86_64-with-glibc2.39,2026-08-23T20:06:27.630353+07:00
GEOM80.col,POPH-S-B,80,349,55,41,41,OPTIMAL,41,8800,36715,16,16,0.33216908,0.179325631,0.511494711,FALSE,TRUE,1,aaee871cf6b933940232689b95a5fea4cdbad2eb,TRUE,8f19dbff4135e6cff9e4b147ebe8462603d5fe03,46454b38ff8d83fe0020c6f3e5408c0ca37e868bc79f74749c4a8e555730df9c,bd973250f588bcb893f3b12b622d3d5c9ee8e3c7aa67a862d71c77045cb612db,CaDiCaL 1.9.5,0,3600,descending-linear,1,/home/homulily/code/cadical-1.9.5/build/cadical --seed=0 '<temporary-cnf>',Python 3.14.4; networkx 3.6.1; numpy 2.5.0,DESKTOP-RJQ30EQ,Linux-6.8.0-51-generic-x86_64-with-glibc2.39,2026-08-23T20:06:28.166099+07:00
GEOM80a.col,POP-S-B,80,612,80,63,63,OPTIMAL,63,6400,55360,19,19,0.700689484,4.477993557,5.178683041,FALSE,TRUE,1,aaee871cf6b933940232689b95a5fea4cdbad2eb,TRUE,8f19dbff4135e6cff9e4b147ebe8462603d5fe03,f8cd1c510008df8e302411facc59a809be027620b27f632f811c1c94c76d78c9,bd973250f588bcb893f3b12b622d3d5c9ee8e3c7aa67a862d71c77045cb612db,CaDiCaL 1.9.5,0,3600,descending-linear,1,/home/homulily/code/cadical-1.9.5/build/cadical --seed=0 '<temporary-cnf>',Python 3.14.4; networkx 3.6.1; numpy 2.5.0,DESKTOP-RJQ30EQ,Linux-6.8.0-51-generic-x86_64-with-glibc2.39,2026-08-23T20:06:33.381054+07:00
GEOM80a.col,POPH-S-B,80,612,80,63,63,OPTIMAL,63,12800,74480,19,19,0.859625799,5.169425558,6.029051357,FALSE,TRUE,1,aaee871cf6b933940232689b95a5fea4cdbad2eb,TRUE,8f19dbff4135e6cff9e4b147ebe8462603d5fe03,f8cd1c510008df8e302411facc59a809be027620b27f632f811c1c94c76d78c9,bd973250f588bcb893f3b12b622d3d5c9ee8e3c7aa67a862d71c77045cb612db,CaDiCaL 1.9.5,0,3600,descending-linear,1,/home/homulily/code/cadical-1.9.5/build/cadical --seed=0 '<temporary-cnf>',Python 3.14.4; networkx 3.6.1; numpy 2.5.0,DESKTOP-RJQ30EQ,Linux-6.8.0-51-generic-x86_64-with-glibc2.39,2026-08-23T20:06:39.450511+07:00
GEOM80b.col,POP-S-B,80,663,99,60,60,OPTIMAL,60,7920,73557,41,41,1.806398222,4.023238794,5.829637016,FALSE,TRUE,1,aaee871cf6b933940232689b95a5fea4cdbad2eb,TRUE,8f19dbff4135e6cff9e4b147ebe8462603d5fe03,a8dcc40cfc8d87903196406f815c4d512a7c68e3e966538768a0601bfac7d301,bd973250f588bcb893f3b12b622d3d5c9ee8e3c7aa67a862d71c77045cb612db,CaDiCaL 1.9.5,0,3600,descending-linear,1,/home/homulily/code/cadical-1.9.5/build/cadical --seed=0 '<temporary-cnf>',Python 3.14.4; networkx 3.6.1; numpy 2.5.0,DESKTOP-RJQ30EQ,Linux-6.8.0-51-generic-x86_64-with-glibc2.39,2026-08-23T20:06:45.364778+07:00
GEOM80b.col,POPH-S-B,80,663,99,60,60,OPTIMAL,60,15840,97237,41,41,2.181217085,5.822287633,8.003504718,FALSE,TRUE,1,aaee871cf6b933940232689b95a5fea4cdbad2eb,TRUE,8f19dbff4135e6cff9e4b147ebe8462603d5fe03,a8dcc40cfc8d87903196406f815c4d512a7c68e3e966538768a0601bfac7d301,bd973250f588bcb893f3b12b622d3d5c9ee8e3c7aa67a862d71c77045cb612db,CaDiCaL 1.9.5,0,3600,descending-linear,1,/home/homulily/code/cadical-1.9.5/build/cadical --seed=0 '<temporary-cnf>',Python 3.14.4; networkx 3.6.1; numpy 2.5.0,DESKTOP-RJQ30EQ,Linux-6.8.0-51-generic-x86_64-with-glibc2.39,2026-08-23T20:06:53.464071+07:00
GEOM90.col,POP-S-B,90,441,55,46,46,OPTIMAL,46,4950,29205,11,11,0.225060066,0.146101692,0.371161758,FALSE,TRUE,1,aaee871cf6b933940232689b95a5fea4cdbad2eb,TRUE,8f19dbff4135e6cff9e4b147ebe8462603d5fe03,8b99774b70737296ed7b4c8a3ad9ec1827182467166c5e7c93a1c2117473f7cf,bd973250f588bcb893f3b12b622d3d5c9ee8e3c7aa67a862d71c77045cb612db,CaDiCaL 1.9.5,0,3600,descending-linear,1,/home/homulily/code/cadical-1.9.5/build/cadical --seed=0 '<temporary-cnf>',Python 3.14.4; networkx 3.6.1; numpy 2.5.0,DESKTOP-RJQ30EQ,Linux-6.8.0-51-generic-x86_64-with-glibc2.39,2026-08-23T20:06:53.851534+07:00
GEOM90.col,POPH-S-B,90,441,55,46,46,OPTIMAL,46,9900,43965,11,11,0.286784448,0.263930866,0.550715314,FALSE,TRUE,1,aaee871cf6b933940232689b95a5fea4cdbad2eb,TRUE,8f19dbff4135e6cff9e4b147ebe8462603d5fe03,8b99774b70737296ed7b4c8a3ad9ec1827182467166c5e7c93a1c2117473f7cf,bd973250f588bcb893f3b12b622d3d5c9ee8e3c7aa67a862d71c77045cb612db,CaDiCaL 1.9.5,0,3600,descending-linear,1,/home/homulily/code/cadical-1.9.5/build/cadical --seed=0 '<temporary-cnf>',Python 3.14.4; networkx 3.6.1; numpy 2.5.0,DESKTOP-RJQ30EQ,Linux-6.8.0-51-generic-x86_64-with-glibc2.39,2026-08-23T20:06:54.422577+07:00
GEOM90a.col,POP-S-B,90,789,81,63,63,OPTIMAL,63,7290,71199,20,20,0.945831146,5.351693098,6.297524244,FALSE,TRUE,1,aaee871cf6b933940232689b95a5fea4cdbad2eb,TRUE,8f19dbff4135e6cff9e4b147ebe8462603d5fe03,254a4ba130fad8005c03d2288438d16ff5c3768cb05ebe3b37929f9f3247a1df,bd973250f588bcb893f3b12b622d3d5c9ee8e3c7aa67a862d71c77045cb612db,CaDiCaL 1.9.5,0,3600,descending-linear,1,/home/homulily/code/cadical-1.9.5/build/cadical --seed=0 '<temporary-cnf>',Python 3.14.4; networkx 3.6.1; numpy 2.5.0,DESKTOP-RJQ30EQ,Linux-6.8.0-51-generic-x86_64-with-glibc2.39,2026-08-23T20:07:00.768827+07:00
GEOM90a.col,POPH-S-B,90,789,81,63,63,OPTIMAL,63,14580,92979,20,20,1.116422462,6.767374744,7.883797206,FALSE,TRUE,1,aaee871cf6b933940232689b95a5fea4cdbad2eb,TRUE,8f19dbff4135e6cff9e4b147ebe8462603d5fe03,254a4ba130fad8005c03d2288438d16ff5c3768cb05ebe3b37929f9f3247a1df,bd973250f588bcb893f3b12b622d3d5c9ee8e3c7aa67a862d71c77045cb612db,CaDiCaL 1.9.5,0,3600,descending-linear,1,/home/homulily/code/cadical-1.9.5/build/cadical --seed=0 '<temporary-cnf>',Python 3.14.4; networkx 3.6.1; numpy 2.5.0,DESKTOP-RJQ30EQ,Linux-6.8.0-51-generic-x86_64-with-glibc2.39,2026-08-23T20:07:08.700772+07:00
GEOM90b.col,POP-S-B,90,860,110,69,69,OPTIMAL,69,9900,104500,43,43,2.820154243,22.33407652,25.15423077,FALSE,TRUE,1,aaee871cf6b933940232689b95a5fea4cdbad2eb,TRUE,8f19dbff4135e6cff9e4b147ebe8462603d5fe03,e293687b9c36702121066f37ac02cf4e8901dbaa3fd5ba7e864b0e00ba74fac3,bd973250f588bcb893f3b12b622d3d5c9ee8e3c7aa67a862d71c77045cb612db,CaDiCaL 1.9.5,0,3600,descending-linear,1,/home/homulily/code/cadical-1.9.5/build/cadical --seed=0 '<temporary-cnf>',Python 3.14.4; networkx 3.6.1; numpy 2.5.0,DESKTOP-RJQ30EQ,Linux-6.8.0-51-generic-x86_64-with-glibc2.39,2026-08-23T20:07:33.968386+07:00
GEOM90b.col,POPH-S-B,90,860,110,69,69,OPTIMAL,69,19800,134110,43,43,3.34709164,27.24381125,30.59090289,FALSE,TRUE,1,aaee871cf6b933940232689b95a5fea4cdbad2eb,TRUE,8f19dbff4135e6cff9e4b147ebe8462603d5fe03,e293687b9c36702121066f37ac02cf4e8901dbaa3fd5ba7e864b0e00ba74fac3,bd973250f588bcb893f3b12b622d3d5c9ee8e3c7aa67a862d71c77045cb612db,CaDiCaL 1.9.5,0,3600,descending-linear,1,/home/homulily/code/cadical-1.9.5/build/cadical --seed=0 '<temporary-cnf>',Python 3.14.4; networkx 3.6.1; numpy 2.5.0,DESKTOP-RJQ30EQ,Linux-6.8.0-51-generic-x86_64-with-glibc2.39,2026-08-23T20:08:04.682581+07:00
c21_1_d1.col,POP-S-B,21,102,8,7,7,OPTIMAL,7,168,984,3,3,0.002057518,0.005900425,0.007957943,FALSE,TRUE,1,aaee871cf6b933940232689b95a5fea4cdbad2eb,TRUE,8f19dbff4135e6cff9e4b147ebe8462603d5fe03,f838258c4c693e09ad2cc97943c674fc5b2ee14e0f97961fdfdeb239b8436773,bd973250f588bcb893f3b12b622d3d5c9ee8e3c7aa67a862d71c77045cb612db,CaDiCaL 1.9.5,0,3600,descending-linear,1,/home/homulily/code/cadical-1.9.5/build/cadical --seed=0 '<temporary-cnf>',Python 3.14.4; networkx 3.6.1; numpy 2.5.0,DESKTOP-RJQ30EQ,Linux-6.8.0-51-generic-x86_64-with-glibc2.39,2026-08-23T20:08:04.692498+07:00
c21_1_d1.col,POPH-S-B,21,102,8,7,7,OPTIMAL,7,336,1467,3,3,0.00257964,0.006321635,0.008901275,FALSE,TRUE,1,aaee871cf6b933940232689b95a5fea4cdbad2eb,TRUE,8f19dbff4135e6cff9e4b147ebe8462603d5fe03,f838258c4c693e09ad2cc97943c674fc5b2ee14e0f97961fdfdeb239b8436773,bd973250f588bcb893f3b12b622d3d5c9ee8e3c7aa67a862d71c77045cb612db,CaDiCaL 1.9.5,0,3600,descending-linear,1,/home/homulily/code/cadical-1.9.5/build/cadical --seed=0 '<temporary-cnf>',Python 3.14.4; networkx 3.6.1; numpy 2.5.0,DESKTOP-RJQ30EQ,Linux-6.8.0-51-generic-x86_64-with-glibc2.39,2026-08-23T20:08:04.703010+07:00
c21_1_d2.col,POP-S-B,21,102,8,7,7,OPTIMAL,7,168,984,3,3,0.001965522,0.005635305,0.007600827,FALSE,TRUE,1,aaee871cf6b933940232689b95a5fea4cdbad2eb,TRUE,8f19dbff4135e6cff9e4b147ebe8462603d5fe03,17ff4bba73f02ee89dd3d91ccbca1a01ac0062c8872237c8916bc44590d256d5,bd973250f588bcb893f3b12b622d3d5c9ee8e3c7aa67a862d71c77045cb612db,CaDiCaL 1.9.5,0,3600,descending-linear,1,/home/homulily/code/cadical-1.9.5/build/cadical --seed=0 '<temporary-cnf>',Python 3.14.4; networkx 3.6.1; numpy 2.5.0,DESKTOP-RJQ30EQ,Linux-6.8.0-51-generic-x86_64-with-glibc2.39,2026-08-23T20:08:04.712317+07:00
c21_1_d2.col,POPH-S-B,21,102,8,7,7,OPTIMAL,7,336,1467,3,3,0.002727978,0.006178516,0.008906494,FALSE,TRUE,1,aaee871cf6b933940232689b95a5fea4cdbad2eb,TRUE,8f19dbff4135e6cff9e4b147ebe8462603d5fe03,17ff4bba73f02ee89dd3d91ccbca1a01ac0062c8872237c8916bc44590d256d5,bd973250f588bcb893f3b12b622d3d5c9ee8e3c7aa67a862d71c77045cb612db,CaDiCaL 1.9.5,0,3600,descending-linear,1,/home/homulily/code/cadical-1.9.5/build/cadical --seed=0 '<temporary-cnf>',Python 3.14.4; networkx 3.6.1; numpy 2.5.0,DESKTOP-RJQ30EQ,Linux-6.8.0-51-generic-x86_64-with-glibc2.39,2026-08-23T20:08:04.722790+07:00
c21_2_d1.col,POP-S-B,21,102,12,9,9,OPTIMAL,9,252,1476,5,5,0.004621722,0.00920523,0.013826952,FALSE,TRUE,1,aaee871cf6b933940232689b95a5fea4cdbad2eb,TRUE,8f19dbff4135e6cff9e4b147ebe8462603d5fe03,bc5ff196032b38d098ccbb833a33557f397c0d16b5f8a281ddda8141f182fab6,bd973250f588bcb893f3b12b622d3d5c9ee8e3c7aa67a862d71c77045cb612db,CaDiCaL 1.9.5,0,3600,descending-linear,1,/home/homulily/code/cadical-1.9.5/build/cadical --seed=0 '<temporary-cnf>',Python 3.14.4; networkx 3.6.1; numpy 2.5.0,DESKTOP-RJQ30EQ,Linux-6.8.0-51-generic-x86_64-with-glibc2.39,2026-08-23T20:08:04.738680+07:00
c21_2_d1.col,POPH-S-B,21,102,12,9,9,OPTIMAL,9,504,2211,5,5,0.006270001,0.010835488,0.017105489,FALSE,TRUE,1,aaee871cf6b933940232689b95a5fea4cdbad2eb,TRUE,8f19dbff4135e6cff9e4b147ebe8462603d5fe03,bc5ff196032b38d098ccbb833a33557f397c0d16b5f8a281ddda8141f182fab6,bd973250f588bcb893f3b12b622d3d5c9ee8e3c7aa67a862d71c77045cb612db,CaDiCaL 1.9.5,0,3600,descending-linear,1,/home/homulily/code/cadical-1.9.5/build/cadical --seed=0 '<temporary-cnf>',Python 3.14.4; networkx 3.6.1; numpy 2.5.0,DESKTOP-RJQ30EQ,Linux-6.8.0-51-generic-x86_64-with-glibc2.39,2026-08-23T20:08:04.757924+07:00
c21_2_d2.col,POP-S-B,21,102,12,9,9,OPTIMAL,9,252,1476,5,5,0.004620053,0.009310439,0.013930492,FALSE,TRUE,1,aaee871cf6b933940232689b95a5fea4cdbad2eb,TRUE,8f19dbff4135e6cff9e4b147ebe8462603d5fe03,357f7cf6535a13a2109dbf9d363efff9cc6e0038fccf653c1dafc7e92e00fe01,bd973250f588bcb893f3b12b622d3d5c9ee8e3c7aa67a862d71c77045cb612db,CaDiCaL 1.9.5,0,3600,descending-linear,1,/home/homulily/code/cadical-1.9.5/build/cadical --seed=0 '<temporary-cnf>',Python 3.14.4; networkx 3.6.1; numpy 2.5.0,DESKTOP-RJQ30EQ,Linux-6.8.0-51-generic-x86_64-with-glibc2.39,2026-08-23T20:08:04.774067+07:00
c21_2_d2.col,POPH-S-B,21,102,12,9,9,OPTIMAL,9,504,2211,5,5,0.005762845,0.011027116,0.016789961,FALSE,TRUE,1,aaee871cf6b933940232689b95a5fea4cdbad2eb,TRUE,8f19dbff4135e6cff9e4b147ebe8462603d5fe03,357f7cf6535a13a2109dbf9d363efff9cc6e0038fccf653c1dafc7e92e00fe01,bd973250f588bcb893f3b12b622d3d5c9ee8e3c7aa67a862d71c77045cb612db,CaDiCaL 1.9.5,0,3600,descending-linear,1,/home/homulily/code/cadical-1.9.5/build/cadical --seed=0 '<temporary-cnf>',Python 3.14.4; networkx 3.6.1; numpy 2.5.0,DESKTOP-RJQ30EQ,Linux-6.8.0-51-generic-x86_64-with-glibc2.39,2026-08-23T20:08:04.792950+07:00
c21_3_d1.col,POP-S-B,21,102,8,7,7,OPTIMAL,7,168,984,3,3,0.001986736,0.005712582,0.007699318,FALSE,TRUE,1,aaee871cf6b933940232689b95a5fea4cdbad2eb,TRUE,8f19dbff4135e6cff9e4b147ebe8462603d5fe03,2765b742e9eb99580ca620c1af200f5de170405ca0f8ef34101dec9696c2f9ee,bd973250f588bcb893f3b12b622d3d5c9ee8e3c7aa67a862d71c77045cb612db,CaDiCaL 1.9.5,0,3600,descending-linear,1,/home/homulily/code/cadical-1.9.5/build/cadical --seed=0 '<temporary-cnf>',Python 3.14.4; networkx 3.6.1; numpy 2.5.0,DESKTOP-RJQ30EQ,Linux-6.8.0-51-generic-x86_64-with-glibc2.39,2026-08-23T20:08:04.802536+07:00
c21_3_d1.col,POPH-S-B,21,102,8,7,7,OPTIMAL,7,336,1467,3,3,0.003068456,0.006706447,0.009774903,FALSE,TRUE,1,aaee871cf6b933940232689b95a5fea4cdbad2eb,TRUE,8f19dbff4135e6cff9e4b147ebe8462603d5fe03,2765b742e9eb99580ca620c1af200f5de170405ca0f8ef34101dec9696c2f9ee,bd973250f588bcb893f3b12b622d3d5c9ee8e3c7aa67a862d71c77045cb612db,CaDiCaL 1.9.5,0,3600,descending-linear,1,/home/homulily/code/cadical-1.9.5/build/cadical --seed=0 '<temporary-cnf>',Python 3.14.4; networkx 3.6.1; numpy 2.5.0,DESKTOP-RJQ30EQ,Linux-6.8.0-51-generic-x86_64-with-glibc2.39,2026-08-23T20:08:04.813770+07:00
c21_3_d2.col,POP-S-B,21,102,8,7,7,OPTIMAL,7,168,984,3,3,0.002145074,0.005382289,0.007527363,FALSE,TRUE,1,aaee871cf6b933940232689b95a5fea4cdbad2eb,TRUE,8f19dbff4135e6cff9e4b147ebe8462603d5fe03,5274c4b0e9751b679b2b38ab34627c4d1eca543d53c9c4086f61ec64f8ee1c6f,bd973250f588bcb893f3b12b622d3d5c9ee8e3c7aa67a862d71c77045cb612db,CaDiCaL 1.9.5,0,3600,descending-linear,1,/home/homulily/code/cadical-1.9.5/build/cadical --seed=0 '<temporary-cnf>',Python 3.14.4; networkx 3.6.1; numpy 2.5.0,DESKTOP-RJQ30EQ,Linux-6.8.0-51-generic-x86_64-with-glibc2.39,2026-08-23T20:08:04.823052+07:00
c21_3_d2.col,POPH-S-B,21,102,8,7,7,OPTIMAL,7,336,1467,3,3,0.002841876,0.006404652,0.009246528,FALSE,TRUE,1,aaee871cf6b933940232689b95a5fea4cdbad2eb,TRUE,8f19dbff4135e6cff9e4b147ebe8462603d5fe03,5274c4b0e9751b679b2b38ab34627c4d1eca543d53c9c4086f61ec64f8ee1c6f,bd973250f588bcb893f3b12b622d3d5c9ee8e3c7aa67a862d71c77045cb612db,CaDiCaL 1.9.5,0,3600,descending-linear,1,/home/homulily/code/cadical-1.9.5/build/cadical --seed=0 '<temporary-cnf>',Python 3.14.4; networkx 3.6.1; numpy 2.5.0,DESKTOP-RJQ30EQ,Linux-6.8.0-51-generic-x86_64-with-glibc2.39,2026-08-23T20:08:04.833832+07:00
c21_4_d1.col,POP-S-B,21,102,12,9,9,OPTIMAL,9,252,1476,5,5,0.004477674,0.009111446,0.01358912,FALSE,TRUE,1,aaee871cf6b933940232689b95a5fea4cdbad2eb,TRUE,8f19dbff4135e6cff9e4b147ebe8462603d5fe03,19dd5b83496200f38741c1f02f9fc646d0eae6d2a435789be0650d1e3455d42b,bd973250f588bcb893f3b12b622d3d5c9ee8e3c7aa67a862d71c77045cb612db,CaDiCaL 1.9.5,0,3600,descending-linear,1,/home/homulily/code/cadical-1.9.5/build/cadical --seed=0 '<temporary-cnf>',Python 3.14.4; networkx 3.6.1; numpy 2.5.0,DESKTOP-RJQ30EQ,Linux-6.8.0-51-generic-x86_64-with-glibc2.39,2026-08-23T20:08:04.849489+07:00
c21_4_d1.col,POPH-S-B,21,102,12,9,9,OPTIMAL,9,504,2211,5,5,0.00591522,0.011483281,0.017398501,FALSE,TRUE,1,aaee871cf6b933940232689b95a5fea4cdbad2eb,TRUE,8f19dbff4135e6cff9e4b147ebe8462603d5fe03,19dd5b83496200f38741c1f02f9fc646d0eae6d2a435789be0650d1e3455d42b,bd973250f588bcb893f3b12b622d3d5c9ee8e3c7aa67a862d71c77045cb612db,CaDiCaL 1.9.5,0,3600,descending-linear,1,/home/homulily/code/cadical-1.9.5/build/cadical --seed=0 '<temporary-cnf>',Python 3.14.4; networkx 3.6.1; numpy 2.5.0,DESKTOP-RJQ30EQ,Linux-6.8.0-51-generic-x86_64-with-glibc2.39,2026-08-23T20:08:04.868784+07:00
c21_4_d2.col,POP-S-B,21,102,12,9,9,OPTIMAL,9,252,1476,5,5,0.004509135,0.009235594,0.013744729,FALSE,TRUE,1,aaee871cf6b933940232689b95a5fea4cdbad2eb,TRUE,8f19dbff4135e6cff9e4b147ebe8462603d5fe03,dcae409f3fa775f5d64e2a1c13109513f71b4261ac6646fa06061715bb34c40c,bd973250f588bcb893f3b12b622d3d5c9ee8e3c7aa67a862d71c77045cb612db,CaDiCaL 1.9.5,0,3600,descending-linear,1,/home/homulily/code/cadical-1.9.5/build/cadical --seed=0 '<temporary-cnf>',Python 3.14.4; networkx 3.6.1; numpy 2.5.0,DESKTOP-RJQ30EQ,Linux-6.8.0-51-generic-x86_64-with-glibc2.39,2026-08-23T20:08:04.884723+07:00
c21_4_d2.col,POPH-S-B,21,102,12,9,9,OPTIMAL,9,504,2211,5,5,0.006076226,0.011044514,0.01712074,FALSE,TRUE,1,aaee871cf6b933940232689b95a5fea4cdbad2eb,TRUE,8f19dbff4135e6cff9e4b147ebe8462603d5fe03,dcae409f3fa775f5d64e2a1c13109513f71b4261ac6646fa06061715bb34c40c,bd973250f588bcb893f3b12b622d3d5c9ee8e3c7aa67a862d71c77045cb612db,CaDiCaL 1.9.5,0,3600,descending-linear,1,/home/homulily/code/cadical-1.9.5/build/cadical --seed=0 '<temporary-cnf>',Python 3.14.4; networkx 3.6.1; numpy 2.5.0,DESKTOP-RJQ30EQ,Linux-6.8.0-51-generic-x86_64-with-glibc2.39,2026-08-23T20:08:04.903662+07:00
c21_5_d1.col,POP-S-B,21,102,8,7,7,OPTIMAL,7,168,984,3,3,0.002207624,0.005517084,0.007724708,FALSE,TRUE,1,aaee871cf6b933940232689b95a5fea4cdbad2eb,TRUE,8f19dbff4135e6cff9e4b147ebe8462603d5fe03,9b48d14af7b6c13caa07b34bb084a2f18f2bbe1f27e4357c5d1d30b214e43ba0,bd973250f588bcb893f3b12b622d3d5c9ee8e3c7aa67a862d71c77045cb612db,CaDiCaL 1.9.5,0,3600,descending-linear,1,/home/homulily/code/cadical-1.9.5/build/cadical --seed=0 '<temporary-cnf>',Python 3.14.4; networkx 3.6.1; numpy 2.5.0,DESKTOP-RJQ30EQ,Linux-6.8.0-51-generic-x86_64-with-glibc2.39,2026-08-23T20:08:04.913358+07:00
c21_5_d1.col,POPH-S-B,21,102,8,7,7,OPTIMAL,7,336,1467,3,3,0.00276011,0.006268782,0.009028892,FALSE,TRUE,1,aaee871cf6b933940232689b95a5fea4cdbad2eb,TRUE,8f19dbff4135e6cff9e4b147ebe8462603d5fe03,9b48d14af7b6c13caa07b34bb084a2f18f2bbe1f27e4357c5d1d30b214e43ba0,bd973250f588bcb893f3b12b622d3d5c9ee8e3c7aa67a862d71c77045cb612db,CaDiCaL 1.9.5,0,3600,descending-linear,1,/home/homulily/code/cadical-1.9.5/build/cadical --seed=0 '<temporary-cnf>',Python 3.14.4; networkx 3.6.1; numpy 2.5.0,DESKTOP-RJQ30EQ,Linux-6.8.0-51-generic-x86_64-with-glibc2.39,2026-08-23T20:08:04.923971+07:00
c21_5_d2.col,POP-S-B,21,102,8,7,7,OPTIMAL,7,168,984,3,3,0.002211401,0.005744888,0.007956289,FALSE,TRUE,1,aaee871cf6b933940232689b95a5fea4cdbad2eb,TRUE,8f19dbff4135e6cff9e4b147ebe8462603d5fe03,bfa272eb474be3d829f6ae72dc0b350e3cc16cae91bd5b0268f9d7d42e029bdf,bd973250f588bcb893f3b12b622d3d5c9ee8e3c7aa67a862d71c77045cb612db,CaDiCaL 1.9.5,0,3600,descending-linear,1,/home/homulily/code/cadical-1.9.5/build/cadical --seed=0 '<temporary-cnf>',Python 3.14.4; networkx 3.6.1; numpy 2.5.0,DESKTOP-RJQ30EQ,Linux-6.8.0-51-generic-x86_64-with-glibc2.39,2026-08-23T20:08:04.933952+07:00
c21_5_d2.col,POPH-S-B,21,102,8,7,7,OPTIMAL,7,336,1467,3,3,0.002696564,0.006586578,0.009283142,FALSE,TRUE,1,aaee871cf6b933940232689b95a5fea4cdbad2eb,TRUE,8f19dbff4135e6cff9e4b147ebe8462603d5fe03,bfa272eb474be3d829f6ae72dc0b350e3cc16cae91bd5b0268f9d7d42e029bdf,bd973250f588bcb893f3b12b622d3d5c9ee8e3c7aa67a862d71c77045cb612db,CaDiCaL 1.9.5,0,3600,descending-linear,1,/home/homulily/code/cadical-1.9.5/build/cadical --seed=0 '<temporary-cnf>',Python 3.14.4; networkx 3.6.1; numpy 2.5.0,DESKTOP-RJQ30EQ,Linux-6.8.0-51-generic-x86_64-with-glibc2.39,2026-08-23T20:08:04.944831+07:00
c21_6_d1.col,POP-S-B,21,102,12,9,9,OPTIMAL,9,252,1476,5,5,0.004881211,0.008997444,0.013878655,FALSE,TRUE,1,aaee871cf6b933940232689b95a5fea4cdbad2eb,TRUE,8f19dbff4135e6cff9e4b147ebe8462603d5fe03,67f709a59420aa411b280438ae2a69559cb89dbc2a475e7237b5ff6beb322fc2,bd973250f588bcb893f3b12b622d3d5c9ee8e3c7aa67a862d71c77045cb612db,CaDiCaL 1.9.5,0,3600,descending-linear,1,/home/homulily/code/cadical-1.9.5/build/cadical --seed=0 '<temporary-cnf>',Python 3.14.4; networkx 3.6.1; numpy 2.5.0,DESKTOP-RJQ30EQ,Linux-6.8.0-51-generic-x86_64-with-glibc2.39,2026-08-23T20:08:04.960928+07:00
c21_6_d1.col,POPH-S-B,21,102,12,9,9,OPTIMAL,9,504,2211,5,5,0.005670288,0.011194635,0.016864923,FALSE,TRUE,1,aaee871cf6b933940232689b95a5fea4cdbad2eb,TRUE,8f19dbff4135e6cff9e4b147ebe8462603d5fe03,67f709a59420aa411b280438ae2a69559cb89dbc2a475e7237b5ff6beb322fc2,bd973250f588bcb893f3b12b622d3d5c9ee8e3c7aa67a862d71c77045cb612db,CaDiCaL 1.9.5,0,3600,descending-linear,1,/home/homulily/code/cadical-1.9.5/build/cadical --seed=0 '<temporary-cnf>',Python 3.14.4; networkx 3.6.1; numpy 2.5.0,DESKTOP-RJQ30EQ,Linux-6.8.0-51-generic-x86_64-with-glibc2.39,2026-08-23T20:08:04.979696+07:00
c21_6_d2.col,POP-S-B,21,102,12,9,9,OPTIMAL,9,252,1476,5,5,0.004790904,0.008882712,0.013673616,FALSE,TRUE,1,aaee871cf6b933940232689b95a5fea4cdbad2eb,TRUE,8f19dbff4135e6cff9e4b147ebe8462603d5fe03,75ba8238057f4be94630617bff4cf631976862699cffdb81bcbe628b6f5af066,bd973250f588bcb893f3b12b622d3d5c9ee8e3c7aa67a862d71c77045cb612db,CaDiCaL 1.9.5,0,3600,descending-linear,1,/home/homulily/code/cadical-1.9.5/build/cadical --seed=0 '<temporary-cnf>',Python 3.14.4; networkx 3.6.1; numpy 2.5.0,DESKTOP-RJQ30EQ,Linux-6.8.0-51-generic-x86_64-with-glibc2.39,2026-08-23T20:08:04.995885+07:00
c21_6_d2.col,POPH-S-B,21,102,12,9,9,OPTIMAL,9,504,2211,5,5,0.005545196,0.010724502,0.016269698,FALSE,TRUE,1,aaee871cf6b933940232689b95a5fea4cdbad2eb,TRUE,8f19dbff4135e6cff9e4b147ebe8462603d5fe03,75ba8238057f4be94630617bff4cf631976862699cffdb81bcbe628b6f5af066,bd973250f588bcb893f3b12b622d3d5c9ee8e3c7aa67a862d71c77045cb612db,CaDiCaL 1.9.5,0,3600,descending-linear,1,/home/homulily/code/cadical-1.9.5/build/cadical --seed=0 '<temporary-cnf>',Python 3.14.4; networkx 3.6.1; numpy 2.5.0,DESKTOP-RJQ30EQ,Linux-6.8.0-51-generic-x86_64-with-glibc2.39,2026-08-23T20:08:05.014492+07:00
c21_7_d1.col,POP-S-B,21,102,8,7,7,OPTIMAL,7,168,984,3,3,0.002147167,0.005589367,0.007736534,FALSE,TRUE,1,aaee871cf6b933940232689b95a5fea4cdbad2eb,TRUE,8f19dbff4135e6cff9e4b147ebe8462603d5fe03,a5740086f18083fcf131d5f89bf75b7673b05dfb0366edb4c45fca95b2789986,bd973250f588bcb893f3b12b622d3d5c9ee8e3c7aa67a862d71c77045cb612db,CaDiCaL 1.9.5,0,3600,descending-linear,1,/home/homulily/code/cadical-1.9.5/build/cadical --seed=0 '<temporary-cnf>',Python 3.14.4; networkx 3.6.1; numpy 2.5.0,DESKTOP-RJQ30EQ,Linux-6.8.0-51-generic-x86_64-with-glibc2.39,2026-08-23T20:08:05.024211+07:00
c21_7_d1.col,POPH-S-B,21,102,8,7,7,OPTIMAL,7,336,1467,3,3,0.002789127,0.006325584,0.009114711,FALSE,TRUE,1,aaee871cf6b933940232689b95a5fea4cdbad2eb,TRUE,8f19dbff4135e6cff9e4b147ebe8462603d5fe03,a5740086f18083fcf131d5f89bf75b7673b05dfb0366edb4c45fca95b2789986,bd973250f588bcb893f3b12b622d3d5c9ee8e3c7aa67a862d71c77045cb612db,CaDiCaL 1.9.5,0,3600,descending-linear,1,/home/homulily/code/cadical-1.9.5/build/cadical --seed=0 '<temporary-cnf>',Python 3.14.4; networkx 3.6.1; numpy 2.5.0,DESKTOP-RJQ30EQ,Linux-6.8.0-51-generic-x86_64-with-glibc2.39,2026-08-23T20:08:05.035025+07:00
c21_7_d2.col,POP-S-B,21,102,8,7,7,OPTIMAL,7,168,984,3,3,0.002015367,0.005372168,0.007387535,FALSE,TRUE,1,aaee871cf6b933940232689b95a5fea4cdbad2eb,TRUE,8f19dbff4135e6cff9e4b147ebe8462603d5fe03,ac84b1b113bb6b57a70caec3bc248b94cc90c0bb1186f65645d78821eb05adbd,bd973250f588bcb893f3b12b622d3d5c9ee8e3c7aa67a862d71c77045cb612db,CaDiCaL 1.9.5,0,3600,descending-linear,1,/home/homulily/code/cadical-1.9.5/build/cadical --seed=0 '<temporary-cnf>',Python 3.14.4; networkx 3.6.1; numpy 2.5.0,DESKTOP-RJQ30EQ,Linux-6.8.0-51-generic-x86_64-with-glibc2.39,2026-08-23T20:08:05.044332+07:00
c21_7_d2.col,POPH-S-B,21,102,8,7,7,OPTIMAL,7,336,1467,3,3,0.002458291,0.006457685,0.008915976,FALSE,TRUE,1,aaee871cf6b933940232689b95a5fea4cdbad2eb,TRUE,8f19dbff4135e6cff9e4b147ebe8462603d5fe03,ac84b1b113bb6b57a70caec3bc248b94cc90c0bb1186f65645d78821eb05adbd,bd973250f588bcb893f3b12b622d3d5c9ee8e3c7aa67a862d71c77045cb612db,CaDiCaL 1.9.5,0,3600,descending-linear,1,/home/homulily/code/cadical-1.9.5/build/cadical --seed=0 '<temporary-cnf>',Python 3.14.4; networkx 3.6.1; numpy 2.5.0,DESKTOP-RJQ30EQ,Linux-6.8.0-51-generic-x86_64-with-glibc2.39,2026-08-23T20:08:05.055442+07:00
c21_8_d1.col,POP-S-B,21,102,12,9,9,OPTIMAL,9,252,1476,5,5,0.004944348,0.009025515,0.013969863,FALSE,TRUE,1,aaee871cf6b933940232689b95a5fea4cdbad2eb,TRUE,8f19dbff4135e6cff9e4b147ebe8462603d5fe03,bb8a14faad6327dbd85291090c1bdb4c5568aa8d9d5a7bd53c8654f3ab113224,bd973250f588bcb893f3b12b622d3d5c9ee8e3c7aa67a862d71c77045cb612db,CaDiCaL 1.9.5,0,3600,descending-linear,1,/home/homulily/code/cadical-1.9.5/build/cadical --seed=0 '<temporary-cnf>',Python 3.14.4; networkx 3.6.1; numpy 2.5.0,DESKTOP-RJQ30EQ,Linux-6.8.0-51-generic-x86_64-with-glibc2.39,2026-08-23T20:08:05.071815+07:00
c21_8_d1.col,POPH-S-B,21,102,12,9,9,OPTIMAL,9,504,2211,5,5,0.006143965,0.011195333,0.017339298,FALSE,TRUE,1,aaee871cf6b933940232689b95a5fea4cdbad2eb,TRUE,8f19dbff4135e6cff9e4b147ebe8462603d5fe03,bb8a14faad6327dbd85291090c1bdb4c5568aa8d9d5a7bd53c8654f3ab113224,bd973250f588bcb893f3b12b622d3d5c9ee8e3c7aa67a862d71c77045cb612db,CaDiCaL 1.9.5,0,3600,descending-linear,1,/home/homulily/code/cadical-1.9.5/build/cadical --seed=0 '<temporary-cnf>',Python 3.14.4; networkx 3.6.1; numpy 2.5.0,DESKTOP-RJQ30EQ,Linux-6.8.0-51-generic-x86_64-with-glibc2.39,2026-08-23T20:08:05.091357+07:00
c21_8_d2.col,POP-S-B,21,102,12,9,9,OPTIMAL,9,252,1476,5,5,0.004507443,0.009264655,0.013772098,FALSE,TRUE,1,aaee871cf6b933940232689b95a5fea4cdbad2eb,TRUE,8f19dbff4135e6cff9e4b147ebe8462603d5fe03,f5ba7310979dcec808371e784a264f60b7a9480e3c89e6597cce412caf40d991,bd973250f588bcb893f3b12b622d3d5c9ee8e3c7aa67a862d71c77045cb612db,CaDiCaL 1.9.5,0,3600,descending-linear,1,/home/homulily/code/cadical-1.9.5/build/cadical --seed=0 '<temporary-cnf>',Python 3.14.4; networkx 3.6.1; numpy 2.5.0,DESKTOP-RJQ30EQ,Linux-6.8.0-51-generic-x86_64-with-glibc2.39,2026-08-23T20:08:05.107624+07:00
c21_8_d2.col,POPH-S-B,21,102,12,9,9,OPTIMAL,9,504,2211,5,5,0.005962404,0.01113239,0.017094794,FALSE,TRUE,1,aaee871cf6b933940232689b95a5fea4cdbad2eb,TRUE,8f19dbff4135e6cff9e4b147ebe8462603d5fe03,f5ba7310979dcec808371e784a264f60b7a9480e3c89e6597cce412caf40d991,bd973250f588bcb893f3b12b622d3d5c9ee8e3c7aa67a862d71c77045cb612db,CaDiCaL 1.9.5,0,3600,descending-linear,1,/home/homulily/code/cadical-1.9.5/build/cadical --seed=0 '<temporary-cnf>',Python 3.14.4; networkx 3.6.1; numpy 2.5.0,DESKTOP-RJQ30EQ,Linux-6.8.0-51-generic-x86_64-with-glibc2.39,2026-08-23T20:08:05.127026+07:00
c25_1_d3.col,POP-S-B,25,134,8,8,8,OPTIMAL,8,200,1272,2,2,0.002051655,0.012462488,0.014514143,FALSE,TRUE,1,aaee871cf6b933940232689b95a5fea4cdbad2eb,TRUE,8f19dbff4135e6cff9e4b147ebe8462603d5fe03,1ea6804dc4a8d52338e7935ca90ec544a6f93a27cd092508d5f2a4a4309660a3,bd973250f588bcb893f3b12b622d3d5c9ee8e3c7aa67a862d71c77045cb612db,CaDiCaL 1.9.5,0,3600,descending-linear,1,/home/homulily/code/cadical-1.9.5/build/cadical --seed=0 '<temporary-cnf>',Python 3.14.4; networkx 3.6.1; numpy 2.5.0,DESKTOP-RJQ30EQ,Linux-6.8.0-51-generic-x86_64-with-glibc2.39,2026-08-23T20:08:05.143646+07:00
c25_1_d3.col,POPH-S-B,25,134,8,8,8,OPTIMAL,8,400,1847,2,2,0.002261705,0.015228064,0.017489769,FALSE,TRUE,1,aaee871cf6b933940232689b95a5fea4cdbad2eb,TRUE,8f19dbff4135e6cff9e4b147ebe8462603d5fe03,1ea6804dc4a8d52338e7935ca90ec544a6f93a27cd092508d5f2a4a4309660a3,bd973250f588bcb893f3b12b622d3d5c9ee8e3c7aa67a862d71c77045cb612db,CaDiCaL 1.9.5,0,3600,descending-linear,1,/home/homulily/code/cadical-1.9.5/build/cadical --seed=0 '<temporary-cnf>',Python 3.14.4; networkx 3.6.1; numpy 2.5.0,DESKTOP-RJQ30EQ,Linux-6.8.0-51-generic-x86_64-with-glibc2.39,2026-08-23T20:08:05.162995+07:00
c25_1_d4.col,POP-S-B,25,134,8,8,8,OPTIMAL,8,200,1272,2,2,0.00204335,0.012406442,0.014449792,FALSE,TRUE,1,aaee871cf6b933940232689b95a5fea4cdbad2eb,TRUE,8f19dbff4135e6cff9e4b147ebe8462603d5fe03,eff8f52de9e723400f83c97d0ec2abe45e41b6038672e20a4a4081e4715aca85,bd973250f588bcb893f3b12b622d3d5c9ee8e3c7aa67a862d71c77045cb612db,CaDiCaL 1.9.5,0,3600,descending-linear,1,/home/homulily/code/cadical-1.9.5/build/cadical --seed=0 '<temporary-cnf>',Python 3.14.4; networkx 3.6.1; numpy 2.5.0,DESKTOP-RJQ30EQ,Linux-6.8.0-51-generic-x86_64-with-glibc2.39,2026-08-23T20:08:05.179776+07:00
c25_1_d4.col,POPH-S-B,25,134,8,8,8,OPTIMAL,8,400,1847,2,2,0.002430136,0.01528476,0.017714896,FALSE,TRUE,1,aaee871cf6b933940232689b95a5fea4cdbad2eb,TRUE,8f19dbff4135e6cff9e4b147ebe8462603d5fe03,eff8f52de9e723400f83c97d0ec2abe45e41b6038672e20a4a4081e4715aca85,bd973250f588bcb893f3b12b622d3d5c9ee8e3c7aa67a862d71c77045cb612db,CaDiCaL 1.9.5,0,3600,descending-linear,1,/home/homulily/code/cadical-1.9.5/build/cadical --seed=0 '<temporary-cnf>',Python 3.14.4; networkx 3.6.1; numpy 2.5.0,DESKTOP-RJQ30EQ,Linux-6.8.0-51-generic-x86_64-with-glibc2.39,2026-08-23T20:08:05.199586+07:00
c55_1_d1.col,POP-S-B,55,362,9,7,7,OPTIMAL,7,495,3753,4,4,0.009411779,0.009678862,0.019090641,FALSE,TRUE,1,aaee871cf6b933940232689b95a5fea4cdbad2eb,TRUE,8f19dbff4135e6cff9e4b147ebe8462603d5fe03,483fac5e0df65a27f7312e2883f8f90c17f26d3a7bdd50c333212ca635e3f2e6,bd973250f588bcb893f3b12b622d3d5c9ee8e3c7aa67a862d71c77045cb612db,CaDiCaL 1.9.5,0,3600,descending-linear,1,/home/homulily/code/cadical-1.9.5/build/cadical --seed=0 '<temporary-cnf>',Python 3.14.4; networkx 3.6.1; numpy 2.5.0,DESKTOP-RJQ30EQ,Linux-6.8.0-51-generic-x86_64-with-glibc2.39,2026-08-23T20:08:05.222133+07:00
c55_1_d1.col,POPH-S-B,55,362,9,7,7,OPTIMAL,7,990,5183,4,4,0.011425513,0.011759581,0.023185094,FALSE,TRUE,1,aaee871cf6b933940232689b95a5fea4cdbad2eb,TRUE,8f19dbff4135e6cff9e4b147ebe8462603d5fe03,483fac5e0df65a27f7312e2883f8f90c17f26d3a7bdd50c333212ca635e3f2e6,bd973250f588bcb893f3b12b622d3d5c9ee8e3c7aa67a862d71c77045cb612db,CaDiCaL 1.9.5,0,3600,descending-linear,1,/home/homulily/code/cadical-1.9.5/build/cadical --seed=0 '<temporary-cnf>',Python 3.14.4; networkx 3.6.1; numpy 2.5.0,DESKTOP-RJQ30EQ,Linux-6.8.0-51-generic-x86_64-with-glibc2.39,2026-08-23T20:08:05.247630+07:00
c55_2_d2.col,POP-S-B,55,362,9,7,7,OPTIMAL,7,495,3753,4,4,0.009316137,0.009781681,0.019097818,FALSE,TRUE,1,aaee871cf6b933940232689b95a5fea4cdbad2eb,TRUE,8f19dbff4135e6cff9e4b147ebe8462603d5fe03,7b0078b893aeb838a0f5f0b3ece5f1505f2c0981a98c59561af4c69742a59ad6,bd973250f588bcb893f3b12b622d3d5c9ee8e3c7aa67a862d71c77045cb612db,CaDiCaL 1.9.5,0,3600,descending-linear,1,/home/homulily/code/cadical-1.9.5/build/cadical --seed=0 '<temporary-cnf>',Python 3.14.4; networkx 3.6.1; numpy 2.5.0,DESKTOP-RJQ30EQ,Linux-6.8.0-51-generic-x86_64-with-glibc2.39,2026-08-23T20:08:05.270156+07:00
c55_2_d2.col,POPH-S-B,55,362,9,7,7,OPTIMAL,7,990,5183,4,4,0.016475262,0.01172325,0.028198512,FALSE,TRUE,1,aaee871cf6b933940232689b95a5fea4cdbad2eb,TRUE,8f19dbff4135e6cff9e4b147ebe8462603d5fe03,7b0078b893aeb838a0f5f0b3ece5f1505f2c0981a98c59561af4c69742a59ad6,bd973250f588bcb893f3b12b622d3d5c9ee8e3c7aa67a862d71c77045cb612db,CaDiCaL 1.9.5,0,3600,descending-linear,1,/home/homulily/code/cadical-1.9.5/build/cadical --seed=0 '<temporary-cnf>',Python 3.14.4; networkx 3.6.1; numpy 2.5.0,DESKTOP-RJQ30EQ,Linux-6.8.0-51-generic-x86_64-with-glibc2.39,2026-08-23T20:08:05.301264+07:00
GEOM100.col,POP-S-B,100,547,65,50,50,OPTIMAL,50,6500,42055,17,17,0.472502285,0.562572525,1.03507481,FALSE,TRUE,2,aaee871cf6b933940232689b95a5fea4cdbad2eb,TRUE,8f19dbff4135e6cff9e4b147ebe8462603d5fe03,91be09009a797c20a68cfb43f78cb01019c2cfdb8915d86e640e95938c315b19,bd973250f588bcb893f3b12b622d3d5c9ee8e3c7aa67a862d71c77045cb612db,CaDiCaL 1.9.5,0,3600,descending-linear,1,/home/homulily/code/cadical-1.9.5/build/cadical --seed=0 '<temporary-cnf>',Python 3.14.4; networkx 3.6.1; numpy 2.5.0,DESKTOP-RJQ30EQ,Linux-6.8.0-51-generic-x86_64-with-glibc2.39,2026-08-23T20:08:06.369284+07:00
GEOM100.col,POPH-S-B,100,547,65,50,50,OPTIMAL,50,13000,61455,17,17,0.621567677,0.699712185,1.321279862,FALSE,TRUE,2,aaee871cf6b933940232689b95a5fea4cdbad2eb,TRUE,8f19dbff4135e6cff9e4b147ebe8462603d5fe03,91be09009a797c20a68cfb43f78cb01019c2cfdb8915d86e640e95938c315b19,bd973250f588bcb893f3b12b622d3d5c9ee8e3c7aa67a862d71c77045cb612db,CaDiCaL 1.9.5,0,3600,descending-linear,1,/home/homulily/code/cadical-1.9.5/build/cadical --seed=0 '<temporary-cnf>',Python 3.14.4; networkx 3.6.1; numpy 2.5.0,DESKTOP-RJQ30EQ,Linux-6.8.0-51-generic-x86_64-with-glibc2.39,2026-08-23T20:08:07.728004+07:00
GEOM100a.col,POP-S-B,100,992,92,66,66,OPTIMAL,66,9200,100464,28,28,1.885012844,227.9110991,229.796112,FALSE,TRUE,2,aaee871cf6b933940232689b95a5fea4cdbad2eb,TRUE,8f19dbff4135e6cff9e4b147ebe8462603d5fe03,630c8dde843161518427f8d7ef92d9d1373781a7e028e2918c0070a86261b0f7,bd973250f588bcb893f3b12b622d3d5c9ee8e3c7aa67a862d71c77045cb612db,CaDiCaL 1.9.5,0,3600,descending-linear,1,/home/homulily/code/cadical-1.9.5/build/cadical --seed=0 '<temporary-cnf>',Python 3.14.4; networkx 3.6.1; numpy 2.5.0,DESKTOP-RJQ30EQ,Linux-6.8.0-51-generic-x86_64-with-glibc2.39,2026-08-23T20:11:57.600080+07:00
GEOM100a.col,POPH-S-B,100,992,92,66,66,OPTIMAL,66,18400,127964,28,28,2.299593224,248.2808444,250.5804376,FALSE,TRUE,2,aaee871cf6b933940232689b95a5fea4cdbad2eb,TRUE,8f19dbff4135e6cff9e4b147ebe8462603d5fe03,630c8dde843161518427f8d7ef92d9d1373781a7e028e2918c0070a86261b0f7,bd973250f588bcb893f3b12b622d3d5c9ee8e3c7aa67a862d71c77045cb612db,CaDiCaL 1.9.5,0,3600,descending-linear,1,/home/homulily/code/cadical-1.9.5/build/cadical --seed=0 '<temporary-cnf>',Python 3.14.4; networkx 3.6.1; numpy 2.5.0,DESKTOP-RJQ30EQ,Linux-6.8.0-51-generic-x86_64-with-glibc2.39,2026-08-23T20:16:08.264842+07:00
GEOM100b.col,POP-S-B,100,1050,122,71,71,OPTIMAL,71,12200,140300,53,53,5.000881456,90.04039894,95.0412804,FALSE,TRUE,2,aaee871cf6b933940232689b95a5fea4cdbad2eb,TRUE,8f19dbff4135e6cff9e4b147ebe8462603d5fe03,14092a37b220ef17894222b959c735f68203286fc653930904fe5f13c3741ce5,bd973250f588bcb893f3b12b622d3d5c9ee8e3c7aa67a862d71c77045cb612db,CaDiCaL 1.9.5,0,3600,descending-linear,1,/home/homulily/code/cadical-1.9.5/build/cadical --seed=0 '<temporary-cnf>',Python 3.14.4; networkx 3.6.1; numpy 2.5.0,DESKTOP-RJQ30EQ,Linux-6.8.0-51-generic-x86_64-with-glibc2.39,2026-08-23T20:17:43.483562+07:00
GEOM100b.col,POPH-S-B,100,1050,122,71,71,OPTIMAL,71,24400,176800,53,53,5.577586692,65.40001085,70.97759754,FALSE,TRUE,2,aaee871cf6b933940232689b95a5fea4cdbad2eb,TRUE,8f19dbff4135e6cff9e4b147ebe8462603d5fe03,14092a37b220ef17894222b959c735f68203286fc653930904fe5f13c3741ce5,bd973250f588bcb893f3b12b622d3d5c9ee8e3c7aa67a862d71c77045cb612db,CaDiCaL 1.9.5,0,3600,descending-linear,1,/home/homulily/code/cadical-1.9.5/build/cadical --seed=0 '<temporary-cnf>',Python 3.14.4; networkx 3.6.1; numpy 2.5.0,DESKTOP-RJQ30EQ,Linux-6.8.0-51-generic-x86_64-with-glibc2.39,2026-08-23T20:18:54.647551+07:00
GEOM110.col,POP-S-B,110,638,65,50,50,OPTIMAL,50,7150,48620,17,17,0.560675154,0.658553168,1.219228322,FALSE,TRUE,2,aaee871cf6b933940232689b95a5fea4cdbad2eb,TRUE,8f19dbff4135e6cff9e4b147ebe8462603d5fe03,2c127a146238aee20765edfcc35a16dc2fd856e5577bfe6afdc859b7dcaddb49,bd973250f588bcb893f3b12b622d3d5c9ee8e3c7aa67a862d71c77045cb612db,CaDiCaL 1.9.5,0,3600,descending-linear,1,/home/homulily/code/cadical-1.9.5/build/cadical --seed=0 '<temporary-cnf>',Python 3.14.4; networkx 3.6.1; numpy 2.5.0,DESKTOP-RJQ30EQ,Linux-6.8.0-51-generic-x86_64-with-glibc2.39,2026-08-23T20:18:55.902244+07:00
GEOM110.col,POPH-S-B,110,638,65,50,50,OPTIMAL,50,14300,69960,17,17,0.715241885,0.782041248,1.497283133,FALSE,TRUE,2,aaee871cf6b933940232689b95a5fea4cdbad2eb,TRUE,8f19dbff4135e6cff9e4b147ebe8462603d5fe03,2c127a146238aee20765edfcc35a16dc2fd856e5577bfe6afdc859b7dcaddb49,bd973250f588bcb893f3b12b622d3d5c9ee8e3c7aa67a862d71c77045cb612db,CaDiCaL 1.9.5,0,3600,descending-linear,1,/home/homulily/code/cadical-1.9.5/build/cadical --seed=0 '<temporary-cnf>',Python 3.14.4; networkx 3.6.1; numpy 2.5.0,DESKTOP-RJQ30EQ,Linux-6.8.0-51-generic-x86_64-with-glibc2.39,2026-08-23T20:18:57.443520+07:00
GEOM110a.col,POP-S-B,110,1207,110,69,69,OPTIMAL,69,12100,144870,43,43,4.12648904,304.8693196,308.9958086,FALSE,TRUE,2,aaee871cf6b933940232689b95a5fea4cdbad2eb,TRUE,8f19dbff4135e6cff9e4b147ebe8462603d5fe03,9c37e408d641c20a1fc834cdfa27c50a49e532300506da93442ee8f07c8f7d3c,bd973250f588bcb893f3b12b622d3d5c9ee8e3c7aa67a862d71c77045cb612db,CaDiCaL 1.9.5,0,3600,descending-linear,1,/home/homulily/code/cadical-1.9.5/build/cadical --seed=0 '<temporary-cnf>',Python 3.14.4; networkx 3.6.1; numpy 2.5.0,DESKTOP-RJQ30EQ,Linux-6.8.0-51-generic-x86_64-with-glibc2.39,2026-08-23T20:24:06.586593+07:00
GEOM110a.col,POPH-S-B,110,1207,110,69,69,OPTIMAL,69,24200,181060,43,43,4.87911373,239.7683044,244.6474182,FALSE,TRUE,2,aaee871cf6b933940232689b95a5fea4cdbad2eb,TRUE,8f19dbff4135e6cff9e4b147ebe8462603d5fe03,9c37e408d641c20a1fc834cdfa27c50a49e532300506da93442ee8f07c8f7d3c,bd973250f588bcb893f3b12b622d3d5c9ee8e3c7aa67a862d71c77045cb612db,CaDiCaL 1.9.5,0,3600,descending-linear,1,/home/homulily/code/cadical-1.9.5/build/cadical --seed=0 '<temporary-cnf>',Python 3.14.4; networkx 3.6.1; numpy 2.5.0,DESKTOP-RJQ30EQ,Linux-6.8.0-51-generic-x86_64-with-glibc2.39,2026-08-23T20:28:11.391107+07:00
GEOM110b.col,POP-S-B,110,1256,122,77,77,OPTIMAL,77,13420,166652,47,47,5.423945714,257.7623678,263.1863135,FALSE,TRUE,2,aaee871cf6b933940232689b95a5fea4cdbad2eb,TRUE,8f19dbff4135e6cff9e4b147ebe8462603d5fe03,aea172a16bc42de0504b35909d35fce000ded1613c496d28ea719a2d44ba7c51,bd973250f588bcb893f3b12b622d3d5c9ee8e3c7aa67a862d71c77045cb612db,CaDiCaL 1.9.5,0,3600,descending-linear,1,/home/homulily/code/cadical-1.9.5/build/cadical --seed=0 '<temporary-cnf>',Python 3.14.4; networkx 3.6.1; numpy 2.5.0,DESKTOP-RJQ30EQ,Linux-6.8.0-51-generic-x86_64-with-glibc2.39,2026-08-23T20:32:34.756366+07:00
GEOM110b.col,POPH-S-B,110,1256,122,77,77,OPTIMAL,77,26840,206802,47,47,6.572562139,269.4006265,275.9731887,FALSE,TRUE,2,aaee871cf6b933940232689b95a5fea4cdbad2eb,TRUE,8f19dbff4135e6cff9e4b147ebe8462603d5fe03,aea172a16bc42de0504b35909d35fce000ded1613c496d28ea719a2d44ba7c51,bd973250f588bcb893f3b12b622d3d5c9ee8e3c7aa67a862d71c77045cb612db,CaDiCaL 1.9.5,0,3600,descending-linear,1,/home/homulily/code/cadical-1.9.5/build/cadical --seed=0 '<temporary-cnf>',Python 3.14.4; networkx 3.6.1; numpy 2.5.0,DESKTOP-RJQ30EQ,Linux-6.8.0-51-generic-x86_64-with-glibc2.39,2026-08-23T20:37:10.921996+07:00
GEOM120.col,POP-S-B,120,773,74,59,59,OPTIMAL,59,8880,66082,17,17,0.794528692,1.752171608,2.5467003,FALSE,TRUE,2,aaee871cf6b933940232689b95a5fea4cdbad2eb,TRUE,8f19dbff4135e6cff9e4b147ebe8462603d5fe03,26357a9d4e2d8b08cdf055e2a882589f86c22c313fd9674a7f44b405c2aade4a,bd973250f588bcb893f3b12b622d3d5c9ee8e3c7aa67a862d71c77045cb612db,CaDiCaL 1.9.5,0,3600,descending-linear,1,/home/homulily/code/cadical-1.9.5/build/cadical --seed=0 '<temporary-cnf>',Python 3.14.4; networkx 3.6.1; numpy 2.5.0,DESKTOP-RJQ30EQ,Linux-6.8.0-51-generic-x86_64-with-glibc2.39,2026-08-23T20:37:13.515981+07:00
GEOM120.col,POPH-S-B,120,773,74,59,59,OPTIMAL,59,17760,92602,17,17,0.998575479,2.213014626,3.211590105,FALSE,TRUE,2,aaee871cf6b933940232689b95a5fea4cdbad2eb,TRUE,8f19dbff4135e6cff9e4b147ebe8462603d5fe03,26357a9d4e2d8b08cdf055e2a882589f86c22c313fd9674a7f44b405c2aade4a,bd973250f588bcb893f3b12b622d3d5c9ee8e3c7aa67a862d71c77045cb612db,CaDiCaL 1.9.5,0,3600,descending-linear,1,/home/homulily/code/cadical-1.9.5/build/cadical --seed=0 '<temporary-cnf>',Python 3.14.4; networkx 3.6.1; numpy 2.5.0,DESKTOP-RJQ30EQ,Linux-6.8.0-51-generic-x86_64-with-glibc2.39,2026-08-23T20:37:16.778832+07:00
GEOM120a.col,POP-S-B,120,1434,110,82,82,OPTIMAL,82,13200,170940,30,30,3.896801975,115.2134696,119.1102716,FALSE,TRUE,2,aaee871cf6b933940232689b95a5fea4cdbad2eb,TRUE,8f19dbff4135e6cff9e4b147ebe8462603d5fe03,a920a2c75d8d4fde3a531cb30857d83f245364a0b88d5a18f86336b96bf07ab6,bd973250f588bcb893f3b12b622d3d5c9ee8e3c7aa67a862d71c77045cb612db,CaDiCaL 1.9.5,0,3600,descending-linear,1,/home/homulily/code/cadical-1.9.5/build/cadical --seed=0 '<temporary-cnf>',Python 3.14.4; networkx 3.6.1; numpy 2.5.0,DESKTOP-RJQ30EQ,Linux-6.8.0-51-generic-x86_64-with-glibc2.39,2026-08-23T20:39:16.007777+07:00
GEOM120a.col,POPH-S-B,120,1434,110,82,82,OPTIMAL,82,26400,210420,30,30,4.500607356,118.1792747,122.679882,FALSE,TRUE,2,aaee871cf6b933940232689b95a5fea4cdbad2eb,TRUE,8f19dbff4135e6cff9e4b147ebe8462603d5fe03,a920a2c75d8d4fde3a531cb30857d83f245364a0b88d5a18f86336b96bf07ab6,bd973250f588bcb893f3b12b622d3d5c9ee8e3c7aa67a862d71c77045cb612db,CaDiCaL 1.9.5,0,3600,descending-linear,1,/home/homulily/code/cadical-1.9.5/build/cadical --seed=0 '<temporary-cnf>',Python 3.14.4; networkx 3.6.1; numpy 2.5.0,DESKTOP-RJQ30EQ,Linux-6.8.0-51-generic-x86_64-with-glibc2.39,2026-08-23T20:41:18.817985+07:00
GEOM120b.col,POP-S-B,120,1491,124,83,83,OPTIMAL,83,14880,199764,43,43,6.469787645,2738.650242,2745.12003,FALSE,TRUE,2,aaee871cf6b933940232689b95a5fea4cdbad2eb,TRUE,8f19dbff4135e6cff9e4b147ebe8462603d5fe03,745355ab3817a87504580de4d77629dce60b8f48ea8fb2c5da33224e8ef92e29,bd973250f588bcb893f3b12b622d3d5c9ee8e3c7aa67a862d71c77045cb612db,CaDiCaL 1.9.5,0,3600,descending-linear,1,/home/homulily/code/cadical-1.9.5/build/cadical --seed=0 '<temporary-cnf>',Python 3.14.4; networkx 3.6.1; numpy 2.5.0,DESKTOP-RJQ30EQ,Linux-6.8.0-51-generic-x86_64-with-glibc2.39,2026-08-23T21:27:04.146244+07:00
GEOM120b.col,POPH-S-B,120,1491,124,83,83,OPTIMAL,83,29760,244284,43,43,7.621766224,2428.134869,2435.756635,FALSE,TRUE,2,aaee871cf6b933940232689b95a5fea4cdbad2eb,TRUE,8f19dbff4135e6cff9e4b147ebe8462603d5fe03,745355ab3817a87504580de4d77629dce60b8f48ea8fb2c5da33224e8ef92e29,bd973250f588bcb893f3b12b622d3d5c9ee8e3c7aa67a862d71c77045cb612db,CaDiCaL 1.9.5,0,3600,descending-linear,1,/home/homulily/code/cadical-1.9.5/build/cadical --seed=0 '<temporary-cnf>',Python 3.14.4; networkx 3.6.1; numpy 2.5.0,DESKTOP-RJQ30EQ,Linux-6.8.0-51-generic-x86_64-with-glibc2.39,2026-08-23T22:07:40.130492+07:00
GEOM20.col,POP-S-B,20,20,25,21,21,OPTIMAL,21,500,1000,6,6,0.006588819,0.012137888,0.018726707,FALSE,TRUE,2,aaee871cf6b933940232689b95a5fea4cdbad2eb,TRUE,8f19dbff4135e6cff9e4b147ebe8462603d5fe03,08ed5ea76ef3bcb2228f4669162b3aa8c234de6a4dd75c3155a603919bc0167a,bd973250f588bcb893f3b12b622d3d5c9ee8e3c7aa67a862d71c77045cb612db,CaDiCaL 1.9.5,0,3600,descending-linear,1,/home/homulily/code/cadical-1.9.5/build/cadical --seed=0 '<temporary-cnf>',Python 3.14.4; networkx 3.6.1; numpy 2.5.0,DESKTOP-RJQ30EQ,Linux-6.8.0-51-generic-x86_64-with-glibc2.39,2026-08-23T22:07:40.159585+07:00
GEOM20.col,POPH-S-B,20,20,25,21,21,OPTIMAL,21,1000,2480,6,6,0.010500905,0.012126248,0.022627153,FALSE,TRUE,2,aaee871cf6b933940232689b95a5fea4cdbad2eb,TRUE,8f19dbff4135e6cff9e4b147ebe8462603d5fe03,08ed5ea76ef3bcb2228f4669162b3aa8c234de6a4dd75c3155a603919bc0167a,bd973250f588bcb893f3b12b622d3d5c9ee8e3c7aa67a862d71c77045cb612db,CaDiCaL 1.9.5,0,3600,descending-linear,1,/home/homulily/code/cadical-1.9.5/build/cadical --seed=0 '<temporary-cnf>',Python 3.14.4; networkx 3.6.1; numpy 2.5.0,DESKTOP-RJQ30EQ,Linux-6.8.0-51-generic-x86_64-with-glibc2.39,2026-08-23T22:07:40.185868+07:00
GEOM20a.col,POP-S-B,20,37,25,20,20,OPTIMAL,20,500,1425,7,7,0.007393498,0.011769583,0.019163081,FALSE,TRUE,2,aaee871cf6b933940232689b95a5fea4cdbad2eb,TRUE,8f19dbff4135e6cff9e4b147ebe8462603d5fe03,5fe086947cbc99c9630087a727d0c9fe00065a9c4f6d6ebea7115ab4a8c161fb,bd973250f588bcb893f3b12b622d3d5c9ee8e3c7aa67a862d71c77045cb612db,CaDiCaL 1.9.5,0,3600,descending-linear,1,/home/homulily/code/cadical-1.9.5/build/cadical --seed=0 '<temporary-cnf>',Python 3.14.4; networkx 3.6.1; numpy 2.5.0,DESKTOP-RJQ30EQ,Linux-6.8.0-51-generic-x86_64-with-glibc2.39,2026-08-23T22:07:40.208735+07:00
GEOM20a.col,POPH-S-B,20,37,25,20,20,OPTIMAL,20,1000,2905,7,7,0.011003001,0.013421303,0.024424304,FALSE,TRUE,2,aaee871cf6b933940232689b95a5fea4cdbad2eb,TRUE,8f19dbff4135e6cff9e4b147ebe8462603d5fe03,5fe086947cbc99c9630087a727d0c9fe00065a9c4f6d6ebea7115ab4a8c161fb,bd973250f588bcb893f3b12b622d3d5c9ee8e3c7aa67a862d71c77045cb612db,CaDiCaL 1.9.5,0,3600,descending-linear,1,/home/homulily/code/cadical-1.9.5/build/cadical --seed=0 '<temporary-cnf>',Python 3.14.4; networkx 3.6.1; numpy 2.5.0,DESKTOP-RJQ30EQ,Linux-6.8.0-51-generic-x86_64-with-glibc2.39,2026-08-23T22:07:40.236623+07:00
GEOM20b.col,POP-S-B,20,32,17,13,13,OPTIMAL,13,340,884,6,6,0.003246949,0.008611729,0.011858678,FALSE,TRUE,2,aaee871cf6b933940232689b95a5fea4cdbad2eb,TRUE,8f19dbff4135e6cff9e4b147ebe8462603d5fe03,6be144806384554ada26f70be526ed0d42afb61a447cd96f826be5dbcf60288a,bd973250f588bcb893f3b12b622d3d5c9ee8e3c7aa67a862d71c77045cb612db,CaDiCaL 1.9.5,0,3600,descending-linear,1,/home/homulily/code/cadical-1.9.5/build/cadical --seed=0 '<temporary-cnf>',Python 3.14.4; networkx 3.6.1; numpy 2.5.0,DESKTOP-RJQ30EQ,Linux-6.8.0-51-generic-x86_64-with-glibc2.39,2026-08-23T22:07:40.251582+07:00
GEOM20b.col,POPH-S-B,20,32,17,13,13,OPTIMAL,13,680,1884,6,6,0.053557535,0.011038654,0.064596189,FALSE,TRUE,2,aaee871cf6b933940232689b95a5fea4cdbad2eb,TRUE,8f19dbff4135e6cff9e4b147ebe8462603d5fe03,6be144806384554ada26f70be526ed0d42afb61a447cd96f826be5dbcf60288a,bd973250f588bcb893f3b12b622d3d5c9ee8e3c7aa67a862d71c77045cb612db,CaDiCaL 1.9.5,0,3600,descending-linear,1,/home/homulily/code/cadical-1.9.5/build/cadical --seed=0 '<temporary-cnf>',Python 3.14.4; networkx 3.6.1; numpy 2.5.0,DESKTOP-RJQ30EQ,Linux-6.8.0-51-generic-x86_64-with-glibc2.39,2026-08-23T22:07:40.319422+07:00
GEOM30.col,POP-S-B,30,50,34,28,28,OPTIMAL,28,1020,2720,8,8,0.014704431,0.018845193,0.033549624,FALSE,TRUE,2,aaee871cf6b933940232689b95a5fea4cdbad2eb,TRUE,8f19dbff4135e6cff9e4b147ebe8462603d5fe03,489bd893683e4c3672aba625abb2643d68f9c2a6d3776c9b26400831c548bd51,bd973250f588bcb893f3b12b622d3d5c9ee8e3c7aa67a862d71c77045cb612db,CaDiCaL 1.9.5,0,3600,descending-linear,1,/home/homulily/code/cadical-1.9.5/build/cadical --seed=0 '<temporary-cnf>',Python 3.14.4; networkx 3.6.1; numpy 2.5.0,DESKTOP-RJQ30EQ,Linux-6.8.0-51-generic-x86_64-with-glibc2.39,2026-08-23T22:07:40.357930+07:00
GEOM30.col,POPH-S-B,30,50,34,28,28,OPTIMAL,28,2040,5750,8,8,0.025348482,0.022327377,0.047675859,FALSE,TRUE,2,aaee871cf6b933940232689b95a5fea4cdbad2eb,TRUE,8f19dbff4135e6cff9e4b147ebe8462603d5fe03,489bd893683e4c3672aba625abb2643d68f9c2a6d3776c9b26400831c548bd51,bd973250f588bcb893f3b12b622d3d5c9ee8e3c7aa67a862d71c77045cb612db,CaDiCaL 1.9.5,0,3600,descending-linear,1,/home/homulily/code/cadical-1.9.5/build/cadical --seed=0 '<temporary-cnf>',Python 3.14.4; networkx 3.6.1; numpy 2.5.0,DESKTOP-RJQ30EQ,Linux-6.8.0-51-generic-x86_64-with-glibc2.39,2026-08-23T22:07:40.411090+07:00
GEOM30a.col,POP-S-B,30,81,33,27,27,OPTIMAL,27,990,3663,8,8,0.018464406,0.019312633,0.037777039,FALSE,TRUE,2,aaee871cf6b933940232689b95a5fea4cdbad2eb,TRUE,8f19dbff4135e6cff9e4b147ebe8462603d5fe03,10bfa32a02f1c8633027611fc7eb773d3d5088d3bc49d1419471fc4ca266eca9,bd973250f588bcb893f3b12b622d3d5c9ee8e3c7aa67a862d71c77045cb612db,CaDiCaL 1.9.5,0,3600,descending-linear,1,/home/homulily/code/cadical-1.9.5/build/cadical --seed=0 '<temporary-cnf>',Python 3.14.4; networkx 3.6.1; numpy 2.5.0,DESKTOP-RJQ30EQ,Linux-6.8.0-51-generic-x86_64-with-glibc2.39,2026-08-23T22:07:40.454022+07:00
GEOM30a.col,POPH-S-B,30,81,33,27,27,OPTIMAL,27,1980,6603,8,8,0.033382231,0.022789741,0.056171972,FALSE,TRUE,2,aaee871cf6b933940232689b95a5fea4cdbad2eb,TRUE,8f19dbff4135e6cff9e4b147ebe8462603d5fe03,10bfa32a02f1c8633027611fc7eb773d3d5088d3bc49d1419471fc4ca266eca9,bd973250f588bcb893f3b12b622d3d5c9ee8e3c7aa67a862d71c77045cb612db,CaDiCaL 1.9.5,0,3600,descending-linear,1,/home/homulily/code/cadical-1.9.5/build/cadical --seed=0 '<temporary-cnf>',Python 3.14.4; networkx 3.6.1; numpy 2.5.0,DESKTOP-RJQ30EQ,Linux-6.8.0-51-generic-x86_64-with-glibc2.39,2026-08-23T22:07:40.515440+07:00
GEOM30b.col,POP-S-B,30,81,28,26,26,OPTIMAL,26,840,3108,4,4,0.007811007,0.007941129,0.015752136,FALSE,TRUE,2,aaee871cf6b933940232689b95a5fea4cdbad2eb,TRUE,8f19dbff4135e6cff9e4b147ebe8462603d5fe03,41e7babfc1e85334f1653ee7e88e11a11b0065ce2d50a72a801b4b00cfe2330a,bd973250f588bcb893f3b12b622d3d5c9ee8e3c7aa67a862d71c77045cb612db,CaDiCaL 1.9.5,0,3600,descending-linear,1,/home/homulily/code/cadical-1.9.5/build/cadical --seed=0 '<temporary-cnf>',Python 3.14.4; networkx 3.6.1; numpy 2.5.0,DESKTOP-RJQ30EQ,Linux-6.8.0-51-generic-x86_64-with-glibc2.39,2026-08-23T22:07:40.534561+07:00
GEOM30b.col,POPH-S-B,30,81,28,26,26,OPTIMAL,26,1680,5598,4,4,0.012212394,0.010446466,0.02265886,FALSE,TRUE,2,aaee871cf6b933940232689b95a5fea4cdbad2eb,TRUE,8f19dbff4135e6cff9e4b147ebe8462603d5fe03,41e7babfc1e85334f1653ee7e88e11a11b0065ce2d50a72a801b4b00cfe2330a,bd973250f588bcb893f3b12b622d3d5c9ee8e3c7aa67a862d71c77045cb612db,CaDiCaL 1.9.5,0,3600,descending-linear,1,/home/homulily/code/cadical-1.9.5/build/cadical --seed=0 '<temporary-cnf>',Python 3.14.4; networkx 3.6.1; numpy 2.5.0,DESKTOP-RJQ30EQ,Linux-6.8.0-51-generic-x86_64-with-glibc2.39,2026-08-23T22:07:40.560884+07:00
GEOM40.col,POP-S-B,40,78,34,28,28,OPTIMAL,28,1360,4012,8,8,0.024382889,0.019499397,0.043882286,FALSE,TRUE,2,aaee871cf6b933940232689b95a5fea4cdbad2eb,TRUE,8f19dbff4135e6cff9e4b147ebe8462603d5fe03,4968db2efd363df2b56fdfbab3c914f8100884884a68f0b07cbbc4e20aa1f192,bd973250f588bcb893f3b12b622d3d5c9ee8e3c7aa67a862d71c77045cb612db,CaDiCaL 1.9.5,0,3600,descending-linear,1,/home/homulily/code/cadical-1.9.5/build/cadical --seed=0 '<temporary-cnf>',Python 3.14.4; networkx 3.6.1; numpy 2.5.0,DESKTOP-RJQ30EQ,Linux-6.8.0-51-generic-x86_64-with-glibc2.39,2026-08-23T22:07:40.610083+07:00
GEOM40.col,POPH-S-B,40,78,34,28,28,OPTIMAL,28,2720,8052,8,8,0.033804511,0.027273554,0.061078065,FALSE,TRUE,2,aaee871cf6b933940232689b95a5fea4cdbad2eb,TRUE,8f19dbff4135e6cff9e4b147ebe8462603d5fe03,4968db2efd363df2b56fdfbab3c914f8100884884a68f0b07cbbc4e20aa1f192,bd973250f588bcb893f3b12b622d3d5c9ee8e3c7aa67a862d71c77045cb612db,CaDiCaL 1.9.5,0,3600,descending-linear,1,/home/homulily/code/cadical-1.9.5/build/cadical --seed=0 '<temporary-cnf>',Python 3.14.4; networkx 3.6.1; numpy 2.5.0,DESKTOP-RJQ30EQ,Linux-6.8.0-51-generic-x86_64-with-glibc2.39,2026-08-23T22:07:40.677546+07:00
GEOM40a.col,POP-S-B,40,146,51,37,37,OPTIMAL,37,2040,9486,16,16,0.101177066,0.078149568,0.179326634,FALSE,TRUE,2,aaee871cf6b933940232689b95a5fea4cdbad2eb,TRUE,8f19dbff4135e6cff9e4b147ebe8462603d5fe03,0bd50dc07b7e234154a3f92e5d2cf1ac6ad83c47badf984a837587fe7c35ca6b,bd973250f588bcb893f3b12b622d3d5c9ee8e3c7aa67a862d71c77045cb612db,CaDiCaL 1.9.5,0,3600,descending-linear,1,/home/homulily/code/cadical-1.9.5/build/cadical --seed=0 '<temporary-cnf>',Python 3.14.4; networkx 3.6.1; numpy 2.5.0,DESKTOP-RJQ30EQ,Linux-6.8.0-51-generic-x86_64-with-glibc2.39,2026-08-23T22:07:40.869164+07:00
GEOM40a.col,POPH-S-B,40,146,51,37,37,OPTIMAL,37,4080,15566,16,16,0.144125638,0.107604283,0.251729921,FALSE,TRUE,2,aaee871cf6b933940232689b95a5fea4cdbad2eb,TRUE,8f19dbff4135e6cff9e4b147ebe8462603d5fe03,0bd50dc07b7e234154a3f92e5d2cf1ac6ad83c47badf984a837587fe7c35ca6b,bd973250f588bcb893f3b12b622d3d5c9ee8e3c7aa67a862d71c77045cb612db,CaDiCaL 1.9.5,0,3600,descending-linear,1,/home/homulily/code/cadical-1.9.5/build/cadical --seed=0 '<temporary-cnf>',Python 3.14.4; networkx 3.6.1; numpy 2.5.0,DESKTOP-RJQ30EQ,Linux-6.8.0-51-generic-x86_64-with-glibc2.39,2026-08-23T22:07:41.134750+07:00
GEOM40b.col,POP-S-B,40,157,41,33,33,OPTIMAL,33,1640,8077,10,10,0.053838866,0.039056509,0.092895375,FALSE,TRUE,2,aaee871cf6b933940232689b95a5fea4cdbad2eb,TRUE,8f19dbff4135e6cff9e4b147ebe8462603d5fe03,1ccb98f8f5e910eb9d4064ba5b23dff42c9067ecd2d40d0879250dbd16181ddf,bd973250f588bcb893f3b12b622d3d5c9ee8e3c7aa67a862d71c77045cb612db,CaDiCaL 1.9.5,0,3600,descending-linear,1,/home/homulily/code/cadical-1.9.5/build/cadical --seed=0 '<temporary-cnf>',Python 3.14.4; networkx 3.6.1; numpy 2.5.0,DESKTOP-RJQ30EQ,Linux-6.8.0-51-generic-x86_64-with-glibc2.39,2026-08-23T22:07:41.234746+07:00
GEOM40b.col,POPH-S-B,40,157,41,33,33,OPTIMAL,33,3280,12957,10,10,0.075362937,0.05038693,0.125749867,FALSE,TRUE,2,aaee871cf6b933940232689b95a5fea4cdbad2eb,TRUE,8f19dbff4135e6cff9e4b147ebe8462603d5fe03,1ccb98f8f5e910eb9d4064ba5b23dff42c9067ecd2d40d0879250dbd16181ddf,bd973250f588bcb893f3b12b622d3d5c9ee8e3c7aa67a862d71c77045cb612db,CaDiCaL 1.9.5,0,3600,descending-linear,1,/home/homulily/code/cadical-1.9.5/build/cadical --seed=0 '<temporary-cnf>',Python 3.14.4; networkx 3.6.1; numpy 2.5.0,DESKTOP-RJQ30EQ,Linux-6.8.0-51-generic-x86_64-with-glibc2.39,2026-08-23T22:07:41.368105+07:00
GEOM50.col,POP-S-B,50,127,37,28,28,OPTIMAL,28,1850,6549,11,11,0.046438822,0.03110901,0.077547832,FALSE,TRUE,2,aaee871cf6b933940232689b95a5fea4cdbad2eb,TRUE,8f19dbff4135e6cff9e4b147ebe8462603d5fe03,c584455fa3b51a54152148534733fdf90022ccefd515c1770417925f43ef5434,bd973250f588bcb893f3b12b622d3d5c9ee8e3c7aa67a862d71c77045cb612db,CaDiCaL 1.9.5,0,3600,descending-linear,1,/home/homulily/code/cadical-1.9.5/build/cadical --seed=0 '<temporary-cnf>',Python 3.14.4; networkx 3.6.1; numpy 2.5.0,DESKTOP-RJQ30EQ,Linux-6.8.0-51-generic-x86_64-with-glibc2.39,2026-08-23T22:07:41.453288+07:00
GEOM50.col,POPH-S-B,50,127,37,28,28,OPTIMAL,28,3700,12049,11,11,0.073934927,0.044200904,0.118135831,FALSE,TRUE,2,aaee871cf6b933940232689b95a5fea4cdbad2eb,TRUE,8f19dbff4135e6cff9e4b147ebe8462603d5fe03,c584455fa3b51a54152148534733fdf90022ccefd515c1770417925f43ef5434,bd973250f588bcb893f3b12b622d3d5c9ee8e3c7aa67a862d71c77045cb612db,CaDiCaL 1.9.5,0,3600,descending-linear,1,/home/homulily/code/cadical-1.9.5/build/cadical --seed=0 '<temporary-cnf>',Python 3.14.4; networkx 3.6.1; numpy 2.5.0,DESKTOP-RJQ30EQ,Linux-6.8.0-51-generic-x86_64-with-glibc2.39,2026-08-23T22:07:41.580099+07:00
GEOM50a.col,POP-S-B,50,238,62,50,50,OPTIMAL,50,3100,17856,14,14,0.181638069,0.355221422,0.536859491,FALSE,TRUE,2,aaee871cf6b933940232689b95a5fea4cdbad2eb,TRUE,8f19dbff4135e6cff9e4b147ebe8462603d5fe03,09a35a2b65ed3e0dcd221ac73c5adb47901d19e134e9d9ce99d087c064f5b13b,bd973250f588bcb893f3b12b622d3d5c9ee8e3c7aa67a862d71c77045cb612db,CaDiCaL 1.9.5,0,3600,descending-linear,1,/home/homulily/code/cadical-1.9.5/build/cadical --seed=0 '<temporary-cnf>',Python 3.14.4; networkx 3.6.1; numpy 2.5.0,DESKTOP-RJQ30EQ,Linux-6.8.0-51-generic-x86_64-with-glibc2.39,2026-08-23T22:07:42.131828+07:00
GEOM50a.col,POPH-S-B,50,238,62,50,50,OPTIMAL,50,6200,27106,14,14,0.238635148,0.323086064,0.561721212,FALSE,TRUE,2,aaee871cf6b933940232689b95a5fea4cdbad2eb,TRUE,8f19dbff4135e6cff9e4b147ebe8462603d5fe03,09a35a2b65ed3e0dcd221ac73c5adb47901d19e134e9d9ce99d087c064f5b13b,bd973250f588bcb893f3b12b622d3d5c9ee8e3c7aa67a862d71c77045cb612db,CaDiCaL 1.9.5,0,3600,descending-linear,1,/home/homulily/code/cadical-1.9.5/build/cadical --seed=0 '<temporary-cnf>',Python 3.14.4; networkx 3.6.1; numpy 2.5.0,DESKTOP-RJQ30EQ,Linux-6.8.0-51-generic-x86_64-with-glibc2.39,2026-08-23T22:07:42.711718+07:00
GEOM50b.col,POP-S-B,50,249,55,35,35,OPTIMAL,35,2750,16445,22,22,0.218966379,0.155274934,0.374241313,FALSE,TRUE,2,aaee871cf6b933940232689b95a5fea4cdbad2eb,TRUE,8f19dbff4135e6cff9e4b147ebe8462603d5fe03,7b21131c086e1fd406658aed26e1d79b31aa8f81bf25493c8658813e81076dca,bd973250f588bcb893f3b12b622d3d5c9ee8e3c7aa67a862d71c77045cb612db,CaDiCaL 1.9.5,0,3600,descending-linear,1,/home/homulily/code/cadical-1.9.5/build/cadical --seed=0 '<temporary-cnf>',Python 3.14.4; networkx 3.6.1; numpy 2.5.0,DESKTOP-RJQ30EQ,Linux-6.8.0-51-generic-x86_64-with-glibc2.39,2026-08-23T22:07:43.103416+07:00
GEOM50b.col,POPH-S-B,50,249,55,35,35,OPTIMAL,35,5500,24645,22,22,0.294837757,0.253271553,0.54810931,FALSE,TRUE,2,aaee871cf6b933940232689b95a5fea4cdbad2eb,TRUE,8f19dbff4135e6cff9e4b147ebe8462603d5fe03,7b21131c086e1fd406658aed26e1d79b31aa8f81bf25493c8658813e81076dca,bd973250f588bcb893f3b12b622d3d5c9ee8e3c7aa67a862d71c77045cb612db,CaDiCaL 1.9.5,0,3600,descending-linear,1,/home/homulily/code/cadical-1.9.5/build/cadical --seed=0 '<temporary-cnf>',Python 3.14.4; networkx 3.6.1; numpy 2.5.0,DESKTOP-RJQ30EQ,Linux-6.8.0-51-generic-x86_64-with-glibc2.39,2026-08-23T22:07:43.672762+07:00
GEOM60.col,POP-S-B,60,185,37,33,33,OPTIMAL,33,2220,9065,6,6,0.040940764,0.023511914,0.064452678,FALSE,TRUE,2,aaee871cf6b933940232689b95a5fea4cdbad2eb,TRUE,8f19dbff4135e6cff9e4b147ebe8462603d5fe03,9575aa95916bb0ddb24ac95ceb686ad79834715a8c3c97743905c76227ffa048,bd973250f588bcb893f3b12b622d3d5c9ee8e3c7aa67a862d71c77045cb612db,CaDiCaL 1.9.5,0,3600,descending-linear,1,/home/homulily/code/cadical-1.9.5/build/cadical --seed=0 '<temporary-cnf>',Python 3.14.4; networkx 3.6.1; numpy 2.5.0,DESKTOP-RJQ30EQ,Linux-6.8.0-51-generic-x86_64-with-glibc2.39,2026-08-23T22:07:43.743356+07:00
GEOM60.col,POPH-S-B,60,185,37,33,33,OPTIMAL,33,4440,15665,6,6,0.060657936,0.034130094,0.09478803,FALSE,TRUE,2,aaee871cf6b933940232689b95a5fea4cdbad2eb,TRUE,8f19dbff4135e6cff9e4b147ebe8462603d5fe03,9575aa95916bb0ddb24ac95ceb686ad79834715a8c3c97743905c76227ffa048,bd973250f588bcb893f3b12b622d3d5c9ee8e3c7aa67a862d71c77045cb612db,CaDiCaL 1.9.5,0,3600,descending-linear,1,/home/homulily/code/cadical-1.9.5/build/cadical --seed=0 '<temporary-cnf>',Python 3.14.4; networkx 3.6.1; numpy 2.5.0,DESKTOP-RJQ30EQ,Linux-6.8.0-51-generic-x86_64-with-glibc2.39,2026-08-23T22:07:43.845789+07:00
GEOM60a.col,POP-S-B,60,339,62,50,50,OPTIMAL,50,3720,24738,14,14,0.240694341,0.403543276,0.644237617,FALSE,TRUE,2,aaee871cf6b933940232689b95a5fea4cdbad2eb,TRUE,8f19dbff4135e6cff9e4b147ebe8462603d5fe03,c6266e394b59107ef80c14a3ed0d8dd4ae62c646238c8358f8080547a85fd68c,bd973250f588bcb893f3b12b622d3d5c9ee8e3c7aa67a862d71c77045cb612db,CaDiCaL 1.9.5,0,3600,descending-linear,1,/home/homulily/code/cadical-1.9.5/build/cadical --seed=0 '<temporary-cnf>',Python 3.14.4; networkx 3.6.1; numpy 2.5.0,DESKTOP-RJQ30EQ,Linux-6.8.0-51-generic-x86_64-with-glibc2.39,2026-08-23T22:07:44.508717+07:00
GEOM60a.col,POPH-S-B,60,339,62,50,50,OPTIMAL,50,7440,35838,14,14,0.317931478,0.42529263,0.743224108,FALSE,TRUE,2,aaee871cf6b933940232689b95a5fea4cdbad2eb,TRUE,8f19dbff4135e6cff9e4b147ebe8462603d5fe03,c6266e394b59107ef80c14a3ed0d8dd4ae62c646238c8358f8080547a85fd68c,bd973250f588bcb893f3b12b622d3d5c9ee8e3c7aa67a862d71c77045cb612db,CaDiCaL 1.9.5,0,3600,descending-linear,1,/home/homulily/code/cadical-1.9.5/build/cadical --seed=0 '<temporary-cnf>',Python 3.14.4; networkx 3.6.1; numpy 2.5.0,DESKTOP-RJQ30EQ,Linux-6.8.0-51-generic-x86_64-with-glibc2.39,2026-08-23T22:07:45.271845+07:00
GEOM60b.col,POP-S-B,60,366,64,41,41,OPTIMAL,41,3840,27264,25,25,0.419127652,0.651643986,1.070771638,FALSE,TRUE,2,aaee871cf6b933940232689b95a5fea4cdbad2eb,TRUE,8f19dbff4135e6cff9e4b147ebe8462603d5fe03,8305498f1acbb0e13fc3e5b6756eebb72600bd69b237f5d836248a8d8e040f76,bd973250f588bcb893f3b12b622d3d5c9ee8e3c7aa67a862d71c77045cb612db,CaDiCaL 1.9.5,0,3600,descending-linear,1,/home/homulily/code/cadical-1.9.5/build/cadical --seed=0 '<temporary-cnf>',Python 3.14.4; networkx 3.6.1; numpy 2.5.0,DESKTOP-RJQ30EQ,Linux-6.8.0-51-generic-x86_64-with-glibc2.39,2026-08-23T22:07:46.369498+07:00
GEOM60b.col,POPH-S-B,60,366,64,41,41,OPTIMAL,41,7680,38724,25,25,0.55684051,1.032269264,1.589109774,FALSE,TRUE,2,aaee871cf6b933940232689b95a5fea4cdbad2eb,TRUE,8f19dbff4135e6cff9e4b147ebe8462603d5fe03,8305498f1acbb0e13fc3e5b6756eebb72600bd69b237f5d836248a8d8e040f76,bd973250f588bcb893f3b12b622d3d5c9ee8e3c7aa67a862d71c77045cb612db,CaDiCaL 1.9.5,0,3600,descending-linear,1,/home/homulily/code/cadical-1.9.5/build/cadical --seed=0 '<temporary-cnf>',Python 3.14.4; networkx 3.6.1; numpy 2.5.0,DESKTOP-RJQ30EQ,Linux-6.8.0-51-generic-x86_64-with-glibc2.39,2026-08-23T22:07:47.993612+07:00
GEOM70.col,POP-S-B,70,267,45,38,38,OPTIMAL,38,3150,15165,9,9,0.110047997,0.06187131,0.171919307,FALSE,TRUE,2,aaee871cf6b933940232689b95a5fea4cdbad2eb,TRUE,8f19dbff4135e6cff9e4b147ebe8462603d5fe03,6709158dd6a0c24605665511d543798f2cda198fb9b943c841d842af483b8b5f,bd973250f588bcb893f3b12b622d3d5c9ee8e3c7aa67a862d71c77045cb612db,CaDiCaL 1.9.5,0,3600,descending-linear,1,/home/homulily/code/cadical-1.9.5/build/cadical --seed=0 '<temporary-cnf>',Python 3.14.4; networkx 3.6.1; numpy 2.5.0,DESKTOP-RJQ30EQ,Linux-6.8.0-51-generic-x86_64-with-glibc2.39,2026-08-23T22:07:48.177298+07:00
GEOM70.col,POPH-S-B,70,267,45,38,38,OPTIMAL,38,6300,24545,9,9,0.144148185,0.081443738,0.225591923,FALSE,TRUE,2,aaee871cf6b933940232689b95a5fea4cdbad2eb,TRUE,8f19dbff4135e6cff9e4b147ebe8462603d5fe03,6709158dd6a0c24605665511d543798f2cda198fb9b943c841d842af483b8b5f,bd973250f588bcb893f3b12b622d3d5c9ee8e3c7aa67a862d71c77045cb612db,CaDiCaL 1.9.5,0,3600,descending-linear,1,/home/homulily/code/cadical-1.9.5/build/cadical --seed=0 '<temporary-cnf>',Python 3.14.4; networkx 3.6.1; numpy 2.5.0,DESKTOP-RJQ30EQ,Linux-6.8.0-51-generic-x86_64-with-glibc2.39,2026-08-23T22:07:48.416513+07:00
GEOM70a.col,POP-S-B,70,459,73,61,61,OPTIMAL,61,5110,38617,14,14,0.418078249,2.558459382,2.976537631,FALSE,TRUE,2,aaee871cf6b933940232689b95a5fea4cdbad2eb,TRUE,8f19dbff4135e6cff9e4b147ebe8462603d5fe03,e256a1a0b8f2637a931d35ffacdb28b715bcafa769a4bbedc21eb991683d0a40,bd973250f588bcb893f3b12b622d3d5c9ee8e3c7aa67a862d71c77045cb612db,CaDiCaL 1.9.5,0,3600,descending-linear,1,/home/homulily/code/cadical-1.9.5/build/cadical --seed=0 '<temporary-cnf>',Python 3.14.4; networkx 3.6.1; numpy 2.5.0,DESKTOP-RJQ30EQ,Linux-6.8.0-51-generic-x86_64-with-glibc2.39,2026-08-23T22:07:51.419443+07:00
GEOM70a.col,POPH-S-B,70,459,73,61,61,OPTIMAL,61,10220,53877,14,14,0.500748969,2.453707287,2.954456256,FALSE,TRUE,2,aaee871cf6b933940232689b95a5fea4cdbad2eb,TRUE,8f19dbff4135e6cff9e4b147ebe8462603d5fe03,e256a1a0b8f2637a931d35ffacdb28b715bcafa769a4bbedc21eb991683d0a40,bd973250f588bcb893f3b12b622d3d5c9ee8e3c7aa67a862d71c77045cb612db,CaDiCaL 1.9.5,0,3600,descending-linear,1,/home/homulily/code/cadical-1.9.5/build/cadical --seed=0 '<temporary-cnf>',Python 3.14.4; networkx 3.6.1; numpy 2.5.0,DESKTOP-RJQ30EQ,Linux-6.8.0-51-generic-x86_64-with-glibc2.39,2026-08-23T22:07:54.401168+07:00
GEOM70b.col,POP-S-B,70,488,77,47,47,OPTIMAL,47,5390,42966,32,32,0.852649891,1.921617525,2.774267416,FALSE,TRUE,2,aaee871cf6b933940232689b95a5fea4cdbad2eb,TRUE,8f19dbff4135e6cff9e4b147ebe8462603d5fe03,50b43cacfa298b2c9f4c05ca437a5559b357c8348aa59226bf3c2fd9b98b03b8,bd973250f588bcb893f3b12b622d3d5c9ee8e3c7aa67a862d71c77045cb612db,CaDiCaL 1.9.5,0,3600,descending-linear,1,/home/homulily/code/cadical-1.9.5/build/cadical --seed=0 '<temporary-cnf>',Python 3.14.4; networkx 3.6.1; numpy 2.5.0,DESKTOP-RJQ30EQ,Linux-6.8.0-51-generic-x86_64-with-glibc2.39,2026-08-23T22:07:57.223641+07:00
GEOM70b.col,POPH-S-B,70,488,77,47,47,OPTIMAL,47,10780,59066,32,32,1.035150926,1.917952257,2.953103183,FALSE,TRUE,2,aaee871cf6b933940232689b95a5fea4cdbad2eb,TRUE,8f19dbff4135e6cff9e4b147ebe8462603d5fe03,50b43cacfa298b2c9f4c05ca437a5559b357c8348aa59226bf3c2fd9b98b03b8,bd973250f588bcb893f3b12b622d3d5c9ee8e3c7aa67a862d71c77045cb612db,CaDiCaL 1.9.5,0,3600,descending-linear,1,/home/homulily/code/cadical-1.9.5/build/cadical --seed=0 '<temporary-cnf>',Python 3.14.4; networkx 3.6.1; numpy 2.5.0,DESKTOP-RJQ30EQ,Linux-6.8.0-51-generic-x86_64-with-glibc2.39,2026-08-23T22:08:00.231729+07:00
GEOM80.col,POP-S-B,80,349,55,41,41,OPTIMAL,41,4400,23595,16,16,0.249612008,0.130427996,0.380040004,FALSE,TRUE,2,aaee871cf6b933940232689b95a5fea4cdbad2eb,TRUE,8f19dbff4135e6cff9e4b147ebe8462603d5fe03,46454b38ff8d83fe0020c6f3e5408c0ca37e868bc79f74749c4a8e555730df9c,bd973250f588bcb893f3b12b622d3d5c9ee8e3c7aa67a862d71c77045cb612db,CaDiCaL 1.9.5,0,3600,descending-linear,1,/home/homulily/code/cadical-1.9.5/build/cadical --seed=0 '<temporary-cnf>',Python 3.14.4; networkx 3.6.1; numpy 2.5.0,DESKTOP-RJQ30EQ,Linux-6.8.0-51-generic-x86_64-with-glibc2.39,2026-08-23T22:08:00.633464+07:00
GEOM80.col,POPH-S-B,80,349,55,41,41,OPTIMAL,41,8800,36715,16,16,0.353359314,0.186156047,0.539515361,FALSE,TRUE,2,aaee871cf6b933940232689b95a5fea4cdbad2eb,TRUE,8f19dbff4135e6cff9e4b147ebe8462603d5fe03,46454b38ff8d83fe0020c6f3e5408c0ca37e868bc79f74749c4a8e555730df9c,bd973250f588bcb893f3b12b622d3d5c9ee8e3c7aa67a862d71c77045cb612db,CaDiCaL 1.9.5,0,3600,descending-linear,1,/home/homulily/code/cadical-1.9.5/build/cadical --seed=0 '<temporary-cnf>',Python 3.14.4; networkx 3.6.1; numpy 2.5.0,DESKTOP-RJQ30EQ,Linux-6.8.0-51-generic-x86_64-with-glibc2.39,2026-08-23T22:08:01.199764+07:00
GEOM80a.col,POP-S-B,80,612,80,63,63,OPTIMAL,63,6400,55360,19,19,0.735001975,4.511643169,5.246645144,FALSE,TRUE,2,aaee871cf6b933940232689b95a5fea4cdbad2eb,TRUE,8f19dbff4135e6cff9e4b147ebe8462603d5fe03,f8cd1c510008df8e302411facc59a809be027620b27f632f811c1c94c76d78c9,bd973250f588bcb893f3b12b622d3d5c9ee8e3c7aa67a862d71c77045cb612db,CaDiCaL 1.9.5,0,3600,descending-linear,1,/home/homulily/code/cadical-1.9.5/build/cadical --seed=0 '<temporary-cnf>',Python 3.14.4; networkx 3.6.1; numpy 2.5.0,DESKTOP-RJQ30EQ,Linux-6.8.0-51-generic-x86_64-with-glibc2.39,2026-08-23T22:08:06.484405+07:00
GEOM80a.col,POPH-S-B,80,612,80,63,63,OPTIMAL,63,12800,74480,19,19,0.908776537,5.554935727,6.463712264,FALSE,TRUE,2,aaee871cf6b933940232689b95a5fea4cdbad2eb,TRUE,8f19dbff4135e6cff9e4b147ebe8462603d5fe03,f8cd1c510008df8e302411facc59a809be027620b27f632f811c1c94c76d78c9,bd973250f588bcb893f3b12b622d3d5c9ee8e3c7aa67a862d71c77045cb612db,CaDiCaL 1.9.5,0,3600,descending-linear,1,/home/homulily/code/cadical-1.9.5/build/cadical --seed=0 '<temporary-cnf>',Python 3.14.4; networkx 3.6.1; numpy 2.5.0,DESKTOP-RJQ30EQ,Linux-6.8.0-51-generic-x86_64-with-glibc2.39,2026-08-23T22:08:12.991155+07:00
GEOM80b.col,POP-S-B,80,663,99,60,60,OPTIMAL,60,7920,73557,41,41,1.996619099,4.380092003,6.376711102,FALSE,TRUE,2,aaee871cf6b933940232689b95a5fea4cdbad2eb,TRUE,8f19dbff4135e6cff9e4b147ebe8462603d5fe03,a8dcc40cfc8d87903196406f815c4d512a7c68e3e966538768a0601bfac7d301,bd973250f588bcb893f3b12b622d3d5c9ee8e3c7aa67a862d71c77045cb612db,CaDiCaL 1.9.5,0,3600,descending-linear,1,/home/homulily/code/cadical-1.9.5/build/cadical --seed=0 '<temporary-cnf>',Python 3.14.4; networkx 3.6.1; numpy 2.5.0,DESKTOP-RJQ30EQ,Linux-6.8.0-51-generic-x86_64-with-glibc2.39,2026-08-23T22:08:19.461001+07:00
GEOM80b.col,POPH-S-B,80,663,99,60,60,OPTIMAL,60,15840,97237,41,41,2.363599817,6.092274251,8.455874068,FALSE,TRUE,2,aaee871cf6b933940232689b95a5fea4cdbad2eb,TRUE,8f19dbff4135e6cff9e4b147ebe8462603d5fe03,a8dcc40cfc8d87903196406f815c4d512a7c68e3e966538768a0601bfac7d301,bd973250f588bcb893f3b12b622d3d5c9ee8e3c7aa67a862d71c77045cb612db,CaDiCaL 1.9.5,0,3600,descending-linear,1,/home/homulily/code/cadical-1.9.5/build/cadical --seed=0 '<temporary-cnf>',Python 3.14.4; networkx 3.6.1; numpy 2.5.0,DESKTOP-RJQ30EQ,Linux-6.8.0-51-generic-x86_64-with-glibc2.39,2026-08-23T22:08:28.021524+07:00
GEOM90.col,POP-S-B,90,441,55,46,46,OPTIMAL,46,4950,29205,11,11,0.2275916,0.147771236,0.375362836,FALSE,TRUE,2,aaee871cf6b933940232689b95a5fea4cdbad2eb,TRUE,8f19dbff4135e6cff9e4b147ebe8462603d5fe03,8b99774b70737296ed7b4c8a3ad9ec1827182467166c5e7c93a1c2117473f7cf,bd973250f588bcb893f3b12b622d3d5c9ee8e3c7aa67a862d71c77045cb612db,CaDiCaL 1.9.5,0,3600,descending-linear,1,/home/homulily/code/cadical-1.9.5/build/cadical --seed=0 '<temporary-cnf>',Python 3.14.4; networkx 3.6.1; numpy 2.5.0,DESKTOP-RJQ30EQ,Linux-6.8.0-51-generic-x86_64-with-glibc2.39,2026-08-23T22:08:28.414949+07:00
GEOM90.col,POPH-S-B,90,441,55,46,46,OPTIMAL,46,9900,43965,11,11,0.297664239,0.262465917,0.560130156,FALSE,TRUE,2,aaee871cf6b933940232689b95a5fea4cdbad2eb,TRUE,8f19dbff4135e6cff9e4b147ebe8462603d5fe03,8b99774b70737296ed7b4c8a3ad9ec1827182467166c5e7c93a1c2117473f7cf,bd973250f588bcb893f3b12b622d3d5c9ee8e3c7aa67a862d71c77045cb612db,CaDiCaL 1.9.5,0,3600,descending-linear,1,/home/homulily/code/cadical-1.9.5/build/cadical --seed=0 '<temporary-cnf>',Python 3.14.4; networkx 3.6.1; numpy 2.5.0,DESKTOP-RJQ30EQ,Linux-6.8.0-51-generic-x86_64-with-glibc2.39,2026-08-23T22:08:28.995063+07:00
GEOM90a.col,POP-S-B,90,789,81,63,63,OPTIMAL,63,7290,71199,20,20,0.991186152,5.417519448,6.4087056,FALSE,TRUE,2,aaee871cf6b933940232689b95a5fea4cdbad2eb,TRUE,8f19dbff4135e6cff9e4b147ebe8462603d5fe03,254a4ba130fad8005c03d2288438d16ff5c3768cb05ebe3b37929f9f3247a1df,bd973250f588bcb893f3b12b622d3d5c9ee8e3c7aa67a862d71c77045cb612db,CaDiCaL 1.9.5,0,3600,descending-linear,1,/home/homulily/code/cadical-1.9.5/build/cadical --seed=0 '<temporary-cnf>',Python 3.14.4; networkx 3.6.1; numpy 2.5.0,DESKTOP-RJQ30EQ,Linux-6.8.0-51-generic-x86_64-with-glibc2.39,2026-08-23T22:08:35.450586+07:00
GEOM90a.col,POPH-S-B,90,789,81,63,63,OPTIMAL,63,14580,92979,20,20,1.157908906,6.849618777,8.007527683,FALSE,TRUE,2,aaee871cf6b933940232689b95a5fea4cdbad2eb,TRUE,8f19dbff4135e6cff9e4b147ebe8462603d5fe03,254a4ba130fad8005c03d2288438d16ff5c3768cb05ebe3b37929f9f3247a1df,bd973250f588bcb893f3b12b622d3d5c9ee8e3c7aa67a862d71c77045cb612db,CaDiCaL 1.9.5,0,3600,descending-linear,1,/home/homulily/code/cadical-1.9.5/build/cadical --seed=0 '<temporary-cnf>',Python 3.14.4; networkx 3.6.1; numpy 2.5.0,DESKTOP-RJQ30EQ,Linux-6.8.0-51-generic-x86_64-with-glibc2.39,2026-08-23T22:08:43.509348+07:00
GEOM90b.col,POP-S-B,90,860,110,69,69,OPTIMAL,69,9900,104500,43,43,3.046830199,22.79896253,25.84579273,FALSE,TRUE,2,aaee871cf6b933940232689b95a5fea4cdbad2eb,TRUE,8f19dbff4135e6cff9e4b147ebe8462603d5fe03,e293687b9c36702121066f37ac02cf4e8901dbaa3fd5ba7e864b0e00ba74fac3,bd973250f588bcb893f3b12b622d3d5c9ee8e3c7aa67a862d71c77045cb612db,CaDiCaL 1.9.5,0,3600,descending-linear,1,/home/homulily/code/cadical-1.9.5/build/cadical --seed=0 '<temporary-cnf>',Python 3.14.4; networkx 3.6.1; numpy 2.5.0,DESKTOP-RJQ30EQ,Linux-6.8.0-51-generic-x86_64-with-glibc2.39,2026-08-23T22:09:09.476276+07:00
GEOM90b.col,POPH-S-B,90,860,110,69,69,OPTIMAL,69,19800,134110,43,43,3.436131075,27.67038784,31.10651891,FALSE,TRUE,2,aaee871cf6b933940232689b95a5fea4cdbad2eb,TRUE,8f19dbff4135e6cff9e4b147ebe8462603d5fe03,e293687b9c36702121066f37ac02cf4e8901dbaa3fd5ba7e864b0e00ba74fac3,bd973250f588bcb893f3b12b622d3d5c9ee8e3c7aa67a862d71c77045cb612db,CaDiCaL 1.9.5,0,3600,descending-linear,1,/home/homulily/code/cadical-1.9.5/build/cadical --seed=0 '<temporary-cnf>',Python 3.14.4; networkx 3.6.1; numpy 2.5.0,DESKTOP-RJQ30EQ,Linux-6.8.0-51-generic-x86_64-with-glibc2.39,2026-08-23T22:09:40.710686+07:00
c21_1_d1.col,POP-S-B,21,102,8,7,7,OPTIMAL,7,168,984,3,3,0.002064697,0.006214037,0.008278734,FALSE,TRUE,2,aaee871cf6b933940232689b95a5fea4cdbad2eb,TRUE,8f19dbff4135e6cff9e4b147ebe8462603d5fe03,f838258c4c693e09ad2cc97943c674fc5b2ee14e0f97961fdfdeb239b8436773,bd973250f588bcb893f3b12b622d3d5c9ee8e3c7aa67a862d71c77045cb612db,CaDiCaL 1.9.5,0,3600,descending-linear,1,/home/homulily/code/cadical-1.9.5/build/cadical --seed=0 '<temporary-cnf>',Python 3.14.4; networkx 3.6.1; numpy 2.5.0,DESKTOP-RJQ30EQ,Linux-6.8.0-51-generic-x86_64-with-glibc2.39,2026-08-23T22:09:40.722234+07:00
c21_1_d1.col,POPH-S-B,21,102,8,7,7,OPTIMAL,7,336,1467,3,3,0.002992826,0.006180846,0.009173672,FALSE,TRUE,2,aaee871cf6b933940232689b95a5fea4cdbad2eb,TRUE,8f19dbff4135e6cff9e4b147ebe8462603d5fe03,f838258c4c693e09ad2cc97943c674fc5b2ee14e0f97961fdfdeb239b8436773,bd973250f588bcb893f3b12b622d3d5c9ee8e3c7aa67a862d71c77045cb612db,CaDiCaL 1.9.5,0,3600,descending-linear,1,/home/homulily/code/cadical-1.9.5/build/cadical --seed=0 '<temporary-cnf>',Python 3.14.4; networkx 3.6.1; numpy 2.5.0,DESKTOP-RJQ30EQ,Linux-6.8.0-51-generic-x86_64-with-glibc2.39,2026-08-23T22:09:40.734162+07:00
c21_1_d2.col,POP-S-B,21,102,8,7,7,OPTIMAL,7,168,984,3,3,0.002277084,0.005527964,0.007805048,FALSE,TRUE,2,aaee871cf6b933940232689b95a5fea4cdbad2eb,TRUE,8f19dbff4135e6cff9e4b147ebe8462603d5fe03,17ff4bba73f02ee89dd3d91ccbca1a01ac0062c8872237c8916bc44590d256d5,bd973250f588bcb893f3b12b622d3d5c9ee8e3c7aa67a862d71c77045cb612db,CaDiCaL 1.9.5,0,3600,descending-linear,1,/home/homulily/code/cadical-1.9.5/build/cadical --seed=0 '<temporary-cnf>',Python 3.14.4; networkx 3.6.1; numpy 2.5.0,DESKTOP-RJQ30EQ,Linux-6.8.0-51-generic-x86_64-with-glibc2.39,2026-08-23T22:09:40.744930+07:00
c21_1_d2.col,POPH-S-B,21,102,8,7,7,OPTIMAL,7,336,1467,3,3,0.002730203,0.006516008,0.009246211,FALSE,TRUE,2,aaee871cf6b933940232689b95a5fea4cdbad2eb,TRUE,8f19dbff4135e6cff9e4b147ebe8462603d5fe03,17ff4bba73f02ee89dd3d91ccbca1a01ac0062c8872237c8916bc44590d256d5,bd973250f588bcb893f3b12b622d3d5c9ee8e3c7aa67a862d71c77045cb612db,CaDiCaL 1.9.5,0,3600,descending-linear,1,/home/homulily/code/cadical-1.9.5/build/cadical --seed=0 '<temporary-cnf>',Python 3.14.4; networkx 3.6.1; numpy 2.5.0,DESKTOP-RJQ30EQ,Linux-6.8.0-51-generic-x86_64-with-glibc2.39,2026-08-23T22:09:40.756918+07:00
c21_2_d1.col,POP-S-B,21,102,12,9,9,OPTIMAL,9,252,1476,5,5,0.004442659,0.008858504,0.013301163,FALSE,TRUE,2,aaee871cf6b933940232689b95a5fea4cdbad2eb,TRUE,8f19dbff4135e6cff9e4b147ebe8462603d5fe03,bc5ff196032b38d098ccbb833a33557f397c0d16b5f8a281ddda8141f182fab6,bd973250f588bcb893f3b12b622d3d5c9ee8e3c7aa67a862d71c77045cb612db,CaDiCaL 1.9.5,0,3600,descending-linear,1,/home/homulily/code/cadical-1.9.5/build/cadical --seed=0 '<temporary-cnf>',Python 3.14.4; networkx 3.6.1; numpy 2.5.0,DESKTOP-RJQ30EQ,Linux-6.8.0-51-generic-x86_64-with-glibc2.39,2026-08-23T22:09:40.773524+07:00
c21_2_d1.col,POPH-S-B,21,102,12,9,9,OPTIMAL,9,504,2211,5,5,0.005720652,0.010574179,0.016294831,FALSE,TRUE,2,aaee871cf6b933940232689b95a5fea4cdbad2eb,TRUE,8f19dbff4135e6cff9e4b147ebe8462603d5fe03,bc5ff196032b38d098ccbb833a33557f397c0d16b5f8a281ddda8141f182fab6,bd973250f588bcb893f3b12b622d3d5c9ee8e3c7aa67a862d71c77045cb612db,CaDiCaL 1.9.5,0,3600,descending-linear,1,/home/homulily/code/cadical-1.9.5/build/cadical --seed=0 '<temporary-cnf>',Python 3.14.4; networkx 3.6.1; numpy 2.5.0,DESKTOP-RJQ30EQ,Linux-6.8.0-51-generic-x86_64-with-glibc2.39,2026-08-23T22:09:40.792751+07:00
c21_2_d2.col,POP-S-B,21,102,12,9,9,OPTIMAL,9,252,1476,5,5,0.004996024,0.00882273,0.013818754,FALSE,TRUE,2,aaee871cf6b933940232689b95a5fea4cdbad2eb,TRUE,8f19dbff4135e6cff9e4b147ebe8462603d5fe03,357f7cf6535a13a2109dbf9d363efff9cc6e0038fccf653c1dafc7e92e00fe01,bd973250f588bcb893f3b12b622d3d5c9ee8e3c7aa67a862d71c77045cb612db,CaDiCaL 1.9.5,0,3600,descending-linear,1,/home/homulily/code/cadical-1.9.5/build/cadical --seed=0 '<temporary-cnf>',Python 3.14.4; networkx 3.6.1; numpy 2.5.0,DESKTOP-RJQ30EQ,Linux-6.8.0-51-generic-x86_64-with-glibc2.39,2026-08-23T22:09:40.809927+07:00
c21_2_d2.col,POPH-S-B,21,102,12,9,9,OPTIMAL,9,504,2211,5,5,0.005940606,0.010711438,0.016652044,FALSE,TRUE,2,aaee871cf6b933940232689b95a5fea4cdbad2eb,TRUE,8f19dbff4135e6cff9e4b147ebe8462603d5fe03,357f7cf6535a13a2109dbf9d363efff9cc6e0038fccf653c1dafc7e92e00fe01,bd973250f588bcb893f3b12b622d3d5c9ee8e3c7aa67a862d71c77045cb612db,CaDiCaL 1.9.5,0,3600,descending-linear,1,/home/homulily/code/cadical-1.9.5/build/cadical --seed=0 '<temporary-cnf>',Python 3.14.4; networkx 3.6.1; numpy 2.5.0,DESKTOP-RJQ30EQ,Linux-6.8.0-51-generic-x86_64-with-glibc2.39,2026-08-23T22:09:40.829920+07:00
c21_3_d1.col,POP-S-B,21,102,8,7,7,OPTIMAL,7,168,984,3,3,0.001978431,0.005298513,0.007276944,FALSE,TRUE,2,aaee871cf6b933940232689b95a5fea4cdbad2eb,TRUE,8f19dbff4135e6cff9e4b147ebe8462603d5fe03,2765b742e9eb99580ca620c1af200f5de170405ca0f8ef34101dec9696c2f9ee,bd973250f588bcb893f3b12b622d3d5c9ee8e3c7aa67a862d71c77045cb612db,CaDiCaL 1.9.5,0,3600,descending-linear,1,/home/homulily/code/cadical-1.9.5/build/cadical --seed=0 '<temporary-cnf>',Python 3.14.4; networkx 3.6.1; numpy 2.5.0,DESKTOP-RJQ30EQ,Linux-6.8.0-51-generic-x86_64-with-glibc2.39,2026-08-23T22:09:40.840333+07:00
c21_3_d1.col,POPH-S-B,21,102,8,7,7,OPTIMAL,7,336,1467,3,3,0.002704121,0.006116485,0.008820606,FALSE,TRUE,2,aaee871cf6b933940232689b95a5fea4cdbad2eb,TRUE,8f19dbff4135e6cff9e4b147ebe8462603d5fe03,2765b742e9eb99580ca620c1af200f5de170405ca0f8ef34101dec9696c2f9ee,bd973250f588bcb893f3b12b622d3d5c9ee8e3c7aa67a862d71c77045cb612db,CaDiCaL 1.9.5,0,3600,descending-linear,1,/home/homulily/code/cadical-1.9.5/build/cadical --seed=0 '<temporary-cnf>',Python 3.14.4; networkx 3.6.1; numpy 2.5.0,DESKTOP-RJQ30EQ,Linux-6.8.0-51-generic-x86_64-with-glibc2.39,2026-08-23T22:09:40.851866+07:00
c21_3_d2.col,POP-S-B,21,102,8,7,7,OPTIMAL,7,168,984,3,3,0.002053837,0.00565658,0.007710417,FALSE,TRUE,2,aaee871cf6b933940232689b95a5fea4cdbad2eb,TRUE,8f19dbff4135e6cff9e4b147ebe8462603d5fe03,5274c4b0e9751b679b2b38ab34627c4d1eca543d53c9c4086f61ec64f8ee1c6f,bd973250f588bcb893f3b12b622d3d5c9ee8e3c7aa67a862d71c77045cb612db,CaDiCaL 1.9.5,0,3600,descending-linear,1,/home/homulily/code/cadical-1.9.5/build/cadical --seed=0 '<temporary-cnf>',Python 3.14.4; networkx 3.6.1; numpy 2.5.0,DESKTOP-RJQ30EQ,Linux-6.8.0-51-generic-x86_64-with-glibc2.39,2026-08-23T22:09:40.862685+07:00
c21_3_d2.col,POPH-S-B,21,102,8,7,7,OPTIMAL,7,336,1467,3,3,0.002722078,0.006306537,0.009028615,FALSE,TRUE,2,aaee871cf6b933940232689b95a5fea4cdbad2eb,TRUE,8f19dbff4135e6cff9e4b147ebe8462603d5fe03,5274c4b0e9751b679b2b38ab34627c4d1eca543d53c9c4086f61ec64f8ee1c6f,bd973250f588bcb893f3b12b622d3d5c9ee8e3c7aa67a862d71c77045cb612db,CaDiCaL 1.9.5,0,3600,descending-linear,1,/home/homulily/code/cadical-1.9.5/build/cadical --seed=0 '<temporary-cnf>',Python 3.14.4; networkx 3.6.1; numpy 2.5.0,DESKTOP-RJQ30EQ,Linux-6.8.0-51-generic-x86_64-with-glibc2.39,2026-08-23T22:09:40.874869+07:00
c21_4_d1.col,POP-S-B,21,102,12,9,9,OPTIMAL,9,252,1476,5,5,0.004553972,0.008840502,0.013394474,FALSE,TRUE,2,aaee871cf6b933940232689b95a5fea4cdbad2eb,TRUE,8f19dbff4135e6cff9e4b147ebe8462603d5fe03,19dd5b83496200f38741c1f02f9fc646d0eae6d2a435789be0650d1e3455d42b,bd973250f588bcb893f3b12b622d3d5c9ee8e3c7aa67a862d71c77045cb612db,CaDiCaL 1.9.5,0,3600,descending-linear,1,/home/homulily/code/cadical-1.9.5/build/cadical --seed=0 '<temporary-cnf>',Python 3.14.4; networkx 3.6.1; numpy 2.5.0,DESKTOP-RJQ30EQ,Linux-6.8.0-51-generic-x86_64-with-glibc2.39,2026-08-23T22:09:40.891663+07:00
c21_4_d1.col,POPH-S-B,21,102,12,9,9,OPTIMAL,9,504,2211,5,5,0.0060541,0.011030988,0.017085088,FALSE,TRUE,2,aaee871cf6b933940232689b95a5fea4cdbad2eb,TRUE,8f19dbff4135e6cff9e4b147ebe8462603d5fe03,19dd5b83496200f38741c1f02f9fc646d0eae6d2a435789be0650d1e3455d42b,bd973250f588bcb893f3b12b622d3d5c9ee8e3c7aa67a862d71c77045cb612db,CaDiCaL 1.9.5,0,3600,descending-linear,1,/home/homulily/code/cadical-1.9.5/build/cadical --seed=0 '<temporary-cnf>',Python 3.14.4; networkx 3.6.1; numpy 2.5.0,DESKTOP-RJQ30EQ,Linux-6.8.0-51-generic-x86_64-with-glibc2.39,2026-08-23T22:09:40.912231+07:00
c21_4_d2.col,POP-S-B,21,102,12,9,9,OPTIMAL,9,252,1476,5,5,0.004336647,0.008860961,0.013197608,FALSE,TRUE,2,aaee871cf6b933940232689b95a5fea4cdbad2eb,TRUE,8f19dbff4135e6cff9e4b147ebe8462603d5fe03,dcae409f3fa775f5d64e2a1c13109513f71b4261ac6646fa06061715bb34c40c,bd973250f588bcb893f3b12b622d3d5c9ee8e3c7aa67a862d71c77045cb612db,CaDiCaL 1.9.5,0,3600,descending-linear,1,/home/homulily/code/cadical-1.9.5/build/cadical --seed=0 '<temporary-cnf>',Python 3.14.4; networkx 3.6.1; numpy 2.5.0,DESKTOP-RJQ30EQ,Linux-6.8.0-51-generic-x86_64-with-glibc2.39,2026-08-23T22:09:40.928851+07:00
c21_4_d2.col,POPH-S-B,21,102,12,9,9,OPTIMAL,9,504,2211,5,5,0.005952067,0.010669151,0.016621218,FALSE,TRUE,2,aaee871cf6b933940232689b95a5fea4cdbad2eb,TRUE,8f19dbff4135e6cff9e4b147ebe8462603d5fe03,dcae409f3fa775f5d64e2a1c13109513f71b4261ac6646fa06061715bb34c40c,bd973250f588bcb893f3b12b622d3d5c9ee8e3c7aa67a862d71c77045cb612db,CaDiCaL 1.9.5,0,3600,descending-linear,1,/home/homulily/code/cadical-1.9.5/build/cadical --seed=0 '<temporary-cnf>',Python 3.14.4; networkx 3.6.1; numpy 2.5.0,DESKTOP-RJQ30EQ,Linux-6.8.0-51-generic-x86_64-with-glibc2.39,2026-08-23T22:09:40.948547+07:00
c21_5_d1.col,POP-S-B,21,102,8,7,7,OPTIMAL,7,168,984,3,3,0.002096742,0.005477762,0.007574504,FALSE,TRUE,2,aaee871cf6b933940232689b95a5fea4cdbad2eb,TRUE,8f19dbff4135e6cff9e4b147ebe8462603d5fe03,9b48d14af7b6c13caa07b34bb084a2f18f2bbe1f27e4357c5d1d30b214e43ba0,bd973250f588bcb893f3b12b622d3d5c9ee8e3c7aa67a862d71c77045cb612db,CaDiCaL 1.9.5,0,3600,descending-linear,1,/home/homulily/code/cadical-1.9.5/build/cadical --seed=0 '<temporary-cnf>',Python 3.14.4; networkx 3.6.1; numpy 2.5.0,DESKTOP-RJQ30EQ,Linux-6.8.0-51-generic-x86_64-with-glibc2.39,2026-08-23T22:09:40.959372+07:00
c21_5_d1.col,POPH-S-B,21,102,8,7,7,OPTIMAL,7,336,1467,3,3,0.002451819,0.006672242,0.009124061,FALSE,TRUE,2,aaee871cf6b933940232689b95a5fea4cdbad2eb,TRUE,8f19dbff4135e6cff9e4b147ebe8462603d5fe03,9b48d14af7b6c13caa07b34bb084a2f18f2bbe1f27e4357c5d1d30b214e43ba0,bd973250f588bcb893f3b12b622d3d5c9ee8e3c7aa67a862d71c77045cb612db,CaDiCaL 1.9.5,0,3600,descending-linear,1,/home/homulily/code/cadical-1.9.5/build/cadical --seed=0 '<temporary-cnf>',Python 3.14.4; networkx 3.6.1; numpy 2.5.0,DESKTOP-RJQ30EQ,Linux-6.8.0-51-generic-x86_64-with-glibc2.39,2026-08-23T22:09:40.971311+07:00
c21_5_d2.col,POP-S-B,21,102,8,7,7,OPTIMAL,7,168,984,3,3,0.002140976,0.005566949,0.007707925,FALSE,TRUE,2,aaee871cf6b933940232689b95a5fea4cdbad2eb,TRUE,8f19dbff4135e6cff9e4b147ebe8462603d5fe03,bfa272eb474be3d829f6ae72dc0b350e3cc16cae91bd5b0268f9d7d42e029bdf,bd973250f588bcb893f3b12b622d3d5c9ee8e3c7aa67a862d71c77045cb612db,CaDiCaL 1.9.5,0,3600,descending-linear,1,/home/homulily/code/cadical-1.9.5/build/cadical --seed=0 '<temporary-cnf>',Python 3.14.4; networkx 3.6.1; numpy 2.5.0,DESKTOP-RJQ30EQ,Linux-6.8.0-51-generic-x86_64-with-glibc2.39,2026-08-23T22:09:40.982183+07:00
c21_5_d2.col,POPH-S-B,21,102,8,7,7,OPTIMAL,7,336,1467,3,3,0.002818246,0.006749102,0.009567348,FALSE,TRUE,2,aaee871cf6b933940232689b95a5fea4cdbad2eb,TRUE,8f19dbff4135e6cff9e4b147ebe8462603d5fe03,bfa272eb474be3d829f6ae72dc0b350e3cc16cae91bd5b0268f9d7d42e029bdf,bd973250f588bcb893f3b12b622d3d5c9ee8e3c7aa67a862d71c77045cb612db,CaDiCaL 1.9.5,0,3600,descending-linear,1,/home/homulily/code/cadical-1.9.5/build/cadical --seed=0 '<temporary-cnf>',Python 3.14.4; networkx 3.6.1; numpy 2.5.0,DESKTOP-RJQ30EQ,Linux-6.8.0-51-generic-x86_64-with-glibc2.39,2026-08-23T22:09:40.994805+07:00
c21_6_d1.col,POP-S-B,21,102,12,9,9,OPTIMAL,9,252,1476,5,5,0.004786704,0.009537019,0.014323723,FALSE,TRUE,2,aaee871cf6b933940232689b95a5fea4cdbad2eb,TRUE,8f19dbff4135e6cff9e4b147ebe8462603d5fe03,67f709a59420aa411b280438ae2a69559cb89dbc2a475e7237b5ff6beb322fc2,bd973250f588bcb893f3b12b622d3d5c9ee8e3c7aa67a862d71c77045cb612db,CaDiCaL 1.9.5,0,3600,descending-linear,1,/home/homulily/code/cadical-1.9.5/build/cadical --seed=0 '<temporary-cnf>',Python 3.14.4; networkx 3.6.1; numpy 2.5.0,DESKTOP-RJQ30EQ,Linux-6.8.0-51-generic-x86_64-with-glibc2.39,2026-08-23T22:09:41.012724+07:00
c21_6_d1.col,POPH-S-B,21,102,12,9,9,OPTIMAL,9,504,2211,5,5,0.005982384,0.011167385,0.017149769,FALSE,TRUE,2,aaee871cf6b933940232689b95a5fea4cdbad2eb,TRUE,8f19dbff4135e6cff9e4b147ebe8462603d5fe03,67f709a59420aa411b280438ae2a69559cb89dbc2a475e7237b5ff6beb322fc2,bd973250f588bcb893f3b12b622d3d5c9ee8e3c7aa67a862d71c77045cb612db,CaDiCaL 1.9.5,0,3600,descending-linear,1,/home/homulily/code/cadical-1.9.5/build/cadical --seed=0 '<temporary-cnf>',Python 3.14.4; networkx 3.6.1; numpy 2.5.0,DESKTOP-RJQ30EQ,Linux-6.8.0-51-generic-x86_64-with-glibc2.39,2026-08-23T22:09:41.033224+07:00
c21_6_d2.col,POP-S-B,21,102,12,9,9,OPTIMAL,9,252,1476,5,5,0.004729626,0.009491345,0.014220971,FALSE,TRUE,2,aaee871cf6b933940232689b95a5fea4cdbad2eb,TRUE,8f19dbff4135e6cff9e4b147ebe8462603d5fe03,75ba8238057f4be94630617bff4cf631976862699cffdb81bcbe628b6f5af066,bd973250f588bcb893f3b12b622d3d5c9ee8e3c7aa67a862d71c77045cb612db,CaDiCaL 1.9.5,0,3600,descending-linear,1,/home/homulily/code/cadical-1.9.5/build/cadical --seed=0 '<temporary-cnf>',Python 3.14.4; networkx 3.6.1; numpy 2.5.0,DESKTOP-RJQ30EQ,Linux-6.8.0-51-generic-x86_64-with-glibc2.39,2026-08-23T22:09:41.051043+07:00
c21_6_d2.col,POPH-S-B,21,102,12,9,9,OPTIMAL,9,504,2211,5,5,0.006365795,0.010929453,0.017295248,FALSE,TRUE,2,aaee871cf6b933940232689b95a5fea4cdbad2eb,TRUE,8f19dbff4135e6cff9e4b147ebe8462603d5fe03,75ba8238057f4be94630617bff4cf631976862699cffdb81bcbe628b6f5af066,bd973250f588bcb893f3b12b622d3d5c9ee8e3c7aa67a862d71c77045cb612db,CaDiCaL 1.9.5,0,3600,descending-linear,1,/home/homulily/code/cadical-1.9.5/build/cadical --seed=0 '<temporary-cnf>',Python 3.14.4; networkx 3.6.1; numpy 2.5.0,DESKTOP-RJQ30EQ,Linux-6.8.0-51-generic-x86_64-with-glibc2.39,2026-08-23T22:09:41.072194+07:00
c21_7_d1.col,POP-S-B,21,102,8,7,7,OPTIMAL,7,168,984,3,3,0.002103833,0.005601286,0.007705119,FALSE,TRUE,2,aaee871cf6b933940232689b95a5fea4cdbad2eb,TRUE,8f19dbff4135e6cff9e4b147ebe8462603d5fe03,a5740086f18083fcf131d5f89bf75b7673b05dfb0366edb4c45fca95b2789986,bd973250f588bcb893f3b12b622d3d5c9ee8e3c7aa67a862d71c77045cb612db,CaDiCaL 1.9.5,0,3600,descending-linear,1,/home/homulily/code/cadical-1.9.5/build/cadical --seed=0 '<temporary-cnf>',Python 3.14.4; networkx 3.6.1; numpy 2.5.0,DESKTOP-RJQ30EQ,Linux-6.8.0-51-generic-x86_64-with-glibc2.39,2026-08-23T22:09:41.083435+07:00
c21_7_d1.col,POPH-S-B,21,102,8,7,7,OPTIMAL,7,336,1467,3,3,0.002570362,0.00632819,0.008898552,FALSE,TRUE,2,aaee871cf6b933940232689b95a5fea4cdbad2eb,TRUE,8f19dbff4135e6cff9e4b147ebe8462603d5fe03,a5740086f18083fcf131d5f89bf75b7673b05dfb0366edb4c45fca95b2789986,bd973250f588bcb893f3b12b622d3d5c9ee8e3c7aa67a862d71c77045cb612db,CaDiCaL 1.9.5,0,3600,descending-linear,1,/home/homulily/code/cadical-1.9.5/build/cadical --seed=0 '<temporary-cnf>',Python 3.14.4; networkx 3.6.1; numpy 2.5.0,DESKTOP-RJQ30EQ,Linux-6.8.0-51-generic-x86_64-with-glibc2.39,2026-08-23T22:09:41.095694+07:00
c21_7_d2.col,POP-S-B,21,102,8,7,7,OPTIMAL,7,168,984,3,3,0.002017441,0.005691052,0.007708493,FALSE,TRUE,2,aaee871cf6b933940232689b95a5fea4cdbad2eb,TRUE,8f19dbff4135e6cff9e4b147ebe8462603d5fe03,ac84b1b113bb6b57a70caec3bc248b94cc90c0bb1186f65645d78821eb05adbd,bd973250f588bcb893f3b12b622d3d5c9ee8e3c7aa67a862d71c77045cb612db,CaDiCaL 1.9.5,0,3600,descending-linear,1,/home/homulily/code/cadical-1.9.5/build/cadical --seed=0 '<temporary-cnf>',Python 3.14.4; networkx 3.6.1; numpy 2.5.0,DESKTOP-RJQ30EQ,Linux-6.8.0-51-generic-x86_64-with-glibc2.39,2026-08-23T22:09:41.106845+07:00
c21_7_d2.col,POPH-S-B,21,102,8,7,7,OPTIMAL,7,336,1467,3,3,0.002617509,0.006478073,0.009095582,FALSE,TRUE,2,aaee871cf6b933940232689b95a5fea4cdbad2eb,TRUE,8f19dbff4135e6cff9e4b147ebe8462603d5fe03,ac84b1b113bb6b57a70caec3bc248b94cc90c0bb1186f65645d78821eb05adbd,bd973250f588bcb893f3b12b622d3d5c9ee8e3c7aa67a862d71c77045cb612db,CaDiCaL 1.9.5,0,3600,descending-linear,1,/home/homulily/code/cadical-1.9.5/build/cadical --seed=0 '<temporary-cnf>',Python 3.14.4; networkx 3.6.1; numpy 2.5.0,DESKTOP-RJQ30EQ,Linux-6.8.0-51-generic-x86_64-with-glibc2.39,2026-08-23T22:09:41.119313+07:00
c21_8_d1.col,POP-S-B,21,102,12,9,9,OPTIMAL,9,252,1476,5,5,0.004316717,0.009225629,0.013542346,FALSE,TRUE,2,aaee871cf6b933940232689b95a5fea4cdbad2eb,TRUE,8f19dbff4135e6cff9e4b147ebe8462603d5fe03,bb8a14faad6327dbd85291090c1bdb4c5568aa8d9d5a7bd53c8654f3ab113224,bd973250f588bcb893f3b12b622d3d5c9ee8e3c7aa67a862d71c77045cb612db,CaDiCaL 1.9.5,0,3600,descending-linear,1,/home/homulily/code/cadical-1.9.5/build/cadical --seed=0 '<temporary-cnf>',Python 3.14.4; networkx 3.6.1; numpy 2.5.0,DESKTOP-RJQ30EQ,Linux-6.8.0-51-generic-x86_64-with-glibc2.39,2026-08-23T22:09:41.136501+07:00
c21_8_d1.col,POPH-S-B,21,102,12,9,9,OPTIMAL,9,504,2211,5,5,0.005888746,0.010961182,0.016849928,FALSE,TRUE,2,aaee871cf6b933940232689b95a5fea4cdbad2eb,TRUE,8f19dbff4135e6cff9e4b147ebe8462603d5fe03,bb8a14faad6327dbd85291090c1bdb4c5568aa8d9d5a7bd53c8654f3ab113224,bd973250f588bcb893f3b12b622d3d5c9ee8e3c7aa67a862d71c77045cb612db,CaDiCaL 1.9.5,0,3600,descending-linear,1,/home/homulily/code/cadical-1.9.5/build/cadical --seed=0 '<temporary-cnf>',Python 3.14.4; networkx 3.6.1; numpy 2.5.0,DESKTOP-RJQ30EQ,Linux-6.8.0-51-generic-x86_64-with-glibc2.39,2026-08-23T22:09:41.156747+07:00
c21_8_d2.col,POP-S-B,21,102,12,9,9,OPTIMAL,9,252,1476,5,5,0.004525359,0.008835656,0.013361015,FALSE,TRUE,2,aaee871cf6b933940232689b95a5fea4cdbad2eb,TRUE,8f19dbff4135e6cff9e4b147ebe8462603d5fe03,f5ba7310979dcec808371e784a264f60b7a9480e3c89e6597cce412caf40d991,bd973250f588bcb893f3b12b622d3d5c9ee8e3c7aa67a862d71c77045cb612db,CaDiCaL 1.9.5,0,3600,descending-linear,1,/home/homulily/code/cadical-1.9.5/build/cadical --seed=0 '<temporary-cnf>',Python 3.14.4; networkx 3.6.1; numpy 2.5.0,DESKTOP-RJQ30EQ,Linux-6.8.0-51-generic-x86_64-with-glibc2.39,2026-08-23T22:09:41.173635+07:00
c21_8_d2.col,POPH-S-B,21,102,12,9,9,OPTIMAL,9,504,2211,5,5,0.00619086,0.010721481,0.016912341,FALSE,TRUE,2,aaee871cf6b933940232689b95a5fea4cdbad2eb,TRUE,8f19dbff4135e6cff9e4b147ebe8462603d5fe03,f5ba7310979dcec808371e784a264f60b7a9480e3c89e6597cce412caf40d991,bd973250f588bcb893f3b12b622d3d5c9ee8e3c7aa67a862d71c77045cb612db,CaDiCaL 1.9.5,0,3600,descending-linear,1,/home/homulily/code/cadical-1.9.5/build/cadical --seed=0 '<temporary-cnf>',Python 3.14.4; networkx 3.6.1; numpy 2.5.0,DESKTOP-RJQ30EQ,Linux-6.8.0-51-generic-x86_64-with-glibc2.39,2026-08-23T22:09:41.194015+07:00
c25_1_d3.col,POP-S-B,25,134,8,8,8,OPTIMAL,8,200,1272,2,2,0.001907714,0.012077846,0.01398556,FALSE,TRUE,2,aaee871cf6b933940232689b95a5fea4cdbad2eb,TRUE,8f19dbff4135e6cff9e4b147ebe8462603d5fe03,1ea6804dc4a8d52338e7935ca90ec544a6f93a27cd092508d5f2a4a4309660a3,bd973250f588bcb893f3b12b622d3d5c9ee8e3c7aa67a862d71c77045cb612db,CaDiCaL 1.9.5,0,3600,descending-linear,1,/home/homulily/code/cadical-1.9.5/build/cadical --seed=0 '<temporary-cnf>',Python 3.14.4; networkx 3.6.1; numpy 2.5.0,DESKTOP-RJQ30EQ,Linux-6.8.0-51-generic-x86_64-with-glibc2.39,2026-08-23T22:09:41.212075+07:00
c25_1_d3.col,POPH-S-B,25,134,8,8,8,OPTIMAL,8,400,1847,2,2,0.00224189,0.014805534,0.017047424,FALSE,TRUE,2,aaee871cf6b933940232689b95a5fea4cdbad2eb,TRUE,8f19dbff4135e6cff9e4b147ebe8462603d5fe03,1ea6804dc4a8d52338e7935ca90ec544a6f93a27cd092508d5f2a4a4309660a3,bd973250f588bcb893f3b12b622d3d5c9ee8e3c7aa67a862d71c77045cb612db,CaDiCaL 1.9.5,0,3600,descending-linear,1,/home/homulily/code/cadical-1.9.5/build/cadical --seed=0 '<temporary-cnf>',Python 3.14.4; networkx 3.6.1; numpy 2.5.0,DESKTOP-RJQ30EQ,Linux-6.8.0-51-generic-x86_64-with-glibc2.39,2026-08-23T22:09:41.232115+07:00
c25_1_d4.col,POP-S-B,25,134,8,8,8,OPTIMAL,8,200,1272,2,2,0.0017831,0.012283157,0.014066257,FALSE,TRUE,2,aaee871cf6b933940232689b95a5fea4cdbad2eb,TRUE,8f19dbff4135e6cff9e4b147ebe8462603d5fe03,eff8f52de9e723400f83c97d0ec2abe45e41b6038672e20a4a4081e4715aca85,bd973250f588bcb893f3b12b622d3d5c9ee8e3c7aa67a862d71c77045cb612db,CaDiCaL 1.9.5,0,3600,descending-linear,1,/home/homulily/code/cadical-1.9.5/build/cadical --seed=0 '<temporary-cnf>',Python 3.14.4; networkx 3.6.1; numpy 2.5.0,DESKTOP-RJQ30EQ,Linux-6.8.0-51-generic-x86_64-with-glibc2.39,2026-08-23T22:09:41.249481+07:00
c25_1_d4.col,POPH-S-B,25,134,8,8,8,OPTIMAL,8,400,1847,2,2,0.002372269,0.015322768,0.017695037,FALSE,TRUE,2,aaee871cf6b933940232689b95a5fea4cdbad2eb,TRUE,8f19dbff4135e6cff9e4b147ebe8462603d5fe03,eff8f52de9e723400f83c97d0ec2abe45e41b6038672e20a4a4081e4715aca85,bd973250f588bcb893f3b12b622d3d5c9ee8e3c7aa67a862d71c77045cb612db,CaDiCaL 1.9.5,0,3600,descending-linear,1,/home/homulily/code/cadical-1.9.5/build/cadical --seed=0 '<temporary-cnf>',Python 3.14.4; networkx 3.6.1; numpy 2.5.0,DESKTOP-RJQ30EQ,Linux-6.8.0-51-generic-x86_64-with-glibc2.39,2026-08-23T22:09:41.270659+07:00
c55_1_d1.col,POP-S-B,55,362,9,7,7,OPTIMAL,7,495,3753,4,4,0.009531504,0.009375429,0.018906933,FALSE,TRUE,2,aaee871cf6b933940232689b95a5fea4cdbad2eb,TRUE,8f19dbff4135e6cff9e4b147ebe8462603d5fe03,483fac5e0df65a27f7312e2883f8f90c17f26d3a7bdd50c333212ca635e3f2e6,bd973250f588bcb893f3b12b622d3d5c9ee8e3c7aa67a862d71c77045cb612db,CaDiCaL 1.9.5,0,3600,descending-linear,1,/home/homulily/code/cadical-1.9.5/build/cadical --seed=0 '<temporary-cnf>',Python 3.14.4; networkx 3.6.1; numpy 2.5.0,DESKTOP-RJQ30EQ,Linux-6.8.0-51-generic-x86_64-with-glibc2.39,2026-08-23T22:09:41.293863+07:00
c55_1_d1.col,POPH-S-B,55,362,9,7,7,OPTIMAL,7,990,5183,4,4,0.016080223,0.011547121,0.027627344,FALSE,TRUE,2,aaee871cf6b933940232689b95a5fea4cdbad2eb,TRUE,8f19dbff4135e6cff9e4b147ebe8462603d5fe03,483fac5e0df65a27f7312e2883f8f90c17f26d3a7bdd50c333212ca635e3f2e6,bd973250f588bcb893f3b12b622d3d5c9ee8e3c7aa67a862d71c77045cb612db,CaDiCaL 1.9.5,0,3600,descending-linear,1,/home/homulily/code/cadical-1.9.5/build/cadical --seed=0 '<temporary-cnf>',Python 3.14.4; networkx 3.6.1; numpy 2.5.0,DESKTOP-RJQ30EQ,Linux-6.8.0-51-generic-x86_64-with-glibc2.39,2026-08-23T22:09:41.325036+07:00
c55_2_d2.col,POP-S-B,55,362,9,7,7,OPTIMAL,7,495,3753,4,4,0.009222678,0.009465483,0.018688161,FALSE,TRUE,2,aaee871cf6b933940232689b95a5fea4cdbad2eb,TRUE,8f19dbff4135e6cff9e4b147ebe8462603d5fe03,7b0078b893aeb838a0f5f0b3ece5f1505f2c0981a98c59561af4c69742a59ad6,bd973250f588bcb893f3b12b622d3d5c9ee8e3c7aa67a862d71c77045cb612db,CaDiCaL 1.9.5,0,3600,descending-linear,1,/home/homulily/code/cadical-1.9.5/build/cadical --seed=0 '<temporary-cnf>',Python 3.14.4; networkx 3.6.1; numpy 2.5.0,DESKTOP-RJQ30EQ,Linux-6.8.0-51-generic-x86_64-with-glibc2.39,2026-08-23T22:09:41.348090+07:00
c55_2_d2.col,POPH-S-B,55,362,9,7,7,OPTIMAL,7,990,5183,4,4,0.010709673,0.010589041,0.021298714,FALSE,TRUE,2,aaee871cf6b933940232689b95a5fea4cdbad2eb,TRUE,8f19dbff4135e6cff9e4b147ebe8462603d5fe03,7b0078b893aeb838a0f5f0b3ece5f1505f2c0981a98c59561af4c69742a59ad6,bd973250f588bcb893f3b12b622d3d5c9ee8e3c7aa67a862d71c77045cb612db,CaDiCaL 1.9.5,0,3600,descending-linear,1,/home/homulily/code/cadical-1.9.5/build/cadical --seed=0 '<temporary-cnf>',Python 3.14.4; networkx 3.6.1; numpy 2.5.0,DESKTOP-RJQ30EQ,Linux-6.8.0-51-generic-x86_64-with-glibc2.39,2026-08-23T22:09:41.372952+07:00
GEOM100.col,POP-S-B,100,547,65,50,50,OPTIMAL,50,6500,42055,17,17,0.477779531,0.561684469,1.039464,FALSE,TRUE,3,aaee871cf6b933940232689b95a5fea4cdbad2eb,TRUE,8f19dbff4135e6cff9e4b147ebe8462603d5fe03,91be09009a797c20a68cfb43f78cb01019c2cfdb8915d86e640e95938c315b19,bd973250f588bcb893f3b12b622d3d5c9ee8e3c7aa67a862d71c77045cb612db,CaDiCaL 1.9.5,0,3600,descending-linear,1,/home/homulily/code/cadical-1.9.5/build/cadical --seed=0 '<temporary-cnf>',Python 3.14.4; networkx 3.6.1; numpy 2.5.0,DESKTOP-RJQ30EQ,Linux-6.8.0-51-generic-x86_64-with-glibc2.39,2026-08-23T22:09:42.448069+07:00
GEOM100.col,POPH-S-B,100,547,65,50,50,OPTIMAL,50,13000,61455,17,17,0.673652664,0.736005769,1.409658433,FALSE,TRUE,3,aaee871cf6b933940232689b95a5fea4cdbad2eb,TRUE,8f19dbff4135e6cff9e4b147ebe8462603d5fe03,91be09009a797c20a68cfb43f78cb01019c2cfdb8915d86e640e95938c315b19,bd973250f588bcb893f3b12b622d3d5c9ee8e3c7aa67a862d71c77045cb612db,CaDiCaL 1.9.5,0,3600,descending-linear,1,/home/homulily/code/cadical-1.9.5/build/cadical --seed=0 '<temporary-cnf>',Python 3.14.4; networkx 3.6.1; numpy 2.5.0,DESKTOP-RJQ30EQ,Linux-6.8.0-51-generic-x86_64-with-glibc2.39,2026-08-23T22:09:43.898911+07:00
GEOM100a.col,POP-S-B,100,992,92,66,66,OPTIMAL,66,9200,100464,28,28,1.923850367,231.2173404,233.1411907,FALSE,TRUE,3,aaee871cf6b933940232689b95a5fea4cdbad2eb,TRUE,8f19dbff4135e6cff9e4b147ebe8462603d5fe03,630c8dde843161518427f8d7ef92d9d1373781a7e028e2918c0070a86261b0f7,bd973250f588bcb893f3b12b622d3d5c9ee8e3c7aa67a862d71c77045cb612db,CaDiCaL 1.9.5,0,3600,descending-linear,1,/home/homulily/code/cadical-1.9.5/build/cadical --seed=0 '<temporary-cnf>',Python 3.14.4; networkx 3.6.1; numpy 2.5.0,DESKTOP-RJQ30EQ,Linux-6.8.0-51-generic-x86_64-with-glibc2.39,2026-08-23T22:13:37.119972+07:00
GEOM100a.col,POPH-S-B,100,992,92,66,66,OPTIMAL,66,18400,127964,28,28,2.335312844,262.9122654,265.2475783,FALSE,TRUE,3,aaee871cf6b933940232689b95a5fea4cdbad2eb,TRUE,8f19dbff4135e6cff9e4b147ebe8462603d5fe03,630c8dde843161518427f8d7ef92d9d1373781a7e028e2918c0070a86261b0f7,bd973250f588bcb893f3b12b622d3d5c9ee8e3c7aa67a862d71c77045cb612db,CaDiCaL 1.9.5,0,3600,descending-linear,1,/home/homulily/code/cadical-1.9.5/build/cadical --seed=0 '<temporary-cnf>',Python 3.14.4; networkx 3.6.1; numpy 2.5.0,DESKTOP-RJQ30EQ,Linux-6.8.0-51-generic-x86_64-with-glibc2.39,2026-08-23T22:18:02.453754+07:00
GEOM100b.col,POP-S-B,100,1050,122,71,71,OPTIMAL,71,12200,140300,53,53,4.939420266,92.76406928,97.70348955,FALSE,TRUE,3,aaee871cf6b933940232689b95a5fea4cdbad2eb,TRUE,8f19dbff4135e6cff9e4b147ebe8462603d5fe03,14092a37b220ef17894222b959c735f68203286fc653930904fe5f13c3741ce5,bd973250f588bcb893f3b12b622d3d5c9ee8e3c7aa67a862d71c77045cb612db,CaDiCaL 1.9.5,0,3600,descending-linear,1,/home/homulily/code/cadical-1.9.5/build/cadical --seed=0 '<temporary-cnf>',Python 3.14.4; networkx 3.6.1; numpy 2.5.0,DESKTOP-RJQ30EQ,Linux-6.8.0-51-generic-x86_64-with-glibc2.39,2026-08-23T22:19:40.333369+07:00
GEOM100b.col,POPH-S-B,100,1050,122,71,71,OPTIMAL,71,24400,176800,53,53,5.575369726,68.85202244,74.42739216,FALSE,TRUE,3,aaee871cf6b933940232689b95a5fea4cdbad2eb,TRUE,8f19dbff4135e6cff9e4b147ebe8462603d5fe03,14092a37b220ef17894222b959c735f68203286fc653930904fe5f13c3741ce5,bd973250f588bcb893f3b12b622d3d5c9ee8e3c7aa67a862d71c77045cb612db,CaDiCaL 1.9.5,0,3600,descending-linear,1,/home/homulily/code/cadical-1.9.5/build/cadical --seed=0 '<temporary-cnf>',Python 3.14.4; networkx 3.6.1; numpy 2.5.0,DESKTOP-RJQ30EQ,Linux-6.8.0-51-generic-x86_64-with-glibc2.39,2026-08-23T22:20:54.955225+07:00
GEOM110.col,POP-S-B,110,638,65,50,50,OPTIMAL,50,7150,48620,17,17,0.583879156,0.681111331,1.264990487,FALSE,TRUE,3,aaee871cf6b933940232689b95a5fea4cdbad2eb,TRUE,8f19dbff4135e6cff9e4b147ebe8462603d5fe03,2c127a146238aee20765edfcc35a16dc2fd856e5577bfe6afdc859b7dcaddb49,bd973250f588bcb893f3b12b622d3d5c9ee8e3c7aa67a862d71c77045cb612db,CaDiCaL 1.9.5,0,3600,descending-linear,1,/home/homulily/code/cadical-1.9.5/build/cadical --seed=0 '<temporary-cnf>',Python 3.14.4; networkx 3.6.1; numpy 2.5.0,DESKTOP-RJQ30EQ,Linux-6.8.0-51-generic-x86_64-with-glibc2.39,2026-08-23T22:20:56.260190+07:00
GEOM110.col,POPH-S-B,110,638,65,50,50,OPTIMAL,50,14300,69960,17,17,0.755985331,0.816432083,1.572417414,FALSE,TRUE,3,aaee871cf6b933940232689b95a5fea4cdbad2eb,TRUE,8f19dbff4135e6cff9e4b147ebe8462603d5fe03,2c127a146238aee20765edfcc35a16dc2fd856e5577bfe6afdc859b7dcaddb49,bd973250f588bcb893f3b12b622d3d5c9ee8e3c7aa67a862d71c77045cb612db,CaDiCaL 1.9.5,0,3600,descending-linear,1,/home/homulily/code/cadical-1.9.5/build/cadical --seed=0 '<temporary-cnf>',Python 3.14.4; networkx 3.6.1; numpy 2.5.0,DESKTOP-RJQ30EQ,Linux-6.8.0-51-generic-x86_64-with-glibc2.39,2026-08-23T22:20:57.877344+07:00
GEOM110a.col,POP-S-B,110,1207,110,69,69,OPTIMAL,69,12100,144870,43,43,4.306578135,325.7751157,330.0816938,FALSE,TRUE,3,aaee871cf6b933940232689b95a5fea4cdbad2eb,TRUE,8f19dbff4135e6cff9e4b147ebe8462603d5fe03,9c37e408d641c20a1fc834cdfa27c50a49e532300506da93442ee8f07c8f7d3c,bd973250f588bcb893f3b12b622d3d5c9ee8e3c7aa67a862d71c77045cb612db,CaDiCaL 1.9.5,0,3600,descending-linear,1,/home/homulily/code/cadical-1.9.5/build/cadical --seed=0 '<temporary-cnf>',Python 3.14.4; networkx 3.6.1; numpy 2.5.0,DESKTOP-RJQ30EQ,Linux-6.8.0-51-generic-x86_64-with-glibc2.39,2026-08-23T22:26:28.108882+07:00
GEOM110a.col,POPH-S-B,110,1207,110,69,69,OPTIMAL,69,24200,181060,43,43,5.404892715,265.1670464,270.5719391,FALSE,TRUE,3,aaee871cf6b933940232689b95a5fea4cdbad2eb,TRUE,8f19dbff4135e6cff9e4b147ebe8462603d5fe03,9c37e408d641c20a1fc834cdfa27c50a49e532300506da93442ee8f07c8f7d3c,bd973250f588bcb893f3b12b622d3d5c9ee8e3c7aa67a862d71c77045cb612db,CaDiCaL 1.9.5,0,3600,descending-linear,1,/home/homulily/code/cadical-1.9.5/build/cadical --seed=0 '<temporary-cnf>',Python 3.14.4; networkx 3.6.1; numpy 2.5.0,DESKTOP-RJQ30EQ,Linux-6.8.0-51-generic-x86_64-with-glibc2.39,2026-08-23T22:30:58.849254+07:00
GEOM110b.col,POP-S-B,110,1256,122,77,77,OPTIMAL,77,13420,166652,47,47,5.839154243,261.7033177,267.5424719,FALSE,TRUE,3,aaee871cf6b933940232689b95a5fea4cdbad2eb,TRUE,8f19dbff4135e6cff9e4b147ebe8462603d5fe03,aea172a16bc42de0504b35909d35fce000ded1613c496d28ea719a2d44ba7c51,bd973250f588bcb893f3b12b622d3d5c9ee8e3c7aa67a862d71c77045cb612db,CaDiCaL 1.9.5,0,3600,descending-linear,1,/home/homulily/code/cadical-1.9.5/build/cadical --seed=0 '<temporary-cnf>',Python 3.14.4; networkx 3.6.1; numpy 2.5.0,DESKTOP-RJQ30EQ,Linux-6.8.0-51-generic-x86_64-with-glibc2.39,2026-08-23T22:35:26.578775+07:00
GEOM110b.col,POPH-S-B,110,1256,122,77,77,OPTIMAL,77,26840,206802,47,47,6.85841016,279.1491615,286.0075717,FALSE,TRUE,3,aaee871cf6b933940232689b95a5fea4cdbad2eb,TRUE,8f19dbff4135e6cff9e4b147ebe8462603d5fe03,aea172a16bc42de0504b35909d35fce000ded1613c496d28ea719a2d44ba7c51,bd973250f588bcb893f3b12b622d3d5c9ee8e3c7aa67a862d71c77045cb612db,CaDiCaL 1.9.5,0,3600,descending-linear,1,/home/homulily/code/cadical-1.9.5/build/cadical --seed=0 '<temporary-cnf>',Python 3.14.4; networkx 3.6.1; numpy 2.5.0,DESKTOP-RJQ30EQ,Linux-6.8.0-51-generic-x86_64-with-glibc2.39,2026-08-23T22:40:12.783638+07:00
GEOM120.col,POP-S-B,120,773,74,59,59,OPTIMAL,59,8880,66082,17,17,0.874968002,1.871391913,2.746359915,FALSE,TRUE,3,aaee871cf6b933940232689b95a5fea4cdbad2eb,TRUE,8f19dbff4135e6cff9e4b147ebe8462603d5fe03,26357a9d4e2d8b08cdf055e2a882589f86c22c313fd9674a7f44b405c2aade4a,bd973250f588bcb893f3b12b622d3d5c9ee8e3c7aa67a862d71c77045cb612db,CaDiCaL 1.9.5,0,3600,descending-linear,1,/home/homulily/code/cadical-1.9.5/build/cadical --seed=0 '<temporary-cnf>',Python 3.14.4; networkx 3.6.1; numpy 2.5.0,DESKTOP-RJQ30EQ,Linux-6.8.0-51-generic-x86_64-with-glibc2.39,2026-08-23T22:40:15.580259+07:00
GEOM120.col,POPH-S-B,120,773,74,59,59,OPTIMAL,59,17760,92602,17,17,1.1041258,2.423857269,3.527983069,FALSE,TRUE,3,aaee871cf6b933940232689b95a5fea4cdbad2eb,TRUE,8f19dbff4135e6cff9e4b147ebe8462603d5fe03,26357a9d4e2d8b08cdf055e2a882589f86c22c313fd9674a7f44b405c2aade4a,bd973250f588bcb893f3b12b622d3d5c9ee8e3c7aa67a862d71c77045cb612db,CaDiCaL 1.9.5,0,3600,descending-linear,1,/home/homulily/code/cadical-1.9.5/build/cadical --seed=0 '<temporary-cnf>',Python 3.14.4; networkx 3.6.1; numpy 2.5.0,DESKTOP-RJQ30EQ,Linux-6.8.0-51-generic-x86_64-with-glibc2.39,2026-08-23T22:40:19.163688+07:00
GEOM120a.col,POP-S-B,120,1434,110,82,82,OPTIMAL,82,13200,170940,30,30,4.252271352,122.1237629,126.3760343,FALSE,TRUE,3,aaee871cf6b933940232689b95a5fea4cdbad2eb,TRUE,8f19dbff4135e6cff9e4b147ebe8462603d5fe03,a920a2c75d8d4fde3a531cb30857d83f245364a0b88d5a18f86336b96bf07ab6,bd973250f588bcb893f3b12b622d3d5c9ee8e3c7aa67a862d71c77045cb612db,CaDiCaL 1.9.5,0,3600,descending-linear,1,/home/homulily/code/cadical-1.9.5/build/cadical --seed=0 '<temporary-cnf>',Python 3.14.4; networkx 3.6.1; numpy 2.5.0,DESKTOP-RJQ30EQ,Linux-6.8.0-51-generic-x86_64-with-glibc2.39,2026-08-23T22:42:25.666839+07:00
GEOM120a.col,POPH-S-B,120,1434,110,82,82,OPTIMAL,82,26400,210420,30,30,5.045679329,119.9662746,125.0119539,FALSE,TRUE,3,aaee871cf6b933940232689b95a5fea4cdbad2eb,TRUE,8f19dbff4135e6cff9e4b147ebe8462603d5fe03,a920a2c75d8d4fde3a531cb30857d83f245364a0b88d5a18f86336b96bf07ab6,bd973250f588bcb893f3b12b622d3d5c9ee8e3c7aa67a862d71c77045cb612db,CaDiCaL 1.9.5,0,3600,descending-linear,1,/home/homulily/code/cadical-1.9.5/build/cadical --seed=0 '<temporary-cnf>',Python 3.14.4; networkx 3.6.1; numpy 2.5.0,DESKTOP-RJQ30EQ,Linux-6.8.0-51-generic-x86_64-with-glibc2.39,2026-08-23T22:44:30.819643+07:00
GEOM120b.col,POP-S-B,120,1491,124,83,83,OPTIMAL,83,14880,199764,43,43,6.836062503,2655.849037,2662.6851,FALSE,TRUE,3,aaee871cf6b933940232689b95a5fea4cdbad2eb,TRUE,8f19dbff4135e6cff9e4b147ebe8462603d5fe03,745355ab3817a87504580de4d77629dce60b8f48ea8fb2c5da33224e8ef92e29,bd973250f588bcb893f3b12b622d3d5c9ee8e3c7aa67a862d71c77045cb612db,CaDiCaL 1.9.5,0,3600,descending-linear,1,/home/homulily/code/cadical-1.9.5/build/cadical --seed=0 '<temporary-cnf>',Python 3.14.4; networkx 3.6.1; numpy 2.5.0,DESKTOP-RJQ30EQ,Linux-6.8.0-51-generic-x86_64-with-glibc2.39,2026-08-23T23:28:53.693020+07:00
GEOM120b.col,POPH-S-B,120,1491,124,83,83,OPTIMAL,83,29760,244284,43,43,6.992553925,2210.313281,2217.305835,FALSE,TRUE,3,aaee871cf6b933940232689b95a5fea4cdbad2eb,TRUE,8f19dbff4135e6cff9e4b147ebe8462603d5fe03,745355ab3817a87504580de4d77629dce60b8f48ea8fb2c5da33224e8ef92e29,bd973250f588bcb893f3b12b622d3d5c9ee8e3c7aa67a862d71c77045cb612db,CaDiCaL 1.9.5,0,3600,descending-linear,1,/home/homulily/code/cadical-1.9.5/build/cadical --seed=0 '<temporary-cnf>',Python 3.14.4; networkx 3.6.1; numpy 2.5.0,DESKTOP-RJQ30EQ,Linux-6.8.0-51-generic-x86_64-with-glibc2.39,2026-08-24T00:47:58.869136+07:00
GEOM20.col,POP-S-B,20,20,25,21,21,OPTIMAL,21,500,1000,6,6,0.003844385,0.010343308,0.014187693,FALSE,TRUE,3,aaee871cf6b933940232689b95a5fea4cdbad2eb,TRUE,8f19dbff4135e6cff9e4b147ebe8462603d5fe03,08ed5ea76ef3bcb2228f4669162b3aa8c234de6a4dd75c3155a603919bc0167a,bd973250f588bcb893f3b12b622d3d5c9ee8e3c7aa67a862d71c77045cb612db,CaDiCaL 1.9.5,0,3600,descending-linear,1,/home/homulily/code/cadical-1.9.5/build/cadical --seed=0 '<temporary-cnf>',Python 3.14.4; networkx 3.6.1; numpy 2.5.0,DESKTOP-RJQ30EQ,Linux-6.8.0-51-generic-x86_64-with-glibc2.39,2026-08-24T00:47:58.887376+07:00
GEOM20.col,POPH-S-B,20,20,25,21,21,OPTIMAL,21,1000,2480,6,6,0.013328093,0.011724124,0.025052217,FALSE,TRUE,3,aaee871cf6b933940232689b95a5fea4cdbad2eb,TRUE,8f19dbff4135e6cff9e4b147ebe8462603d5fe03,08ed5ea76ef3bcb2228f4669162b3aa8c234de6a4dd75c3155a603919bc0167a,bd973250f588bcb893f3b12b622d3d5c9ee8e3c7aa67a862d71c77045cb612db,CaDiCaL 1.9.5,0,3600,descending-linear,1,/home/homulily/code/cadical-1.9.5/build/cadical --seed=0 '<temporary-cnf>',Python 3.14.4; networkx 3.6.1; numpy 2.5.0,DESKTOP-RJQ30EQ,Linux-6.8.0-51-generic-x86_64-with-glibc2.39,2026-08-24T00:47:58.929861+07:00
GEOM20a.col,POP-S-B,20,37,25,20,20,OPTIMAL,20,500,1425,7,7,0.005870234,0.011916924,0.017787158,FALSE,TRUE,3,aaee871cf6b933940232689b95a5fea4cdbad2eb,TRUE,8f19dbff4135e6cff9e4b147ebe8462603d5fe03,5fe086947cbc99c9630087a727d0c9fe00065a9c4f6d6ebea7115ab4a8c161fb,bd973250f588bcb893f3b12b622d3d5c9ee8e3c7aa67a862d71c77045cb612db,CaDiCaL 1.9.5,0,3600,descending-linear,1,/home/homulily/code/cadical-1.9.5/build/cadical --seed=0 '<temporary-cnf>',Python 3.14.4; networkx 3.6.1; numpy 2.5.0,DESKTOP-RJQ30EQ,Linux-6.8.0-51-generic-x86_64-with-glibc2.39,2026-08-24T00:47:58.951648+07:00
GEOM20a.col,POPH-S-B,20,37,25,20,20,OPTIMAL,20,1000,2905,7,7,0.010478221,0.013178816,0.023657037,FALSE,TRUE,3,aaee871cf6b933940232689b95a5fea4cdbad2eb,TRUE,8f19dbff4135e6cff9e4b147ebe8462603d5fe03,5fe086947cbc99c9630087a727d0c9fe00065a9c4f6d6ebea7115ab4a8c161fb,bd973250f588bcb893f3b12b622d3d5c9ee8e3c7aa67a862d71c77045cb612db,CaDiCaL 1.9.5,0,3600,descending-linear,1,/home/homulily/code/cadical-1.9.5/build/cadical --seed=0 '<temporary-cnf>',Python 3.14.4; networkx 3.6.1; numpy 2.5.0,DESKTOP-RJQ30EQ,Linux-6.8.0-51-generic-x86_64-with-glibc2.39,2026-08-24T00:47:58.979251+07:00
GEOM20b.col,POP-S-B,20,32,17,13,13,OPTIMAL,13,340,884,6,6,0.003193701,0.008451129,0.01164483,FALSE,TRUE,3,aaee871cf6b933940232689b95a5fea4cdbad2eb,TRUE,8f19dbff4135e6cff9e4b147ebe8462603d5fe03,6be144806384554ada26f70be526ed0d42afb61a447cd96f826be5dbcf60288a,bd973250f588bcb893f3b12b622d3d5c9ee8e3c7aa67a862d71c77045cb612db,CaDiCaL 1.9.5,0,3600,descending-linear,1,/home/homulily/code/cadical-1.9.5/build/cadical --seed=0 '<temporary-cnf>',Python 3.14.4; networkx 3.6.1; numpy 2.5.0,DESKTOP-RJQ30EQ,Linux-6.8.0-51-generic-x86_64-with-glibc2.39,2026-08-24T00:47:58.994441+07:00
GEOM20b.col,POPH-S-B,20,32,17,13,13,OPTIMAL,13,680,1884,6,6,0.0056695,0.008821448,0.014490948,FALSE,TRUE,3,aaee871cf6b933940232689b95a5fea4cdbad2eb,TRUE,8f19dbff4135e6cff9e4b147ebe8462603d5fe03,6be144806384554ada26f70be526ed0d42afb61a447cd96f826be5dbcf60288a,bd973250f588bcb893f3b12b622d3d5c9ee8e3c7aa67a862d71c77045cb612db,CaDiCaL 1.9.5,0,3600,descending-linear,1,/home/homulily/code/cadical-1.9.5/build/cadical --seed=0 '<temporary-cnf>',Python 3.14.4; networkx 3.6.1; numpy 2.5.0,DESKTOP-RJQ30EQ,Linux-6.8.0-51-generic-x86_64-with-glibc2.39,2026-08-24T00:47:59.012419+07:00
GEOM30.col,POP-S-B,30,50,34,28,28,OPTIMAL,28,1020,2720,8,8,0.01334326,0.015907159,0.029250419,FALSE,TRUE,3,aaee871cf6b933940232689b95a5fea4cdbad2eb,TRUE,8f19dbff4135e6cff9e4b147ebe8462603d5fe03,489bd893683e4c3672aba625abb2643d68f9c2a6d3776c9b26400831c548bd51,bd973250f588bcb893f3b12b622d3d5c9ee8e3c7aa67a862d71c77045cb612db,CaDiCaL 1.9.5,0,3600,descending-linear,1,/home/homulily/code/cadical-1.9.5/build/cadical --seed=0 '<temporary-cnf>',Python 3.14.4; networkx 3.6.1; numpy 2.5.0,DESKTOP-RJQ30EQ,Linux-6.8.0-51-generic-x86_64-with-glibc2.39,2026-08-24T00:47:59.047134+07:00
GEOM30.col,POPH-S-B,30,50,34,28,28,OPTIMAL,28,2040,5750,8,8,0.02877771,0.021136664,0.049914374,FALSE,TRUE,3,aaee871cf6b933940232689b95a5fea4cdbad2eb,TRUE,8f19dbff4135e6cff9e4b147ebe8462603d5fe03,489bd893683e4c3672aba625abb2643d68f9c2a6d3776c9b26400831c548bd51,bd973250f588bcb893f3b12b622d3d5c9ee8e3c7aa67a862d71c77045cb612db,CaDiCaL 1.9.5,0,3600,descending-linear,1,/home/homulily/code/cadical-1.9.5/build/cadical --seed=0 '<temporary-cnf>',Python 3.14.4; networkx 3.6.1; numpy 2.5.0,DESKTOP-RJQ30EQ,Linux-6.8.0-51-generic-x86_64-with-glibc2.39,2026-08-24T00:47:59.102511+07:00
GEOM30a.col,POP-S-B,30,81,33,27,27,OPTIMAL,27,990,3663,8,8,0.017832741,0.018091937,0.035924678,FALSE,TRUE,3,aaee871cf6b933940232689b95a5fea4cdbad2eb,TRUE,8f19dbff4135e6cff9e4b147ebe8462603d5fe03,10bfa32a02f1c8633027611fc7eb773d3d5088d3bc49d1419471fc4ca266eca9,bd973250f588bcb893f3b12b622d3d5c9ee8e3c7aa67a862d71c77045cb612db,CaDiCaL 1.9.5,0,3600,descending-linear,1,/home/homulily/code/cadical-1.9.5/build/cadical --seed=0 '<temporary-cnf>',Python 3.14.4; networkx 3.6.1; numpy 2.5.0,DESKTOP-RJQ30EQ,Linux-6.8.0-51-generic-x86_64-with-glibc2.39,2026-08-24T00:47:59.143569+07:00
GEOM30a.col,POPH-S-B,30,81,33,27,27,OPTIMAL,27,1980,6603,8,8,0.027237043,0.022173609,0.049410652,FALSE,TRUE,3,aaee871cf6b933940232689b95a5fea4cdbad2eb,TRUE,8f19dbff4135e6cff9e4b147ebe8462603d5fe03,10bfa32a02f1c8633027611fc7eb773d3d5088d3bc49d1419471fc4ca266eca9,bd973250f588bcb893f3b12b622d3d5c9ee8e3c7aa67a862d71c77045cb612db,CaDiCaL 1.9.5,0,3600,descending-linear,1,/home/homulily/code/cadical-1.9.5/build/cadical --seed=0 '<temporary-cnf>',Python 3.14.4; networkx 3.6.1; numpy 2.5.0,DESKTOP-RJQ30EQ,Linux-6.8.0-51-generic-x86_64-with-glibc2.39,2026-08-24T00:47:59.198231+07:00
GEOM30b.col,POP-S-B,30,81,28,26,26,OPTIMAL,26,840,3108,4,4,0.007884515,0.00792192,0.015806435,FALSE,TRUE,3,aaee871cf6b933940232689b95a5fea4cdbad2eb,TRUE,8f19dbff4135e6cff9e4b147ebe8462603d5fe03,41e7babfc1e85334f1653ee7e88e11a11b0065ce2d50a72a801b4b00cfe2330a,bd973250f588bcb893f3b12b622d3d5c9ee8e3c7aa67a862d71c77045cb612db,CaDiCaL 1.9.5,0,3600,descending-linear,1,/home/homulily/code/cadical-1.9.5/build/cadical --seed=0 '<temporary-cnf>',Python 3.14.4; networkx 3.6.1; numpy 2.5.0,DESKTOP-RJQ30EQ,Linux-6.8.0-51-generic-x86_64-with-glibc2.39,2026-08-24T00:47:59.217821+07:00
GEOM30b.col,POPH-S-B,30,81,28,26,26,OPTIMAL,26,1680,5598,4,4,0.017208125,0.009986486,0.027194611,FALSE,TRUE,3,aaee871cf6b933940232689b95a5fea4cdbad2eb,TRUE,8f19dbff4135e6cff9e4b147ebe8462603d5fe03,41e7babfc1e85334f1653ee7e88e11a11b0065ce2d50a72a801b4b00cfe2330a,bd973250f588bcb893f3b12b622d3d5c9ee8e3c7aa67a862d71c77045cb612db,CaDiCaL 1.9.5,0,3600,descending-linear,1,/home/homulily/code/cadical-1.9.5/build/cadical --seed=0 '<temporary-cnf>',Python 3.14.4; networkx 3.6.1; numpy 2.5.0,DESKTOP-RJQ30EQ,Linux-6.8.0-51-generic-x86_64-with-glibc2.39,2026-08-24T00:47:59.248846+07:00
GEOM40.col,POP-S-B,40,78,34,28,28,OPTIMAL,28,1360,4012,8,8,0.020072136,0.018778035,0.038850171,FALSE,TRUE,3,aaee871cf6b933940232689b95a5fea4cdbad2eb,TRUE,8f19dbff4135e6cff9e4b147ebe8462603d5fe03,4968db2efd363df2b56fdfbab3c914f8100884884a68f0b07cbbc4e20aa1f192,bd973250f588bcb893f3b12b622d3d5c9ee8e3c7aa67a862d71c77045cb612db,CaDiCaL 1.9.5,0,3600,descending-linear,1,/home/homulily/code/cadical-1.9.5/build/cadical --seed=0 '<temporary-cnf>',Python 3.14.4; networkx 3.6.1; numpy 2.5.0,DESKTOP-RJQ30EQ,Linux-6.8.0-51-generic-x86_64-with-glibc2.39,2026-08-24T00:47:59.293520+07:00
GEOM40.col,POPH-S-B,40,78,34,28,28,OPTIMAL,28,2720,8052,8,8,0.039357255,0.024173388,0.063530643,FALSE,TRUE,3,aaee871cf6b933940232689b95a5fea4cdbad2eb,TRUE,8f19dbff4135e6cff9e4b147ebe8462603d5fe03,4968db2efd363df2b56fdfbab3c914f8100884884a68f0b07cbbc4e20aa1f192,bd973250f588bcb893f3b12b622d3d5c9ee8e3c7aa67a862d71c77045cb612db,CaDiCaL 1.9.5,0,3600,descending-linear,1,/home/homulily/code/cadical-1.9.5/build/cadical --seed=0 '<temporary-cnf>',Python 3.14.4; networkx 3.6.1; numpy 2.5.0,DESKTOP-RJQ30EQ,Linux-6.8.0-51-generic-x86_64-with-glibc2.39,2026-08-24T00:47:59.363392+07:00
GEOM40a.col,POP-S-B,40,146,51,37,37,OPTIMAL,37,2040,9486,16,16,0.095793354,0.07806626,0.173859614,FALSE,TRUE,3,aaee871cf6b933940232689b95a5fea4cdbad2eb,TRUE,8f19dbff4135e6cff9e4b147ebe8462603d5fe03,0bd50dc07b7e234154a3f92e5d2cf1ac6ad83c47badf984a837587fe7c35ca6b,bd973250f588bcb893f3b12b622d3d5c9ee8e3c7aa67a862d71c77045cb612db,CaDiCaL 1.9.5,0,3600,descending-linear,1,/home/homulily/code/cadical-1.9.5/build/cadical --seed=0 '<temporary-cnf>',Python 3.14.4; networkx 3.6.1; numpy 2.5.0,DESKTOP-RJQ30EQ,Linux-6.8.0-51-generic-x86_64-with-glibc2.39,2026-08-24T00:47:59.548808+07:00
GEOM40a.col,POPH-S-B,40,146,51,37,37,OPTIMAL,37,4080,15566,16,16,0.135369789,0.100533493,0.235903282,FALSE,TRUE,3,aaee871cf6b933940232689b95a5fea4cdbad2eb,TRUE,8f19dbff4135e6cff9e4b147ebe8462603d5fe03,0bd50dc07b7e234154a3f92e5d2cf1ac6ad83c47badf984a837587fe7c35ca6b,bd973250f588bcb893f3b12b622d3d5c9ee8e3c7aa67a862d71c77045cb612db,CaDiCaL 1.9.5,0,3600,descending-linear,1,/home/homulily/code/cadical-1.9.5/build/cadical --seed=0 '<temporary-cnf>',Python 3.14.4; networkx 3.6.1; numpy 2.5.0,DESKTOP-RJQ30EQ,Linux-6.8.0-51-generic-x86_64-with-glibc2.39,2026-08-24T00:47:59.797566+07:00
GEOM40b.col,POP-S-B,40,157,41,33,33,OPTIMAL,33,1640,8077,10,10,0.053356896,0.040316578,0.093673474,FALSE,TRUE,3,aaee871cf6b933940232689b95a5fea4cdbad2eb,TRUE,8f19dbff4135e6cff9e4b147ebe8462603d5fe03,1ccb98f8f5e910eb9d4064ba5b23dff42c9067ecd2d40d0879250dbd16181ddf,bd973250f588bcb893f3b12b622d3d5c9ee8e3c7aa67a862d71c77045cb612db,CaDiCaL 1.9.5,0,3600,descending-linear,1,/home/homulily/code/cadical-1.9.5/build/cadical --seed=0 '<temporary-cnf>',Python 3.14.4; networkx 3.6.1; numpy 2.5.0,DESKTOP-RJQ30EQ,Linux-6.8.0-51-generic-x86_64-with-glibc2.39,2026-08-24T00:47:59.898636+07:00
GEOM40b.col,POPH-S-B,40,157,41,33,33,OPTIMAL,33,3280,12957,10,10,0.074760329,0.05170252,0.126462849,FALSE,TRUE,3,aaee871cf6b933940232689b95a5fea4cdbad2eb,TRUE,8f19dbff4135e6cff9e4b147ebe8462603d5fe03,1ccb98f8f5e910eb9d4064ba5b23dff42c9067ecd2d40d0879250dbd16181ddf,bd973250f588bcb893f3b12b622d3d5c9ee8e3c7aa67a862d71c77045cb612db,CaDiCaL 1.9.5,0,3600,descending-linear,1,/home/homulily/code/cadical-1.9.5/build/cadical --seed=0 '<temporary-cnf>',Python 3.14.4; networkx 3.6.1; numpy 2.5.0,DESKTOP-RJQ30EQ,Linux-6.8.0-51-generic-x86_64-with-glibc2.39,2026-08-24T00:48:00.033379+07:00
GEOM50.col,POP-S-B,50,127,37,28,28,OPTIMAL,28,1850,6549,11,11,0.048338926,0.03296896,0.081307886,FALSE,TRUE,3,aaee871cf6b933940232689b95a5fea4cdbad2eb,TRUE,8f19dbff4135e6cff9e4b147ebe8462603d5fe03,c584455fa3b51a54152148534733fdf90022ccefd515c1770417925f43ef5434,bd973250f588bcb893f3b12b622d3d5c9ee8e3c7aa67a862d71c77045cb612db,CaDiCaL 1.9.5,0,3600,descending-linear,1,/home/homulily/code/cadical-1.9.5/build/cadical --seed=0 '<temporary-cnf>',Python 3.14.4; networkx 3.6.1; numpy 2.5.0,DESKTOP-RJQ30EQ,Linux-6.8.0-51-generic-x86_64-with-glibc2.39,2026-08-24T00:48:00.123276+07:00
GEOM50.col,POPH-S-B,50,127,37,28,28,OPTIMAL,28,3700,12049,11,11,0.072884393,0.042846377,0.11573077,FALSE,TRUE,3,aaee871cf6b933940232689b95a5fea4cdbad2eb,TRUE,8f19dbff4135e6cff9e4b147ebe8462603d5fe03,c584455fa3b51a54152148534733fdf90022ccefd515c1770417925f43ef5434,bd973250f588bcb893f3b12b622d3d5c9ee8e3c7aa67a862d71c77045cb612db,CaDiCaL 1.9.5,0,3600,descending-linear,1,/home/homulily/code/cadical-1.9.5/build/cadical --seed=0 '<temporary-cnf>',Python 3.14.4; networkx 3.6.1; numpy 2.5.0,DESKTOP-RJQ30EQ,Linux-6.8.0-51-generic-x86_64-with-glibc2.39,2026-08-24T00:48:00.248691+07:00
GEOM50a.col,POP-S-B,50,238,62,50,50,OPTIMAL,50,3100,17856,14,14,0.170364373,0.357793986,0.528158359,FALSE,TRUE,3,aaee871cf6b933940232689b95a5fea4cdbad2eb,TRUE,8f19dbff4135e6cff9e4b147ebe8462603d5fe03,09a35a2b65ed3e0dcd221ac73c5adb47901d19e134e9d9ce99d087c064f5b13b,bd973250f588bcb893f3b12b622d3d5c9ee8e3c7aa67a862d71c77045cb612db,CaDiCaL 1.9.5,0,3600,descending-linear,1,/home/homulily/code/cadical-1.9.5/build/cadical --seed=0 '<temporary-cnf>',Python 3.14.4; networkx 3.6.1; numpy 2.5.0,DESKTOP-RJQ30EQ,Linux-6.8.0-51-generic-x86_64-with-glibc2.39,2026-08-24T00:48:00.792188+07:00
GEOM50a.col,POPH-S-B,50,238,62,50,50,OPTIMAL,50,6200,27106,14,14,0.230184303,0.322554459,0.552738762,FALSE,TRUE,3,aaee871cf6b933940232689b95a5fea4cdbad2eb,TRUE,8f19dbff4135e6cff9e4b147ebe8462603d5fe03,09a35a2b65ed3e0dcd221ac73c5adb47901d19e134e9d9ce99d087c064f5b13b,bd973250f588bcb893f3b12b622d3d5c9ee8e3c7aa67a862d71c77045cb612db,CaDiCaL 1.9.5,0,3600,descending-linear,1,/home/homulily/code/cadical-1.9.5/build/cadical --seed=0 '<temporary-cnf>',Python 3.14.4; networkx 3.6.1; numpy 2.5.0,DESKTOP-RJQ30EQ,Linux-6.8.0-51-generic-x86_64-with-glibc2.39,2026-08-24T00:48:01.361697+07:00
GEOM50b.col,POP-S-B,50,249,55,35,35,OPTIMAL,35,2750,16445,22,22,0.217741655,0.156584203,0.374325858,FALSE,TRUE,3,aaee871cf6b933940232689b95a5fea4cdbad2eb,TRUE,8f19dbff4135e6cff9e4b147ebe8462603d5fe03,7b21131c086e1fd406658aed26e1d79b31aa8f81bf25493c8658813e81076dca,bd973250f588bcb893f3b12b622d3d5c9ee8e3c7aa67a862d71c77045cb612db,CaDiCaL 1.9.5,0,3600,descending-linear,1,/home/homulily/code/cadical-1.9.5/build/cadical --seed=0 '<temporary-cnf>',Python 3.14.4; networkx 3.6.1; numpy 2.5.0,DESKTOP-RJQ30EQ,Linux-6.8.0-51-generic-x86_64-with-glibc2.39,2026-08-24T00:48:01.754083+07:00
GEOM50b.col,POPH-S-B,50,249,55,35,35,OPTIMAL,35,5500,24645,22,22,0.305258201,0.259108348,0.564366549,FALSE,TRUE,3,aaee871cf6b933940232689b95a5fea4cdbad2eb,TRUE,8f19dbff4135e6cff9e4b147ebe8462603d5fe03,7b21131c086e1fd406658aed26e1d79b31aa8f81bf25493c8658813e81076dca,bd973250f588bcb893f3b12b622d3d5c9ee8e3c7aa67a862d71c77045cb612db,CaDiCaL 1.9.5,0,3600,descending-linear,1,/home/homulily/code/cadical-1.9.5/build/cadical --seed=0 '<temporary-cnf>',Python 3.14.4; networkx 3.6.1; numpy 2.5.0,DESKTOP-RJQ30EQ,Linux-6.8.0-51-generic-x86_64-with-glibc2.39,2026-08-24T00:48:02.339825+07:00
GEOM60.col,POP-S-B,60,185,37,33,33,OPTIMAL,33,2220,9065,6,6,0.039465763,0.023018708,0.062484471,FALSE,TRUE,3,aaee871cf6b933940232689b95a5fea4cdbad2eb,TRUE,8f19dbff4135e6cff9e4b147ebe8462603d5fe03,9575aa95916bb0ddb24ac95ceb686ad79834715a8c3c97743905c76227ffa048,bd973250f588bcb893f3b12b622d3d5c9ee8e3c7aa67a862d71c77045cb612db,CaDiCaL 1.9.5,0,3600,descending-linear,1,/home/homulily/code/cadical-1.9.5/build/cadical --seed=0 '<temporary-cnf>',Python 3.14.4; networkx 3.6.1; numpy 2.5.0,DESKTOP-RJQ30EQ,Linux-6.8.0-51-generic-x86_64-with-glibc2.39,2026-08-24T00:48:02.409184+07:00
GEOM60.col,POPH-S-B,60,185,37,33,33,OPTIMAL,33,4440,15665,6,6,0.056378893,0.030716896,0.087095789,FALSE,TRUE,3,aaee871cf6b933940232689b95a5fea4cdbad2eb,TRUE,8f19dbff4135e6cff9e4b147ebe8462603d5fe03,9575aa95916bb0ddb24ac95ceb686ad79834715a8c3c97743905c76227ffa048,bd973250f588bcb893f3b12b622d3d5c9ee8e3c7aa67a862d71c77045cb612db,CaDiCaL 1.9.5,0,3600,descending-linear,1,/home/homulily/code/cadical-1.9.5/build/cadical --seed=0 '<temporary-cnf>',Python 3.14.4; networkx 3.6.1; numpy 2.5.0,DESKTOP-RJQ30EQ,Linux-6.8.0-51-generic-x86_64-with-glibc2.39,2026-08-24T00:48:02.503016+07:00
GEOM60a.col,POP-S-B,60,339,62,50,50,OPTIMAL,50,3720,24738,14,14,0.229694882,0.404912191,0.634607073,FALSE,TRUE,3,aaee871cf6b933940232689b95a5fea4cdbad2eb,TRUE,8f19dbff4135e6cff9e4b147ebe8462603d5fe03,c6266e394b59107ef80c14a3ed0d8dd4ae62c646238c8358f8080547a85fd68c,bd973250f588bcb893f3b12b622d3d5c9ee8e3c7aa67a862d71c77045cb612db,CaDiCaL 1.9.5,0,3600,descending-linear,1,/home/homulily/code/cadical-1.9.5/build/cadical --seed=0 '<temporary-cnf>',Python 3.14.4; networkx 3.6.1; numpy 2.5.0,DESKTOP-RJQ30EQ,Linux-6.8.0-51-generic-x86_64-with-glibc2.39,2026-08-24T00:48:03.155230+07:00
GEOM60a.col,POPH-S-B,60,339,62,50,50,OPTIMAL,50,7440,35838,14,14,0.303248083,0.427618394,0.730866477,FALSE,TRUE,3,aaee871cf6b933940232689b95a5fea4cdbad2eb,TRUE,8f19dbff4135e6cff9e4b147ebe8462603d5fe03,c6266e394b59107ef80c14a3ed0d8dd4ae62c646238c8358f8080547a85fd68c,bd973250f588bcb893f3b12b622d3d5c9ee8e3c7aa67a862d71c77045cb612db,CaDiCaL 1.9.5,0,3600,descending-linear,1,/home/homulily/code/cadical-1.9.5/build/cadical --seed=0 '<temporary-cnf>',Python 3.14.4; networkx 3.6.1; numpy 2.5.0,DESKTOP-RJQ30EQ,Linux-6.8.0-51-generic-x86_64-with-glibc2.39,2026-08-24T00:48:03.906359+07:00
GEOM60b.col,POP-S-B,60,366,64,41,41,OPTIMAL,41,3840,27264,25,25,0.419792886,0.665073143,1.084866029,FALSE,TRUE,3,aaee871cf6b933940232689b95a5fea4cdbad2eb,TRUE,8f19dbff4135e6cff9e4b147ebe8462603d5fe03,8305498f1acbb0e13fc3e5b6756eebb72600bd69b237f5d836248a8d8e040f76,bd973250f588bcb893f3b12b622d3d5c9ee8e3c7aa67a862d71c77045cb612db,CaDiCaL 1.9.5,0,3600,descending-linear,1,/home/homulily/code/cadical-1.9.5/build/cadical --seed=0 '<temporary-cnf>',Python 3.14.4; networkx 3.6.1; numpy 2.5.0,DESKTOP-RJQ30EQ,Linux-6.8.0-51-generic-x86_64-with-glibc2.39,2026-08-24T00:48:05.024001+07:00
GEOM60b.col,POPH-S-B,60,366,64,41,41,OPTIMAL,41,7680,38724,25,25,0.547492183,1.004706823,1.552199006,FALSE,TRUE,3,aaee871cf6b933940232689b95a5fea4cdbad2eb,TRUE,8f19dbff4135e6cff9e4b147ebe8462603d5fe03,8305498f1acbb0e13fc3e5b6756eebb72600bd69b237f5d836248a8d8e040f76,bd973250f588bcb893f3b12b622d3d5c9ee8e3c7aa67a862d71c77045cb612db,CaDiCaL 1.9.5,0,3600,descending-linear,1,/home/homulily/code/cadical-1.9.5/build/cadical --seed=0 '<temporary-cnf>',Python 3.14.4; networkx 3.6.1; numpy 2.5.0,DESKTOP-RJQ30EQ,Linux-6.8.0-51-generic-x86_64-with-glibc2.39,2026-08-24T00:48:06.608755+07:00
GEOM70.col,POP-S-B,70,267,45,38,38,OPTIMAL,38,3150,15165,9,9,0.09245245,0.058296427,0.150748877,FALSE,TRUE,3,aaee871cf6b933940232689b95a5fea4cdbad2eb,TRUE,8f19dbff4135e6cff9e4b147ebe8462603d5fe03,6709158dd6a0c24605665511d543798f2cda198fb9b943c841d842af483b8b5f,bd973250f588bcb893f3b12b622d3d5c9ee8e3c7aa67a862d71c77045cb612db,CaDiCaL 1.9.5,0,3600,descending-linear,1,/home/homulily/code/cadical-1.9.5/build/cadical --seed=0 '<temporary-cnf>',Python 3.14.4; networkx 3.6.1; numpy 2.5.0,DESKTOP-RJQ30EQ,Linux-6.8.0-51-generic-x86_64-with-glibc2.39,2026-08-24T00:48:06.770259+07:00
GEOM70.col,POPH-S-B,70,267,45,38,38,OPTIMAL,38,6300,24545,9,9,0.138810506,0.077188431,0.215998937,FALSE,TRUE,3,aaee871cf6b933940232689b95a5fea4cdbad2eb,TRUE,8f19dbff4135e6cff9e4b147ebe8462603d5fe03,6709158dd6a0c24605665511d543798f2cda198fb9b943c841d842af483b8b5f,bd973250f588bcb893f3b12b622d3d5c9ee8e3c7aa67a862d71c77045cb612db,CaDiCaL 1.9.5,0,3600,descending-linear,1,/home/homulily/code/cadical-1.9.5/build/cadical --seed=0 '<temporary-cnf>',Python 3.14.4; networkx 3.6.1; numpy 2.5.0,DESKTOP-RJQ30EQ,Linux-6.8.0-51-generic-x86_64-with-glibc2.39,2026-08-24T00:48:06.997794+07:00
GEOM70a.col,POP-S-B,70,459,73,61,61,OPTIMAL,61,5110,38617,14,14,0.383757758,2.540602883,2.924360641,FALSE,TRUE,3,aaee871cf6b933940232689b95a5fea4cdbad2eb,TRUE,8f19dbff4135e6cff9e4b147ebe8462603d5fe03,e256a1a0b8f2637a931d35ffacdb28b715bcafa769a4bbedc21eb991683d0a40,bd973250f588bcb893f3b12b622d3d5c9ee8e3c7aa67a862d71c77045cb612db,CaDiCaL 1.9.5,0,3600,descending-linear,1,/home/homulily/code/cadical-1.9.5/build/cadical --seed=0 '<temporary-cnf>',Python 3.14.4; networkx 3.6.1; numpy 2.5.0,DESKTOP-RJQ30EQ,Linux-6.8.0-51-generic-x86_64-with-glibc2.39,2026-08-24T00:48:09.946047+07:00
GEOM70a.col,POPH-S-B,70,459,73,61,61,OPTIMAL,61,10220,53877,14,14,0.489751863,2.501957809,2.991709672,FALSE,TRUE,3,aaee871cf6b933940232689b95a5fea4cdbad2eb,TRUE,8f19dbff4135e6cff9e4b147ebe8462603d5fe03,e256a1a0b8f2637a931d35ffacdb28b715bcafa769a4bbedc21eb991683d0a40,bd973250f588bcb893f3b12b622d3d5c9ee8e3c7aa67a862d71c77045cb612db,CaDiCaL 1.9.5,0,3600,descending-linear,1,/home/homulily/code/cadical-1.9.5/build/cadical --seed=0 '<temporary-cnf>',Python 3.14.4; networkx 3.6.1; numpy 2.5.0,DESKTOP-RJQ30EQ,Linux-6.8.0-51-generic-x86_64-with-glibc2.39,2026-08-24T00:48:12.964033+07:00
GEOM70b.col,POP-S-B,70,488,77,47,47,OPTIMAL,47,5390,42966,32,32,0.846125658,1.933133875,2.779259533,FALSE,TRUE,3,aaee871cf6b933940232689b95a5fea4cdbad2eb,TRUE,8f19dbff4135e6cff9e4b147ebe8462603d5fe03,50b43cacfa298b2c9f4c05ca437a5559b357c8348aa59226bf3c2fd9b98b03b8,bd973250f588bcb893f3b12b622d3d5c9ee8e3c7aa67a862d71c77045cb612db,CaDiCaL 1.9.5,0,3600,descending-linear,1,/home/homulily/code/cadical-1.9.5/build/cadical --seed=0 '<temporary-cnf>',Python 3.14.4; networkx 3.6.1; numpy 2.5.0,DESKTOP-RJQ30EQ,Linux-6.8.0-51-generic-x86_64-with-glibc2.39,2026-08-24T00:48:15.789793+07:00
GEOM70b.col,POPH-S-B,70,488,77,47,47,OPTIMAL,47,10780,59066,32,32,1.051103936,1.941662253,2.992766189,FALSE,TRUE,3,aaee871cf6b933940232689b95a5fea4cdbad2eb,TRUE,8f19dbff4135e6cff9e4b147ebe8462603d5fe03,50b43cacfa298b2c9f4c05ca437a5559b357c8348aa59226bf3c2fd9b98b03b8,bd973250f588bcb893f3b12b622d3d5c9ee8e3c7aa67a862d71c77045cb612db,CaDiCaL 1.9.5,0,3600,descending-linear,1,/home/homulily/code/cadical-1.9.5/build/cadical --seed=0 '<temporary-cnf>',Python 3.14.4; networkx 3.6.1; numpy 2.5.0,DESKTOP-RJQ30EQ,Linux-6.8.0-51-generic-x86_64-with-glibc2.39,2026-08-24T00:48:18.837523+07:00
GEOM80.col,POP-S-B,80,349,55,41,41,OPTIMAL,41,4400,23595,16,16,0.252835234,0.126526458,0.379361692,FALSE,TRUE,3,aaee871cf6b933940232689b95a5fea4cdbad2eb,TRUE,8f19dbff4135e6cff9e4b147ebe8462603d5fe03,46454b38ff8d83fe0020c6f3e5408c0ca37e868bc79f74749c4a8e555730df9c,bd973250f588bcb893f3b12b622d3d5c9ee8e3c7aa67a862d71c77045cb612db,CaDiCaL 1.9.5,0,3600,descending-linear,1,/home/homulily/code/cadical-1.9.5/build/cadical --seed=0 '<temporary-cnf>',Python 3.14.4; networkx 3.6.1; numpy 2.5.0,DESKTOP-RJQ30EQ,Linux-6.8.0-51-generic-x86_64-with-glibc2.39,2026-08-24T00:48:19.238443+07:00
GEOM80.col,POPH-S-B,80,349,55,41,41,OPTIMAL,41,8800,36715,16,16,0.353659635,0.180297154,0.533956789,FALSE,TRUE,3,aaee871cf6b933940232689b95a5fea4cdbad2eb,TRUE,8f19dbff4135e6cff9e4b147ebe8462603d5fe03,46454b38ff8d83fe0020c6f3e5408c0ca37e868bc79f74749c4a8e555730df9c,bd973250f588bcb893f3b12b622d3d5c9ee8e3c7aa67a862d71c77045cb612db,CaDiCaL 1.9.5,0,3600,descending-linear,1,/home/homulily/code/cadical-1.9.5/build/cadical --seed=0 '<temporary-cnf>',Python 3.14.4; networkx 3.6.1; numpy 2.5.0,DESKTOP-RJQ30EQ,Linux-6.8.0-51-generic-x86_64-with-glibc2.39,2026-08-24T00:48:19.797543+07:00
GEOM80a.col,POP-S-B,80,612,80,63,63,OPTIMAL,63,6400,55360,19,19,0.717835757,4.613818716,5.331654473,FALSE,TRUE,3,aaee871cf6b933940232689b95a5fea4cdbad2eb,TRUE,8f19dbff4135e6cff9e4b147ebe8462603d5fe03,f8cd1c510008df8e302411facc59a809be027620b27f632f811c1c94c76d78c9,bd973250f588bcb893f3b12b622d3d5c9ee8e3c7aa67a862d71c77045cb612db,CaDiCaL 1.9.5,0,3600,descending-linear,1,/home/homulily/code/cadical-1.9.5/build/cadical --seed=0 '<temporary-cnf>',Python 3.14.4; networkx 3.6.1; numpy 2.5.0,DESKTOP-RJQ30EQ,Linux-6.8.0-51-generic-x86_64-with-glibc2.39,2026-08-24T00:48:25.166434+07:00
GEOM80a.col,POPH-S-B,80,612,80,63,63,OPTIMAL,63,12800,74480,19,19,0.899703306,5.305729324,6.20543263,FALSE,TRUE,3,aaee871cf6b933940232689b95a5fea4cdbad2eb,TRUE,8f19dbff4135e6cff9e4b147ebe8462603d5fe03,f8cd1c510008df8e302411facc59a809be027620b27f632f811c1c94c76d78c9,bd973250f588bcb893f3b12b622d3d5c9ee8e3c7aa67a862d71c77045cb612db,CaDiCaL 1.9.5,0,3600,descending-linear,1,/home/homulily/code/cadical-1.9.5/build/cadical --seed=0 '<temporary-cnf>',Python 3.14.4; networkx 3.6.1; numpy 2.5.0,DESKTOP-RJQ30EQ,Linux-6.8.0-51-generic-x86_64-with-glibc2.39,2026-08-24T00:48:31.414332+07:00
GEOM80b.col,POP-S-B,80,663,99,60,60,OPTIMAL,60,7920,73557,41,41,1.902021291,4.144015588,6.046036879,FALSE,TRUE,3,aaee871cf6b933940232689b95a5fea4cdbad2eb,TRUE,8f19dbff4135e6cff9e4b147ebe8462603d5fe03,a8dcc40cfc8d87903196406f815c4d512a7c68e3e966538768a0601bfac7d301,bd973250f588bcb893f3b12b622d3d5c9ee8e3c7aa67a862d71c77045cb612db,CaDiCaL 1.9.5,0,3600,descending-linear,1,/home/homulily/code/cadical-1.9.5/build/cadical --seed=0 '<temporary-cnf>',Python 3.14.4; networkx 3.6.1; numpy 2.5.0,DESKTOP-RJQ30EQ,Linux-6.8.0-51-generic-x86_64-with-glibc2.39,2026-08-24T00:48:37.550756+07:00
GEOM80b.col,POPH-S-B,80,663,99,60,60,OPTIMAL,60,15840,97237,41,41,2.277661954,5.896075543,8.173737497,FALSE,TRUE,3,aaee871cf6b933940232689b95a5fea4cdbad2eb,TRUE,8f19dbff4135e6cff9e4b147ebe8462603d5fe03,a8dcc40cfc8d87903196406f815c4d512a7c68e3e966538768a0601bfac7d301,bd973250f588bcb893f3b12b622d3d5c9ee8e3c7aa67a862d71c77045cb612db,CaDiCaL 1.9.5,0,3600,descending-linear,1,/home/homulily/code/cadical-1.9.5/build/cadical --seed=0 '<temporary-cnf>',Python 3.14.4; networkx 3.6.1; numpy 2.5.0,DESKTOP-RJQ30EQ,Linux-6.8.0-51-generic-x86_64-with-glibc2.39,2026-08-24T00:48:45.822518+07:00
GEOM90.col,POP-S-B,90,441,55,46,46,OPTIMAL,46,4950,29205,11,11,0.227629562,0.149628498,0.37725806,FALSE,TRUE,3,aaee871cf6b933940232689b95a5fea4cdbad2eb,TRUE,8f19dbff4135e6cff9e4b147ebe8462603d5fe03,8b99774b70737296ed7b4c8a3ad9ec1827182467166c5e7c93a1c2117473f7cf,bd973250f588bcb893f3b12b622d3d5c9ee8e3c7aa67a862d71c77045cb612db,CaDiCaL 1.9.5,0,3600,descending-linear,1,/home/homulily/code/cadical-1.9.5/build/cadical --seed=0 '<temporary-cnf>',Python 3.14.4; networkx 3.6.1; numpy 2.5.0,DESKTOP-RJQ30EQ,Linux-6.8.0-51-generic-x86_64-with-glibc2.39,2026-08-24T00:48:46.219032+07:00
GEOM90.col,POPH-S-B,90,441,55,46,46,OPTIMAL,46,9900,43965,11,11,0.301745623,0.267794948,0.569540571,FALSE,TRUE,3,aaee871cf6b933940232689b95a5fea4cdbad2eb,TRUE,8f19dbff4135e6cff9e4b147ebe8462603d5fe03,8b99774b70737296ed7b4c8a3ad9ec1827182467166c5e7c93a1c2117473f7cf,bd973250f588bcb893f3b12b622d3d5c9ee8e3c7aa67a862d71c77045cb612db,CaDiCaL 1.9.5,0,3600,descending-linear,1,/home/homulily/code/cadical-1.9.5/build/cadical --seed=0 '<temporary-cnf>',Python 3.14.4; networkx 3.6.1; numpy 2.5.0,DESKTOP-RJQ30EQ,Linux-6.8.0-51-generic-x86_64-with-glibc2.39,2026-08-24T00:48:46.809686+07:00
GEOM90a.col,POP-S-B,90,789,81,63,63,OPTIMAL,63,7290,71199,20,20,0.981249154,5.497324975,6.478574129,FALSE,TRUE,3,aaee871cf6b933940232689b95a5fea4cdbad2eb,TRUE,8f19dbff4135e6cff9e4b147ebe8462603d5fe03,254a4ba130fad8005c03d2288438d16ff5c3768cb05ebe3b37929f9f3247a1df,bd973250f588bcb893f3b12b622d3d5c9ee8e3c7aa67a862d71c77045cb612db,CaDiCaL 1.9.5,0,3600,descending-linear,1,/home/homulily/code/cadical-1.9.5/build/cadical --seed=0 '<temporary-cnf>',Python 3.14.4; networkx 3.6.1; numpy 2.5.0,DESKTOP-RJQ30EQ,Linux-6.8.0-51-generic-x86_64-with-glibc2.39,2026-08-24T00:48:53.333738+07:00
GEOM90a.col,POPH-S-B,90,789,81,63,63,OPTIMAL,63,14580,92979,20,20,1.195770914,6.85981068,8.055581594,FALSE,TRUE,3,aaee871cf6b933940232689b95a5fea4cdbad2eb,TRUE,8f19dbff4135e6cff9e4b147ebe8462603d5fe03,254a4ba130fad8005c03d2288438d16ff5c3768cb05ebe3b37929f9f3247a1df,bd973250f588bcb893f3b12b622d3d5c9ee8e3c7aa67a862d71c77045cb612db,CaDiCaL 1.9.5,0,3600,descending-linear,1,/home/homulily/code/cadical-1.9.5/build/cadical --seed=0 '<temporary-cnf>',Python 3.14.4; networkx 3.6.1; numpy 2.5.0,DESKTOP-RJQ30EQ,Linux-6.8.0-51-generic-x86_64-with-glibc2.39,2026-08-24T00:49:01.441020+07:00
GEOM90b.col,POP-S-B,90,860,110,69,69,OPTIMAL,69,9900,104500,43,43,2.941071549,22.76074221,25.70181376,FALSE,TRUE,3,aaee871cf6b933940232689b95a5fea4cdbad2eb,TRUE,8f19dbff4135e6cff9e4b147ebe8462603d5fe03,e293687b9c36702121066f37ac02cf4e8901dbaa3fd5ba7e864b0e00ba74fac3,bd973250f588bcb893f3b12b622d3d5c9ee8e3c7aa67a862d71c77045cb612db,CaDiCaL 1.9.5,0,3600,descending-linear,1,/home/homulily/code/cadical-1.9.5/build/cadical --seed=0 '<temporary-cnf>',Python 3.14.4; networkx 3.6.1; numpy 2.5.0,DESKTOP-RJQ30EQ,Linux-6.8.0-51-generic-x86_64-with-glibc2.39,2026-08-24T00:49:27.260969+07:00
GEOM90b.col,POPH-S-B,90,860,110,69,69,OPTIMAL,69,19800,134110,43,43,3.41409262,27.91603956,31.33013218,FALSE,TRUE,3,aaee871cf6b933940232689b95a5fea4cdbad2eb,TRUE,8f19dbff4135e6cff9e4b147ebe8462603d5fe03,e293687b9c36702121066f37ac02cf4e8901dbaa3fd5ba7e864b0e00ba74fac3,bd973250f588bcb893f3b12b622d3d5c9ee8e3c7aa67a862d71c77045cb612db,CaDiCaL 1.9.5,0,3600,descending-linear,1,/home/homulily/code/cadical-1.9.5/build/cadical --seed=0 '<temporary-cnf>',Python 3.14.4; networkx 3.6.1; numpy 2.5.0,DESKTOP-RJQ30EQ,Linux-6.8.0-51-generic-x86_64-with-glibc2.39,2026-08-24T00:49:58.718114+07:00
c21_1_d1.col,POP-S-B,21,102,8,7,7,OPTIMAL,7,168,984,3,3,0.001873244,0.005783268,0.007656512,FALSE,TRUE,3,aaee871cf6b933940232689b95a5fea4cdbad2eb,TRUE,8f19dbff4135e6cff9e4b147ebe8462603d5fe03,f838258c4c693e09ad2cc97943c674fc5b2ee14e0f97961fdfdeb239b8436773,bd973250f588bcb893f3b12b622d3d5c9ee8e3c7aa67a862d71c77045cb612db,CaDiCaL 1.9.5,0,3600,descending-linear,1,/home/homulily/code/cadical-1.9.5/build/cadical --seed=0 '<temporary-cnf>',Python 3.14.4; networkx 3.6.1; numpy 2.5.0,DESKTOP-RJQ30EQ,Linux-6.8.0-51-generic-x86_64-with-glibc2.39,2026-08-24T00:49:58.729511+07:00
c21_1_d1.col,POPH-S-B,21,102,8,7,7,OPTIMAL,7,336,1467,3,3,0.002698809,0.006546945,0.009245754,FALSE,TRUE,3,aaee871cf6b933940232689b95a5fea4cdbad2eb,TRUE,8f19dbff4135e6cff9e4b147ebe8462603d5fe03,f838258c4c693e09ad2cc97943c674fc5b2ee14e0f97961fdfdeb239b8436773,bd973250f588bcb893f3b12b622d3d5c9ee8e3c7aa67a862d71c77045cb612db,CaDiCaL 1.9.5,0,3600,descending-linear,1,/home/homulily/code/cadical-1.9.5/build/cadical --seed=0 '<temporary-cnf>',Python 3.14.4; networkx 3.6.1; numpy 2.5.0,DESKTOP-RJQ30EQ,Linux-6.8.0-51-generic-x86_64-with-glibc2.39,2026-08-24T00:49:58.742038+07:00
c21_1_d2.col,POP-S-B,21,102,8,7,7,OPTIMAL,7,168,984,3,3,0.001905809,0.005685212,0.007591021,FALSE,TRUE,3,aaee871cf6b933940232689b95a5fea4cdbad2eb,TRUE,8f19dbff4135e6cff9e4b147ebe8462603d5fe03,17ff4bba73f02ee89dd3d91ccbca1a01ac0062c8872237c8916bc44590d256d5,bd973250f588bcb893f3b12b622d3d5c9ee8e3c7aa67a862d71c77045cb612db,CaDiCaL 1.9.5,0,3600,descending-linear,1,/home/homulily/code/cadical-1.9.5/build/cadical --seed=0 '<temporary-cnf>',Python 3.14.4; networkx 3.6.1; numpy 2.5.0,DESKTOP-RJQ30EQ,Linux-6.8.0-51-generic-x86_64-with-glibc2.39,2026-08-24T00:49:58.753385+07:00
c21_1_d2.col,POPH-S-B,21,102,8,7,7,OPTIMAL,7,336,1467,3,3,0.002592026,0.006450327,0.009042353,FALSE,TRUE,3,aaee871cf6b933940232689b95a5fea4cdbad2eb,TRUE,8f19dbff4135e6cff9e4b147ebe8462603d5fe03,17ff4bba73f02ee89dd3d91ccbca1a01ac0062c8872237c8916bc44590d256d5,bd973250f588bcb893f3b12b622d3d5c9ee8e3c7aa67a862d71c77045cb612db,CaDiCaL 1.9.5,0,3600,descending-linear,1,/home/homulily/code/cadical-1.9.5/build/cadical --seed=0 '<temporary-cnf>',Python 3.14.4; networkx 3.6.1; numpy 2.5.0,DESKTOP-RJQ30EQ,Linux-6.8.0-51-generic-x86_64-with-glibc2.39,2026-08-24T00:49:58.765508+07:00
c21_2_d1.col,POP-S-B,21,102,12,9,9,OPTIMAL,9,252,1476,5,5,0.004549204,0.009231562,0.013780766,FALSE,TRUE,3,aaee871cf6b933940232689b95a5fea4cdbad2eb,TRUE,8f19dbff4135e6cff9e4b147ebe8462603d5fe03,bc5ff196032b38d098ccbb833a33557f397c0d16b5f8a281ddda8141f182fab6,bd973250f588bcb893f3b12b622d3d5c9ee8e3c7aa67a862d71c77045cb612db,CaDiCaL 1.9.5,0,3600,descending-linear,1,/home/homulily/code/cadical-1.9.5/build/cadical --seed=0 '<temporary-cnf>',Python 3.14.4; networkx 3.6.1; numpy 2.5.0,DESKTOP-RJQ30EQ,Linux-6.8.0-51-generic-x86_64-with-glibc2.39,2026-08-24T00:49:58.783232+07:00
c21_2_d1.col,POPH-S-B,21,102,12,9,9,OPTIMAL,9,504,2211,5,5,0.006101347,0.01125416,0.017355507,FALSE,TRUE,3,aaee871cf6b933940232689b95a5fea4cdbad2eb,TRUE,8f19dbff4135e6cff9e4b147ebe8462603d5fe03,bc5ff196032b38d098ccbb833a33557f397c0d16b5f8a281ddda8141f182fab6,bd973250f588bcb893f3b12b622d3d5c9ee8e3c7aa67a862d71c77045cb612db,CaDiCaL 1.9.5,0,3600,descending-linear,1,/home/homulily/code/cadical-1.9.5/build/cadical --seed=0 '<temporary-cnf>',Python 3.14.4; networkx 3.6.1; numpy 2.5.0,DESKTOP-RJQ30EQ,Linux-6.8.0-51-generic-x86_64-with-glibc2.39,2026-08-24T00:49:58.804269+07:00
c21_2_d2.col,POP-S-B,21,102,12,9,9,OPTIMAL,9,252,1476,5,5,0.004444294,0.008988216,0.01343251,FALSE,TRUE,3,aaee871cf6b933940232689b95a5fea4cdbad2eb,TRUE,8f19dbff4135e6cff9e4b147ebe8462603d5fe03,357f7cf6535a13a2109dbf9d363efff9cc6e0038fccf653c1dafc7e92e00fe01,bd973250f588bcb893f3b12b622d3d5c9ee8e3c7aa67a862d71c77045cb612db,CaDiCaL 1.9.5,0,3600,descending-linear,1,/home/homulily/code/cadical-1.9.5/build/cadical --seed=0 '<temporary-cnf>',Python 3.14.4; networkx 3.6.1; numpy 2.5.0,DESKTOP-RJQ30EQ,Linux-6.8.0-51-generic-x86_64-with-glibc2.39,2026-08-24T00:49:58.821993+07:00
c21_2_d2.col,POPH-S-B,21,102,12,9,9,OPTIMAL,9,504,2211,5,5,0.005704706,0.010260502,0.015965208,FALSE,TRUE,3,aaee871cf6b933940232689b95a5fea4cdbad2eb,TRUE,8f19dbff4135e6cff9e4b147ebe8462603d5fe03,357f7cf6535a13a2109dbf9d363efff9cc6e0038fccf653c1dafc7e92e00fe01,bd973250f588bcb893f3b12b622d3d5c9ee8e3c7aa67a862d71c77045cb612db,CaDiCaL 1.9.5,0,3600,descending-linear,1,/home/homulily/code/cadical-1.9.5/build/cadical --seed=0 '<temporary-cnf>',Python 3.14.4; networkx 3.6.1; numpy 2.5.0,DESKTOP-RJQ30EQ,Linux-6.8.0-51-generic-x86_64-with-glibc2.39,2026-08-24T00:49:58.841652+07:00
c21_3_d1.col,POP-S-B,21,102,8,7,7,OPTIMAL,7,168,984,3,3,0.001904643,0.005547456,0.007452099,FALSE,TRUE,3,aaee871cf6b933940232689b95a5fea4cdbad2eb,TRUE,8f19dbff4135e6cff9e4b147ebe8462603d5fe03,2765b742e9eb99580ca620c1af200f5de170405ca0f8ef34101dec9696c2f9ee,bd973250f588bcb893f3b12b622d3d5c9ee8e3c7aa67a862d71c77045cb612db,CaDiCaL 1.9.5,0,3600,descending-linear,1,/home/homulily/code/cadical-1.9.5/build/cadical --seed=0 '<temporary-cnf>',Python 3.14.4; networkx 3.6.1; numpy 2.5.0,DESKTOP-RJQ30EQ,Linux-6.8.0-51-generic-x86_64-with-glibc2.39,2026-08-24T00:49:58.852772+07:00
c21_3_d1.col,POPH-S-B,21,102,8,7,7,OPTIMAL,7,336,1467,3,3,0.0024886,0.006000303,0.008488903,FALSE,TRUE,3,aaee871cf6b933940232689b95a5fea4cdbad2eb,TRUE,8f19dbff4135e6cff9e4b147ebe8462603d5fe03,2765b742e9eb99580ca620c1af200f5de170405ca0f8ef34101dec9696c2f9ee,bd973250f588bcb893f3b12b622d3d5c9ee8e3c7aa67a862d71c77045cb612db,CaDiCaL 1.9.5,0,3600,descending-linear,1,/home/homulily/code/cadical-1.9.5/build/cadical --seed=0 '<temporary-cnf>',Python 3.14.4; networkx 3.6.1; numpy 2.5.0,DESKTOP-RJQ30EQ,Linux-6.8.0-51-generic-x86_64-with-glibc2.39,2026-08-24T00:49:58.864671+07:00
c21_3_d2.col,POP-S-B,21,102,8,7,7,OPTIMAL,7,168,984,3,3,0.002112618,0.005323153,0.007435771,FALSE,TRUE,3,aaee871cf6b933940232689b95a5fea4cdbad2eb,TRUE,8f19dbff4135e6cff9e4b147ebe8462603d5fe03,5274c4b0e9751b679b2b38ab34627c4d1eca543d53c9c4086f61ec64f8ee1c6f,bd973250f588bcb893f3b12b622d3d5c9ee8e3c7aa67a862d71c77045cb612db,CaDiCaL 1.9.5,0,3600,descending-linear,1,/home/homulily/code/cadical-1.9.5/build/cadical --seed=0 '<temporary-cnf>',Python 3.14.4; networkx 3.6.1; numpy 2.5.0,DESKTOP-RJQ30EQ,Linux-6.8.0-51-generic-x86_64-with-glibc2.39,2026-08-24T00:49:58.875633+07:00
c21_3_d2.col,POPH-S-B,21,102,8,7,7,OPTIMAL,7,336,1467,3,3,0.002589004,0.00590597,0.008494974,FALSE,TRUE,3,aaee871cf6b933940232689b95a5fea4cdbad2eb,TRUE,8f19dbff4135e6cff9e4b147ebe8462603d5fe03,5274c4b0e9751b679b2b38ab34627c4d1eca543d53c9c4086f61ec64f8ee1c6f,bd973250f588bcb893f3b12b622d3d5c9ee8e3c7aa67a862d71c77045cb612db,CaDiCaL 1.9.5,0,3600,descending-linear,1,/home/homulily/code/cadical-1.9.5/build/cadical --seed=0 '<temporary-cnf>',Python 3.14.4; networkx 3.6.1; numpy 2.5.0,DESKTOP-RJQ30EQ,Linux-6.8.0-51-generic-x86_64-with-glibc2.39,2026-08-24T00:49:58.887484+07:00
c21_4_d1.col,POP-S-B,21,102,12,9,9,OPTIMAL,9,252,1476,5,5,0.004313673,0.008676296,0.012989969,FALSE,TRUE,3,aaee871cf6b933940232689b95a5fea4cdbad2eb,TRUE,8f19dbff4135e6cff9e4b147ebe8462603d5fe03,19dd5b83496200f38741c1f02f9fc646d0eae6d2a435789be0650d1e3455d42b,bd973250f588bcb893f3b12b622d3d5c9ee8e3c7aa67a862d71c77045cb612db,CaDiCaL 1.9.5,0,3600,descending-linear,1,/home/homulily/code/cadical-1.9.5/build/cadical --seed=0 '<temporary-cnf>',Python 3.14.4; networkx 3.6.1; numpy 2.5.0,DESKTOP-RJQ30EQ,Linux-6.8.0-51-generic-x86_64-with-glibc2.39,2026-08-24T00:49:58.904300+07:00
c21_4_d1.col,POPH-S-B,21,102,12,9,9,OPTIMAL,9,504,2211,5,5,0.005674225,0.010450323,0.016124548,FALSE,TRUE,3,aaee871cf6b933940232689b95a5fea4cdbad2eb,TRUE,8f19dbff4135e6cff9e4b147ebe8462603d5fe03,19dd5b83496200f38741c1f02f9fc646d0eae6d2a435789be0650d1e3455d42b,bd973250f588bcb893f3b12b622d3d5c9ee8e3c7aa67a862d71c77045cb612db,CaDiCaL 1.9.5,0,3600,descending-linear,1,/home/homulily/code/cadical-1.9.5/build/cadical --seed=0 '<temporary-cnf>',Python 3.14.4; networkx 3.6.1; numpy 2.5.0,DESKTOP-RJQ30EQ,Linux-6.8.0-51-generic-x86_64-with-glibc2.39,2026-08-24T00:49:58.924112+07:00
c21_4_d2.col,POP-S-B,21,102,12,9,9,OPTIMAL,9,252,1476,5,5,0.004472976,0.008655423,0.013128399,FALSE,TRUE,3,aaee871cf6b933940232689b95a5fea4cdbad2eb,TRUE,8f19dbff4135e6cff9e4b147ebe8462603d5fe03,dcae409f3fa775f5d64e2a1c13109513f71b4261ac6646fa06061715bb34c40c,bd973250f588bcb893f3b12b622d3d5c9ee8e3c7aa67a862d71c77045cb612db,CaDiCaL 1.9.5,0,3600,descending-linear,1,/home/homulily/code/cadical-1.9.5/build/cadical --seed=0 '<temporary-cnf>',Python 3.14.4; networkx 3.6.1; numpy 2.5.0,DESKTOP-RJQ30EQ,Linux-6.8.0-51-generic-x86_64-with-glibc2.39,2026-08-24T00:49:58.941306+07:00
c21_4_d2.col,POPH-S-B,21,102,12,9,9,OPTIMAL,9,504,2211,5,5,0.011358248,0.011395717,0.022753965,FALSE,TRUE,3,aaee871cf6b933940232689b95a5fea4cdbad2eb,TRUE,8f19dbff4135e6cff9e4b147ebe8462603d5fe03,dcae409f3fa775f5d64e2a1c13109513f71b4261ac6646fa06061715bb34c40c,bd973250f588bcb893f3b12b622d3d5c9ee8e3c7aa67a862d71c77045cb612db,CaDiCaL 1.9.5,0,3600,descending-linear,1,/home/homulily/code/cadical-1.9.5/build/cadical --seed=0 '<temporary-cnf>',Python 3.14.4; networkx 3.6.1; numpy 2.5.0,DESKTOP-RJQ30EQ,Linux-6.8.0-51-generic-x86_64-with-glibc2.39,2026-08-24T00:49:58.967988+07:00
c21_5_d1.col,POP-S-B,21,102,8,7,7,OPTIMAL,7,168,984,3,3,0.002093965,0.005407137,0.007501102,FALSE,TRUE,3,aaee871cf6b933940232689b95a5fea4cdbad2eb,TRUE,8f19dbff4135e6cff9e4b147ebe8462603d5fe03,9b48d14af7b6c13caa07b34bb084a2f18f2bbe1f27e4357c5d1d30b214e43ba0,bd973250f588bcb893f3b12b622d3d5c9ee8e3c7aa67a862d71c77045cb612db,CaDiCaL 1.9.5,0,3600,descending-linear,1,/home/homulily/code/cadical-1.9.5/build/cadical --seed=0 '<temporary-cnf>',Python 3.14.4; networkx 3.6.1; numpy 2.5.0,DESKTOP-RJQ30EQ,Linux-6.8.0-51-generic-x86_64-with-glibc2.39,2026-08-24T00:49:58.979254+07:00
c21_5_d1.col,POPH-S-B,21,102,8,7,7,OPTIMAL,7,336,1467,3,3,0.002382371,0.006346325,0.008728696,FALSE,TRUE,3,aaee871cf6b933940232689b95a5fea4cdbad2eb,TRUE,8f19dbff4135e6cff9e4b147ebe8462603d5fe03,9b48d14af7b6c13caa07b34bb084a2f18f2bbe1f27e4357c5d1d30b214e43ba0,bd973250f588bcb893f3b12b622d3d5c9ee8e3c7aa67a862d71c77045cb612db,CaDiCaL 1.9.5,0,3600,descending-linear,1,/home/homulily/code/cadical-1.9.5/build/cadical --seed=0 '<temporary-cnf>',Python 3.14.4; networkx 3.6.1; numpy 2.5.0,DESKTOP-RJQ30EQ,Linux-6.8.0-51-generic-x86_64-with-glibc2.39,2026-08-24T00:49:58.991434+07:00
c21_5_d2.col,POP-S-B,21,102,8,7,7,OPTIMAL,7,168,984,3,3,0.001964748,0.005318543,0.007283291,FALSE,TRUE,3,aaee871cf6b933940232689b95a5fea4cdbad2eb,TRUE,8f19dbff4135e6cff9e4b147ebe8462603d5fe03,bfa272eb474be3d829f6ae72dc0b350e3cc16cae91bd5b0268f9d7d42e029bdf,bd973250f588bcb893f3b12b622d3d5c9ee8e3c7aa67a862d71c77045cb612db,CaDiCaL 1.9.5,0,3600,descending-linear,1,/home/homulily/code/cadical-1.9.5/build/cadical --seed=0 '<temporary-cnf>',Python 3.14.4; networkx 3.6.1; numpy 2.5.0,DESKTOP-RJQ30EQ,Linux-6.8.0-51-generic-x86_64-with-glibc2.39,2026-08-24T00:49:59.002673+07:00
c21_5_d2.col,POPH-S-B,21,102,8,7,7,OPTIMAL,7,336,1467,3,3,0.002656093,0.005862892,0.008518985,FALSE,TRUE,3,aaee871cf6b933940232689b95a5fea4cdbad2eb,TRUE,8f19dbff4135e6cff9e4b147ebe8462603d5fe03,bfa272eb474be3d829f6ae72dc0b350e3cc16cae91bd5b0268f9d7d42e029bdf,bd973250f588bcb893f3b12b622d3d5c9ee8e3c7aa67a862d71c77045cb612db,CaDiCaL 1.9.5,0,3600,descending-linear,1,/home/homulily/code/cadical-1.9.5/build/cadical --seed=0 '<temporary-cnf>',Python 3.14.4; networkx 3.6.1; numpy 2.5.0,DESKTOP-RJQ30EQ,Linux-6.8.0-51-generic-x86_64-with-glibc2.39,2026-08-24T00:49:59.014471+07:00
c21_6_d1.col,POP-S-B,21,102,12,9,9,OPTIMAL,9,252,1476,5,5,0.004401121,0.008936206,0.013337327,FALSE,TRUE,3,aaee871cf6b933940232689b95a5fea4cdbad2eb,TRUE,8f19dbff4135e6cff9e4b147ebe8462603d5fe03,67f709a59420aa411b280438ae2a69559cb89dbc2a475e7237b5ff6beb322fc2,bd973250f588bcb893f3b12b622d3d5c9ee8e3c7aa67a862d71c77045cb612db,CaDiCaL 1.9.5,0,3600,descending-linear,1,/home/homulily/code/cadical-1.9.5/build/cadical --seed=0 '<temporary-cnf>',Python 3.14.4; networkx 3.6.1; numpy 2.5.0,DESKTOP-RJQ30EQ,Linux-6.8.0-51-generic-x86_64-with-glibc2.39,2026-08-24T00:49:59.031943+07:00
c21_6_d1.col,POPH-S-B,21,102,12,9,9,OPTIMAL,9,504,2211,5,5,0.005765071,0.010419796,0.016184867,FALSE,TRUE,3,aaee871cf6b933940232689b95a5fea4cdbad2eb,TRUE,8f19dbff4135e6cff9e4b147ebe8462603d5fe03,67f709a59420aa411b280438ae2a69559cb89dbc2a475e7237b5ff6beb322fc2,bd973250f588bcb893f3b12b622d3d5c9ee8e3c7aa67a862d71c77045cb612db,CaDiCaL 1.9.5,0,3600,descending-linear,1,/home/homulily/code/cadical-1.9.5/build/cadical --seed=0 '<temporary-cnf>',Python 3.14.4; networkx 3.6.1; numpy 2.5.0,DESKTOP-RJQ30EQ,Linux-6.8.0-51-generic-x86_64-with-glibc2.39,2026-08-24T00:49:59.052010+07:00
c21_6_d2.col,POP-S-B,21,102,12,9,9,OPTIMAL,9,252,1476,5,5,0.004605885,0.008928398,0.013534283,FALSE,TRUE,3,aaee871cf6b933940232689b95a5fea4cdbad2eb,TRUE,8f19dbff4135e6cff9e4b147ebe8462603d5fe03,75ba8238057f4be94630617bff4cf631976862699cffdb81bcbe628b6f5af066,bd973250f588bcb893f3b12b622d3d5c9ee8e3c7aa67a862d71c77045cb612db,CaDiCaL 1.9.5,0,3600,descending-linear,1,/home/homulily/code/cadical-1.9.5/build/cadical --seed=0 '<temporary-cnf>',Python 3.14.4; networkx 3.6.1; numpy 2.5.0,DESKTOP-RJQ30EQ,Linux-6.8.0-51-generic-x86_64-with-glibc2.39,2026-08-24T00:49:59.069928+07:00
c21_6_d2.col,POPH-S-B,21,102,12,9,9,OPTIMAL,9,504,2211,5,5,0.005825536,0.010364765,0.016190301,FALSE,TRUE,3,aaee871cf6b933940232689b95a5fea4cdbad2eb,TRUE,8f19dbff4135e6cff9e4b147ebe8462603d5fe03,75ba8238057f4be94630617bff4cf631976862699cffdb81bcbe628b6f5af066,bd973250f588bcb893f3b12b622d3d5c9ee8e3c7aa67a862d71c77045cb612db,CaDiCaL 1.9.5,0,3600,descending-linear,1,/home/homulily/code/cadical-1.9.5/build/cadical --seed=0 '<temporary-cnf>',Python 3.14.4; networkx 3.6.1; numpy 2.5.0,DESKTOP-RJQ30EQ,Linux-6.8.0-51-generic-x86_64-with-glibc2.39,2026-08-24T00:49:59.090176+07:00
c21_7_d1.col,POP-S-B,21,102,8,7,7,OPTIMAL,7,168,984,3,3,0.002061806,0.005237712,0.007299518,FALSE,TRUE,3,aaee871cf6b933940232689b95a5fea4cdbad2eb,TRUE,8f19dbff4135e6cff9e4b147ebe8462603d5fe03,a5740086f18083fcf131d5f89bf75b7673b05dfb0366edb4c45fca95b2789986,bd973250f588bcb893f3b12b622d3d5c9ee8e3c7aa67a862d71c77045cb612db,CaDiCaL 1.9.5,0,3600,descending-linear,1,/home/homulily/code/cadical-1.9.5/build/cadical --seed=0 '<temporary-cnf>',Python 3.14.4; networkx 3.6.1; numpy 2.5.0,DESKTOP-RJQ30EQ,Linux-6.8.0-51-generic-x86_64-with-glibc2.39,2026-08-24T00:49:59.101286+07:00
c21_7_d1.col,POPH-S-B,21,102,8,7,7,OPTIMAL,7,336,1467,3,3,0.002608299,0.006286361,0.00889466,FALSE,TRUE,3,aaee871cf6b933940232689b95a5fea4cdbad2eb,TRUE,8f19dbff4135e6cff9e4b147ebe8462603d5fe03,a5740086f18083fcf131d5f89bf75b7673b05dfb0366edb4c45fca95b2789986,bd973250f588bcb893f3b12b622d3d5c9ee8e3c7aa67a862d71c77045cb612db,CaDiCaL 1.9.5,0,3600,descending-linear,1,/home/homulily/code/cadical-1.9.5/build/cadical --seed=0 '<temporary-cnf>',Python 3.14.4; networkx 3.6.1; numpy 2.5.0,DESKTOP-RJQ30EQ,Linux-6.8.0-51-generic-x86_64-with-glibc2.39,2026-08-24T00:49:59.114090+07:00
c21_7_d2.col,POP-S-B,21,102,8,7,7,OPTIMAL,7,168,984,3,3,0.002272292,0.00524029,0.007512582,FALSE,TRUE,3,aaee871cf6b933940232689b95a5fea4cdbad2eb,TRUE,8f19dbff4135e6cff9e4b147ebe8462603d5fe03,ac84b1b113bb6b57a70caec3bc248b94cc90c0bb1186f65645d78821eb05adbd,bd973250f588bcb893f3b12b622d3d5c9ee8e3c7aa67a862d71c77045cb612db,CaDiCaL 1.9.5,0,3600,descending-linear,1,/home/homulily/code/cadical-1.9.5/build/cadical --seed=0 '<temporary-cnf>',Python 3.14.4; networkx 3.6.1; numpy 2.5.0,DESKTOP-RJQ30EQ,Linux-6.8.0-51-generic-x86_64-with-glibc2.39,2026-08-24T00:49:59.125348+07:00
c21_7_d2.col,POPH-S-B,21,102,8,7,7,OPTIMAL,7,336,1467,3,3,0.002701629,0.006400724,0.009102353,FALSE,TRUE,3,aaee871cf6b933940232689b95a5fea4cdbad2eb,TRUE,8f19dbff4135e6cff9e4b147ebe8462603d5fe03,ac84b1b113bb6b57a70caec3bc248b94cc90c0bb1186f65645d78821eb05adbd,bd973250f588bcb893f3b12b622d3d5c9ee8e3c7aa67a862d71c77045cb612db,CaDiCaL 1.9.5,0,3600,descending-linear,1,/home/homulily/code/cadical-1.9.5/build/cadical --seed=0 '<temporary-cnf>',Python 3.14.4; networkx 3.6.1; numpy 2.5.0,DESKTOP-RJQ30EQ,Linux-6.8.0-51-generic-x86_64-with-glibc2.39,2026-08-24T00:49:59.137875+07:00
c21_8_d1.col,POP-S-B,21,102,12,9,9,OPTIMAL,9,252,1476,5,5,0.004360963,0.008776837,0.0131378,FALSE,TRUE,3,aaee871cf6b933940232689b95a5fea4cdbad2eb,TRUE,8f19dbff4135e6cff9e4b147ebe8462603d5fe03,bb8a14faad6327dbd85291090c1bdb4c5568aa8d9d5a7bd53c8654f3ab113224,bd973250f588bcb893f3b12b622d3d5c9ee8e3c7aa67a862d71c77045cb612db,CaDiCaL 1.9.5,0,3600,descending-linear,1,/home/homulily/code/cadical-1.9.5/build/cadical --seed=0 '<temporary-cnf>',Python 3.14.4; networkx 3.6.1; numpy 2.5.0,DESKTOP-RJQ30EQ,Linux-6.8.0-51-generic-x86_64-with-glibc2.39,2026-08-24T00:49:59.155068+07:00
c21_8_d1.col,POPH-S-B,21,102,12,9,9,OPTIMAL,9,504,2211,5,5,0.005593821,0.010455324,0.016049145,FALSE,TRUE,3,aaee871cf6b933940232689b95a5fea4cdbad2eb,TRUE,8f19dbff4135e6cff9e4b147ebe8462603d5fe03,bb8a14faad6327dbd85291090c1bdb4c5568aa8d9d5a7bd53c8654f3ab113224,bd973250f588bcb893f3b12b622d3d5c9ee8e3c7aa67a862d71c77045cb612db,CaDiCaL 1.9.5,0,3600,descending-linear,1,/home/homulily/code/cadical-1.9.5/build/cadical --seed=0 '<temporary-cnf>',Python 3.14.4; networkx 3.6.1; numpy 2.5.0,DESKTOP-RJQ30EQ,Linux-6.8.0-51-generic-x86_64-with-glibc2.39,2026-08-24T00:49:59.174927+07:00
c21_8_d2.col,POP-S-B,21,102,12,9,9,OPTIMAL,9,252,1476,5,5,0.004408161,0.008724005,0.013132166,FALSE,TRUE,3,aaee871cf6b933940232689b95a5fea4cdbad2eb,TRUE,8f19dbff4135e6cff9e4b147ebe8462603d5fe03,f5ba7310979dcec808371e784a264f60b7a9480e3c89e6597cce412caf40d991,bd973250f588bcb893f3b12b622d3d5c9ee8e3c7aa67a862d71c77045cb612db,CaDiCaL 1.9.5,0,3600,descending-linear,1,/home/homulily/code/cadical-1.9.5/build/cadical --seed=0 '<temporary-cnf>',Python 3.14.4; networkx 3.6.1; numpy 2.5.0,DESKTOP-RJQ30EQ,Linux-6.8.0-51-generic-x86_64-with-glibc2.39,2026-08-24T00:49:59.192548+07:00
c21_8_d2.col,POPH-S-B,21,102,12,9,9,OPTIMAL,9,504,2211,5,5,0.005641082,0.010550058,0.01619114,FALSE,TRUE,3,aaee871cf6b933940232689b95a5fea4cdbad2eb,TRUE,8f19dbff4135e6cff9e4b147ebe8462603d5fe03,f5ba7310979dcec808371e784a264f60b7a9480e3c89e6597cce412caf40d991,bd973250f588bcb893f3b12b622d3d5c9ee8e3c7aa67a862d71c77045cb612db,CaDiCaL 1.9.5,0,3600,descending-linear,1,/home/homulily/code/cadical-1.9.5/build/cadical --seed=0 '<temporary-cnf>',Python 3.14.4; networkx 3.6.1; numpy 2.5.0,DESKTOP-RJQ30EQ,Linux-6.8.0-51-generic-x86_64-with-glibc2.39,2026-08-24T00:49:59.212454+07:00
c25_1_d3.col,POP-S-B,25,134,8,8,8,OPTIMAL,8,200,1272,2,2,0.001824099,0.011961752,0.013785851,FALSE,TRUE,3,aaee871cf6b933940232689b95a5fea4cdbad2eb,TRUE,8f19dbff4135e6cff9e4b147ebe8462603d5fe03,1ea6804dc4a8d52338e7935ca90ec544a6f93a27cd092508d5f2a4a4309660a3,bd973250f588bcb893f3b12b622d3d5c9ee8e3c7aa67a862d71c77045cb612db,CaDiCaL 1.9.5,0,3600,descending-linear,1,/home/homulily/code/cadical-1.9.5/build/cadical --seed=0 '<temporary-cnf>',Python 3.14.4; networkx 3.6.1; numpy 2.5.0,DESKTOP-RJQ30EQ,Linux-6.8.0-51-generic-x86_64-with-glibc2.39,2026-08-24T00:49:59.230400+07:00
c25_1_d3.col,POPH-S-B,25,134,8,8,8,OPTIMAL,8,400,1847,2,2,0.00230268,0.015075179,0.017377859,FALSE,TRUE,3,aaee871cf6b933940232689b95a5fea4cdbad2eb,TRUE,8f19dbff4135e6cff9e4b147ebe8462603d5fe03,1ea6804dc4a8d52338e7935ca90ec544a6f93a27cd092508d5f2a4a4309660a3,bd973250f588bcb893f3b12b622d3d5c9ee8e3c7aa67a862d71c77045cb612db,CaDiCaL 1.9.5,0,3600,descending-linear,1,/home/homulily/code/cadical-1.9.5/build/cadical --seed=0 '<temporary-cnf>',Python 3.14.4; networkx 3.6.1; numpy 2.5.0,DESKTOP-RJQ30EQ,Linux-6.8.0-51-generic-x86_64-with-glibc2.39,2026-08-24T00:49:59.251277+07:00
c25_1_d4.col,POP-S-B,25,134,8,8,8,OPTIMAL,8,200,1272,2,2,0.001775648,0.012472966,0.014248614,FALSE,TRUE,3,aaee871cf6b933940232689b95a5fea4cdbad2eb,TRUE,8f19dbff4135e6cff9e4b147ebe8462603d5fe03,eff8f52de9e723400f83c97d0ec2abe45e41b6038672e20a4a4081e4715aca85,bd973250f588bcb893f3b12b622d3d5c9ee8e3c7aa67a862d71c77045cb612db,CaDiCaL 1.9.5,0,3600,descending-linear,1,/home/homulily/code/cadical-1.9.5/build/cadical --seed=0 '<temporary-cnf>',Python 3.14.4; networkx 3.6.1; numpy 2.5.0,DESKTOP-RJQ30EQ,Linux-6.8.0-51-generic-x86_64-with-glibc2.39,2026-08-24T00:49:59.269335+07:00
c25_1_d4.col,POPH-S-B,25,134,8,8,8,OPTIMAL,8,400,1847,2,2,0.002231506,0.015051697,0.017283203,FALSE,TRUE,3,aaee871cf6b933940232689b95a5fea4cdbad2eb,TRUE,8f19dbff4135e6cff9e4b147ebe8462603d5fe03,eff8f52de9e723400f83c97d0ec2abe45e41b6038672e20a4a4081e4715aca85,bd973250f588bcb893f3b12b622d3d5c9ee8e3c7aa67a862d71c77045cb612db,CaDiCaL 1.9.5,0,3600,descending-linear,1,/home/homulily/code/cadical-1.9.5/build/cadical --seed=0 '<temporary-cnf>',Python 3.14.4; networkx 3.6.1; numpy 2.5.0,DESKTOP-RJQ30EQ,Linux-6.8.0-51-generic-x86_64-with-glibc2.39,2026-08-24T00:49:59.289958+07:00
c55_1_d1.col,POP-S-B,55,362,9,7,7,OPTIMAL,7,495,3753,4,4,0.014784508,0.010091169,0.024875677,FALSE,TRUE,3,aaee871cf6b933940232689b95a5fea4cdbad2eb,TRUE,8f19dbff4135e6cff9e4b147ebe8462603d5fe03,483fac5e0df65a27f7312e2883f8f90c17f26d3a7bdd50c333212ca635e3f2e6,bd973250f588bcb893f3b12b622d3d5c9ee8e3c7aa67a862d71c77045cb612db,CaDiCaL 1.9.5,0,3600,descending-linear,1,/home/homulily/code/cadical-1.9.5/build/cadical --seed=0 '<temporary-cnf>',Python 3.14.4; networkx 3.6.1; numpy 2.5.0,DESKTOP-RJQ30EQ,Linux-6.8.0-51-generic-x86_64-with-glibc2.39,2026-08-24T00:49:59.320583+07:00
c55_1_d1.col,POPH-S-B,55,362,9,7,7,OPTIMAL,7,990,5183,4,4,0.011089406,0.010636491,0.021725897,FALSE,TRUE,3,aaee871cf6b933940232689b95a5fea4cdbad2eb,TRUE,8f19dbff4135e6cff9e4b147ebe8462603d5fe03,483fac5e0df65a27f7312e2883f8f90c17f26d3a7bdd50c333212ca635e3f2e6,bd973250f588bcb893f3b12b622d3d5c9ee8e3c7aa67a862d71c77045cb612db,CaDiCaL 1.9.5,0,3600,descending-linear,1,/home/homulily/code/cadical-1.9.5/build/cadical --seed=0 '<temporary-cnf>',Python 3.14.4; networkx 3.6.1; numpy 2.5.0,DESKTOP-RJQ30EQ,Linux-6.8.0-51-generic-x86_64-with-glibc2.39,2026-08-24T00:49:59.346724+07:00
c55_2_d2.col,POP-S-B,55,362,9,7,7,OPTIMAL,7,495,3753,4,4,0.00907254,0.009379532,0.018452072,FALSE,TRUE,3,aaee871cf6b933940232689b95a5fea4cdbad2eb,TRUE,8f19dbff4135e6cff9e4b147ebe8462603d5fe03,7b0078b893aeb838a0f5f0b3ece5f1505f2c0981a98c59561af4c69742a59ad6,bd973250f588bcb893f3b12b622d3d5c9ee8e3c7aa67a862d71c77045cb612db,CaDiCaL 1.9.5,0,3600,descending-linear,1,/home/homulily/code/cadical-1.9.5/build/cadical --seed=0 '<temporary-cnf>',Python 3.14.4; networkx 3.6.1; numpy 2.5.0,DESKTOP-RJQ30EQ,Linux-6.8.0-51-generic-x86_64-with-glibc2.39,2026-08-24T00:49:59.370156+07:00
c55_2_d2.col,POPH-S-B,55,362,9,7,7,OPTIMAL,7,990,5183,4,4,0.011065206,0.010811171,0.021876377,FALSE,TRUE,3,aaee871cf6b933940232689b95a5fea4cdbad2eb,TRUE,8f19dbff4135e6cff9e4b147ebe8462603d5fe03,7b0078b893aeb838a0f5f0b3ece5f1505f2c0981a98c59561af4c69742a59ad6,bd973250f588bcb893f3b12b622d3d5c9ee8e3c7aa67a862d71c77045cb612db,CaDiCaL 1.9.5,0,3600,descending-linear,1,/home/homulily/code/cadical-1.9.5/build/cadical --seed=0 '<temporary-cnf>',Python 3.14.4; networkx 3.6.1; numpy 2.5.0,DESKTOP-RJQ30EQ,Linux-6.8.0-51-generic-x86_64-with-glibc2.39,2026-08-24T00:49:59.396128+07:00
