name,V,E,upper_bound,variables,clauses,status,span,encoding_time,total_solving_time,time_used,memory_usage,timed_out,optimality_proven,run_id,source_sha,source_dirty,input_sha256,binary_sha256,command,host,platform,compiler,runner_versions,concurrency,recorded_at,solver,solver_seed,method,time_limit,incremental,incremental_variable,symmetry_breaking,pairwise,width
GEOM100.col,100,547,65,30365,176747,OPTIMAL,50,0.052604,0.834619,0.887223,99.42969,0,1,1,509f41020245d12b4e03b0c6681826c72245d1f3,False,91be09009a797c20a68cfb43f78cb01019c2cfdb8915d86e640e95938c315b19,bc9dd2f34387090f83611022ed1b92c2e8cc6181b37baadbb75314f73aa6341c,/home/homulily/code/bcp-cpp/bcp /home/homulily/code/bcp-cpp/dataset/GEOM100.col 'Xa(cache)' -t 3600 -i -v x --use-symmetry-breaking --width vary,DESKTOP-RJQ30EQ,Linux-6.8.0-51-generic-x86_64-with-glibc2.39,c++ (Ubuntu 15.2.0-16ubuntu1) 15.2.0,Python 3.14.4; pandas 2.3.3; psutil 7.2.2,1,2026-08-20T06:27:57.019683+07:00,CaDiCaL,0,Xa(cache),3600,True,x,True,False,vary
GEOM100a.col,100,992,92,48351,370025,OPTIMAL,66,0.114091,158.202,158.316,144.11719,0,1,1,509f41020245d12b4e03b0c6681826c72245d1f3,False,630c8dde843161518427f8d7ef92d9d1373781a7e028e2918c0070a86261b0f7,bc9dd2f34387090f83611022ed1b92c2e8cc6181b37baadbb75314f73aa6341c,/home/homulily/code/bcp-cpp/bcp /home/homulily/code/bcp-cpp/dataset/GEOM100a.col 'Xa(cache)' -t 3600 -i -v x --use-symmetry-breaking --width vary,DESKTOP-RJQ30EQ,Linux-6.8.0-51-generic-x86_64-with-glibc2.39,c++ (Ubuntu 15.2.0-16ubuntu1) 15.2.0,Python 3.14.4; pandas 2.3.3; psutil 7.2.2,1,2026-08-20T06:30:35.370793+07:00,CaDiCaL,0,Xa(cache),3600,True,x,True,False,vary
GEOM100b.col,100,1050,122,64911,512933,OPTIMAL,71,0.152687,198.417,198.57,171.55859,0,1,1,509f41020245d12b4e03b0c6681826c72245d1f3,False,14092a37b220ef17894222b959c735f68203286fc653930904fe5f13c3741ce5,bc9dd2f34387090f83611022ed1b92c2e8cc6181b37baadbb75314f73aa6341c,/home/homulily/code/bcp-cpp/bcp /home/homulily/code/bcp-cpp/dataset/GEOM100b.col 'Xa(cache)' -t 3600 -i -v x --use-symmetry-breaking --width vary,DESKTOP-RJQ30EQ,Linux-6.8.0-51-generic-x86_64-with-glibc2.39,c++ (Ubuntu 15.2.0-16ubuntu1) 15.2.0,Python 3.14.4; pandas 2.3.3; psutil 7.2.2,1,2026-08-20T06:33:54.053920+07:00,CaDiCaL,0,Xa(cache),3600,True,x,True,False,vary
GEOM110.col,110,638,65,33952,201901,OPTIMAL,50,0.0572066,0.895398,0.952605,107.52734,0,1,1,509f41020245d12b4e03b0c6681826c72245d1f3,False,2c127a146238aee20765edfcc35a16dc2fd856e5577bfe6afdc859b7dcaddb49,bc9dd2f34387090f83611022ed1b92c2e8cc6181b37baadbb75314f73aa6341c,/home/homulily/code/bcp-cpp/bcp /home/homulily/code/bcp-cpp/dataset/GEOM110.col 'Xa(cache)' -t 3600 -i -v x --use-symmetry-breaking --width vary,DESKTOP-RJQ30EQ,Linux-6.8.0-51-generic-x86_64-with-glibc2.39,c++ (Ubuntu 15.2.0-16ubuntu1) 15.2.0,Python 3.14.4; pandas 2.3.3; psutil 7.2.2,1,2026-08-20T06:33:55.053838+07:00,CaDiCaL,0,Xa(cache),3600,True,x,True,False,vary
GEOM110a.col,110,1207,110,64701,525418,OPTIMAL,69,0.15074,156.258,156.409,183.40234,0,1,1,509f41020245d12b4e03b0c6681826c72245d1f3,False,9c37e408d641c20a1fc834cdfa27c50a49e532300506da93442ee8f07c8f7d3c,bc9dd2f34387090f83611022ed1b92c2e8cc6181b37baadbb75314f73aa6341c,/home/homulily/code/bcp-cpp/bcp /home/homulily/code/bcp-cpp/dataset/GEOM110a.col 'Xa(cache)' -t 3600 -i -v x --use-symmetry-breaking --width vary,DESKTOP-RJQ30EQ,Linux-6.8.0-51-generic-x86_64-with-glibc2.39,c++ (Ubuntu 15.2.0-16ubuntu1) 15.2.0,Python 3.14.4; pandas 2.3.3; psutil 7.2.2,1,2026-08-20T06:36:31.544699+07:00,CaDiCaL,0,Xa(cache),3600,True,x,True,False,vary
GEOM110b.col,110,1256,122,72270,594803,OPTIMAL,77,0.17826,994.775,994.953,206.32031,0,1,1,509f41020245d12b4e03b0c6681826c72245d1f3,False,aea172a16bc42de0504b35909d35fce000ded1613c496d28ea719a2d44ba7c51,bc9dd2f34387090f83611022ed1b92c2e8cc6181b37baadbb75314f73aa6341c,/home/homulily/code/bcp-cpp/bcp /home/homulily/code/bcp-cpp/dataset/GEOM110b.col 'Xa(cache)' -t 3600 -i -v x --use-symmetry-breaking --width vary,DESKTOP-RJQ30EQ,Linux-6.8.0-51-generic-x86_64-with-glibc2.39,c++ (Ubuntu 15.2.0-16ubuntu1) 15.2.0,Python 3.14.4; pandas 2.3.3; psutil 7.2.2,1,2026-08-20T06:53:06.592611+07:00,CaDiCaL,0,Xa(cache),3600,True,x,True,False,vary
GEOM120.col,120,773,74,43536,269812,OPTIMAL,59,0.0817097,3.32884,3.41055,119.59766,0,1,1,509f41020245d12b4e03b0c6681826c72245d1f3,False,26357a9d4e2d8b08cdf055e2a882589f86c22c313fd9674a7f44b405c2aade4a,bc9dd2f34387090f83611022ed1b92c2e8cc6181b37baadbb75314f73aa6341c,/home/homulily/code/bcp-cpp/bcp /home/homulily/code/bcp-cpp/dataset/GEOM120.col 'Xa(cache)' -t 3600 -i -v x --use-symmetry-breaking --width vary,DESKTOP-RJQ30EQ,Linux-6.8.0-51-generic-x86_64-with-glibc2.39,c++ (Ubuntu 15.2.0-16ubuntu1) 15.2.0,Python 3.14.4; pandas 2.3.3; psutil 7.2.2,1,2026-08-20T06:53:10.134331+07:00,CaDiCaL,0,Xa(cache),3600,True,x,True,False,vary
GEOM120a.col,120,1434,110,71481,606596,OPTIMAL,82,0.186112,173.503,173.69,204.79688,0,1,1,509f41020245d12b4e03b0c6681826c72245d1f3,False,a920a2c75d8d4fde3a531cb30857d83f245364a0b88d5a18f86336b96bf07ab6,bc9dd2f34387090f83611022ed1b92c2e8cc6181b37baadbb75314f73aa6341c,/home/homulily/code/bcp-cpp/bcp /home/homulily/code/bcp-cpp/dataset/GEOM120a.col 'Xa(cache)' -t 3600 -i -v x --use-symmetry-breaking --width vary,DESKTOP-RJQ30EQ,Linux-6.8.0-51-generic-x86_64-with-glibc2.39,c++ (Ubuntu 15.2.0-16ubuntu1) 15.2.0,Python 3.14.4; pandas 2.3.3; psutil 7.2.2,1,2026-08-20T06:56:03.960438+07:00,CaDiCaL,0,Xa(cache),3600,True,x,True,False,vary
GEOM120b.col,120,1491,124,80818,698120,SATISFIABLE,83,0.233736,3599.78,3600.01,303.25391,1,0,1,509f41020245d12b4e03b0c6681826c72245d1f3,False,745355ab3817a87504580de4d77629dce60b8f48ea8fb2c5da33224e8ef92e29,bc9dd2f34387090f83611022ed1b92c2e8cc6181b37baadbb75314f73aa6341c,/home/homulily/code/bcp-cpp/bcp /home/homulily/code/bcp-cpp/dataset/GEOM120b.col 'Xa(cache)' -t 3600 -i -v x --use-symmetry-breaking --width vary,DESKTOP-RJQ30EQ,Linux-6.8.0-51-generic-x86_64-with-glibc2.39,c++ (Ubuntu 15.2.0-16ubuntu1) 15.2.0,Python 3.14.4; pandas 2.3.3; psutil 7.2.2,1,2026-08-20T09:11:17.761249+07:00,CaDiCaL,0,Xa(cache),3600,True,x,True,False,vary
GEOM20.col,20,20,25,1289,4492,OPTIMAL,21,0.00148983,0.00192916,0.00341899,51.05859,0,1,1,509f41020245d12b4e03b0c6681826c72245d1f3,False,08ed5ea76ef3bcb2228f4669162b3aa8c234de6a4dd75c3155a603919bc0167a,bc9dd2f34387090f83611022ed1b92c2e8cc6181b37baadbb75314f73aa6341c,/home/homulily/code/bcp-cpp/bcp /home/homulily/code/bcp-cpp/dataset/GEOM20.col 'Xa(cache)' -t 3600 -i -v x --use-symmetry-breaking --width vary,DESKTOP-RJQ30EQ,Linux-6.8.0-51-generic-x86_64-with-glibc2.39,c++ (Ubuntu 15.2.0-16ubuntu1) 15.2.0,Python 3.14.4; pandas 2.3.3; psutil 7.2.2,1,2026-08-20T09:11:17.819043+07:00,CaDiCaL,0,Xa(cache),3600,True,x,True,False,vary
GEOM20a.col,20,37,25,1556,6336,OPTIMAL,20,0.00162518,0.00233694,0.00396212,51.05859,0,1,1,509f41020245d12b4e03b0c6681826c72245d1f3,False,5fe086947cbc99c9630087a727d0c9fe00065a9c4f6d6ebea7115ab4a8c161fb,bc9dd2f34387090f83611022ed1b92c2e8cc6181b37baadbb75314f73aa6341c,/home/homulily/code/bcp-cpp/bcp /home/homulily/code/bcp-cpp/dataset/GEOM20a.col 'Xa(cache)' -t 3600 -i -v x --use-symmetry-breaking --width vary,DESKTOP-RJQ30EQ,Linux-6.8.0-51-generic-x86_64-with-glibc2.39,c++ (Ubuntu 15.2.0-16ubuntu1) 15.2.0,Python 3.14.4; pandas 2.3.3; psutil 7.2.2,1,2026-08-20T09:11:17.925575+07:00,CaDiCaL,0,Xa(cache),3600,True,x,True,False,vary
GEOM20b.col,20,32,17,968,3632,OPTIMAL,13,0.000994943,0.00153183,0.00252677,50.55859,0,1,1,509f41020245d12b4e03b0c6681826c72245d1f3,False,6be144806384554ada26f70be526ed0d42afb61a447cd96f826be5dbcf60288a,bc9dd2f34387090f83611022ed1b92c2e8cc6181b37baadbb75314f73aa6341c,/home/homulily/code/bcp-cpp/bcp /home/homulily/code/bcp-cpp/dataset/GEOM20b.col 'Xa(cache)' -t 3600 -i -v x --use-symmetry-breaking --width vary,DESKTOP-RJQ30EQ,Linux-6.8.0-51-generic-x86_64-with-glibc2.39,c++ (Ubuntu 15.2.0-16ubuntu1) 15.2.0,Python 3.14.4; pandas 2.3.3; psutil 7.2.2,1,2026-08-20T09:11:18.032066+07:00,CaDiCaL,0,Xa(cache),3600,True,x,True,False,vary
GEOM30.col,30,50,34,3035,12497,OPTIMAL,28,0.00326658,0.00498518,0.00825176,50.87109,0,1,1,509f41020245d12b4e03b0c6681826c72245d1f3,False,489bd893683e4c3672aba625abb2643d68f9c2a6d3776c9b26400831c548bd51,bc9dd2f34387090f83611022ed1b92c2e8cc6181b37baadbb75314f73aa6341c,/home/homulily/code/bcp-cpp/bcp /home/homulily/code/bcp-cpp/dataset/GEOM30.col 'Xa(cache)' -t 3600 -i -v x --use-symmetry-breaking --width vary,DESKTOP-RJQ30EQ,Linux-6.8.0-51-generic-x86_64-with-glibc2.39,c++ (Ubuntu 15.2.0-16ubuntu1) 15.2.0,Python 3.14.4; pandas 2.3.3; psutil 7.2.2,1,2026-08-20T09:11:18.145399+07:00,CaDiCaL,0,Xa(cache),3600,True,x,True,False,vary
GEOM30a.col,30,81,33,3580,16347,OPTIMAL,27,0.00433877,0.00572852,0.0100673,51.24609,0,1,1,509f41020245d12b4e03b0c6681826c72245d1f3,False,10bfa32a02f1c8633027611fc7eb773d3d5088d3bc49d1419471fc4ca266eca9,bc9dd2f34387090f83611022ed1b92c2e8cc6181b37baadbb75314f73aa6341c,/home/homulily/code/bcp-cpp/bcp /home/homulily/code/bcp-cpp/dataset/GEOM30a.col 'Xa(cache)' -t 3600 -i -v x --use-symmetry-breaking --width vary,DESKTOP-RJQ30EQ,Linux-6.8.0-51-generic-x86_64-with-glibc2.39,c++ (Ubuntu 15.2.0-16ubuntu1) 15.2.0,Python 3.14.4; pandas 2.3.3; psutil 7.2.2,1,2026-08-20T09:11:18.255440+07:00,CaDiCaL,0,Xa(cache),3600,True,x,True,False,vary
GEOM30b.col,30,81,28,3140,13664,OPTIMAL,26,0.00375268,0.0020603,0.00581299,51.05859,0,1,1,509f41020245d12b4e03b0c6681826c72245d1f3,False,41e7babfc1e85334f1653ee7e88e11a11b0065ce2d50a72a801b4b00cfe2330a,bc9dd2f34387090f83611022ed1b92c2e8cc6181b37baadbb75314f73aa6341c,/home/homulily/code/bcp-cpp/bcp /home/homulily/code/bcp-cpp/dataset/GEOM30b.col 'Xa(cache)' -t 3600 -i -v x --use-symmetry-breaking --width vary,DESKTOP-RJQ30EQ,Linux-6.8.0-51-generic-x86_64-with-glibc2.39,c++ (Ubuntu 15.2.0-16ubuntu1) 15.2.0,Python 3.14.4; pandas 2.3.3; psutil 7.2.2,1,2026-08-20T09:11:18.355991+07:00,CaDiCaL,0,Xa(cache),3600,True,x,True,False,vary
GEOM40.col,40,78,34,4346,18392,OPTIMAL,28,0.00501895,0.0062289,0.0112479,51.05859,0,1,1,509f41020245d12b4e03b0c6681826c72245d1f3,False,4968db2efd363df2b56fdfbab3c914f8100884884a68f0b07cbbc4e20aa1f192,bc9dd2f34387090f83611022ed1b92c2e8cc6181b37baadbb75314f73aa6341c,/home/homulily/code/bcp-cpp/bcp /home/homulily/code/bcp-cpp/dataset/GEOM40.col 'Xa(cache)' -t 3600 -i -v x --use-symmetry-breaking --width vary,DESKTOP-RJQ30EQ,Linux-6.8.0-51-generic-x86_64-with-glibc2.39,c++ (Ubuntu 15.2.0-16ubuntu1) 15.2.0,Python 3.14.4; pandas 2.3.3; psutil 7.2.2,1,2026-08-20T09:11:18.469517+07:00,CaDiCaL,0,Xa(cache),3600,True,x,True,False,vary
GEOM40a.col,40,146,51,8277,42535,OPTIMAL,37,0.0113258,0.0362581,0.0475839,50.93359,0,1,1,509f41020245d12b4e03b0c6681826c72245d1f3,False,0bd50dc07b7e234154a3f92e5d2cf1ac6ad83c47badf984a837587fe7c35ca6b,bc9dd2f34387090f83611022ed1b92c2e8cc6181b37baadbb75314f73aa6341c,/home/homulily/code/bcp-cpp/bcp /home/homulily/code/bcp-cpp/dataset/GEOM40a.col 'Xa(cache)' -t 3600 -i -v x --use-symmetry-breaking --width vary,DESKTOP-RJQ30EQ,Linux-6.8.0-51-generic-x86_64-with-glibc2.39,c++ (Ubuntu 15.2.0-16ubuntu1) 15.2.0,Python 3.14.4; pandas 2.3.3; psutil 7.2.2,1,2026-08-20T09:11:18.615016+07:00,CaDiCaL,0,Xa(cache),3600,True,x,True,False,vary
GEOM40b.col,40,157,41,6699,34166,OPTIMAL,33,0.00927974,0.0209153,0.0301951,50.87109,0,1,1,509f41020245d12b4e03b0c6681826c72245d1f3,False,1ccb98f8f5e910eb9d4064ba5b23dff42c9067ecd2d40d0879250dbd16181ddf,bc9dd2f34387090f83611022ed1b92c2e8cc6181b37baadbb75314f73aa6341c,/home/homulily/code/bcp-cpp/bcp /home/homulily/code/bcp-cpp/dataset/GEOM40b.col 'Xa(cache)' -t 3600 -i -v x --use-symmetry-breaking --width vary,DESKTOP-RJQ30EQ,Linux-6.8.0-51-generic-x86_64-with-glibc2.39,c++ (Ubuntu 15.2.0-16ubuntu1) 15.2.0,Python 3.14.4; pandas 2.3.3; psutil 7.2.2,1,2026-08-20T09:11:18.702446+07:00,CaDiCaL,0,Xa(cache),3600,True,x,True,False,vary
GEOM50.col,50,127,37,6588,29688,OPTIMAL,28,0.0080293,0.0104088,0.0184381,51.05859,0,1,1,509f41020245d12b4e03b0c6681826c72245d1f3,False,c584455fa3b51a54152148534733fdf90022ccefd515c1770417925f43ef5434,bc9dd2f34387090f83611022ed1b92c2e8cc6181b37baadbb75314f73aa6341c,/home/homulily/code/bcp-cpp/bcp /home/homulily/code/bcp-cpp/dataset/GEOM50.col 'Xa(cache)' -t 3600 -i -v x --use-symmetry-breaking --width vary,DESKTOP-RJQ30EQ,Linux-6.8.0-51-generic-x86_64-with-glibc2.39,c++ (Ubuntu 15.2.0-16ubuntu1) 15.2.0,Python 3.14.4; pandas 2.3.3; psutil 7.2.2,1,2026-08-20T09:11:18.796980+07:00,CaDiCaL,0,Xa(cache),3600,True,x,True,False,vary
GEOM50a.col,50,238,62,13670,76790,OPTIMAL,50,0.0212135,0.471283,0.492497,75.8125,0,1,1,509f41020245d12b4e03b0c6681826c72245d1f3,False,09a35a2b65ed3e0dcd221ac73c5adb47901d19e134e9d9ce99d087c064f5b13b,bc9dd2f34387090f83611022ed1b92c2e8cc6181b37baadbb75314f73aa6341c,/home/homulily/code/bcp-cpp/bcp /home/homulily/code/bcp-cpp/dataset/GEOM50a.col 'Xa(cache)' -t 3600 -i -v x --use-symmetry-breaking --width vary,DESKTOP-RJQ30EQ,Linux-6.8.0-51-generic-x86_64-with-glibc2.39,c++ (Ubuntu 15.2.0-16ubuntu1) 15.2.0,Python 3.14.4; pandas 2.3.3; psutil 7.2.2,1,2026-08-20T09:11:19.375918+07:00,CaDiCaL,0,Xa(cache),3600,True,x,True,False,vary
GEOM50b.col,50,249,55,12395,68606,OPTIMAL,35,0.0190058,0.154346,0.173351,72.25,0,1,1,509f41020245d12b4e03b0c6681826c72245d1f3,False,7b21131c086e1fd406658aed26e1d79b31aa8f81bf25493c8658813e81076dca,bc9dd2f34387090f83611022ed1b92c2e8cc6181b37baadbb75314f73aa6341c,/home/homulily/code/bcp-cpp/bcp /home/homulily/code/bcp-cpp/dataset/GEOM50b.col 'Xa(cache)' -t 3600 -i -v x --use-symmetry-breaking --width vary,DESKTOP-RJQ30EQ,Linux-6.8.0-51-generic-x86_64-with-glibc2.39,c++ (Ubuntu 15.2.0-16ubuntu1) 15.2.0,Python 3.14.4; pandas 2.3.3; psutil 7.2.2,1,2026-08-20T09:11:19.668390+07:00,CaDiCaL,0,Xa(cache),3600,True,x,True,False,vary
GEOM60.col,60,185,37,8679,40630,OPTIMAL,33,0.0118131,0.0112942,0.0231074,49.93359,0,1,1,509f41020245d12b4e03b0c6681826c72245d1f3,False,9575aa95916bb0ddb24ac95ceb686ad79834715a8c3c97743905c76227ffa048,bc9dd2f34387090f83611022ed1b92c2e8cc6181b37baadbb75314f73aa6341c,/home/homulily/code/bcp-cpp/bcp /home/homulily/code/bcp-cpp/dataset/GEOM60.col 'Xa(cache)' -t 3600 -i -v x --use-symmetry-breaking --width vary,DESKTOP-RJQ30EQ,Linux-6.8.0-51-generic-x86_64-with-glibc2.39,c++ (Ubuntu 15.2.0-16ubuntu1) 15.2.0,Python 3.14.4; pandas 2.3.3; psutil 7.2.2,1,2026-08-20T09:11:19.718591+07:00,CaDiCaL,0,Xa(cache),3600,True,x,True,False,vary
GEOM60a.col,60,339,62,16838,100767,OPTIMAL,50,0.0296499,0.695303,0.724953,82.3125,0,1,1,509f41020245d12b4e03b0c6681826c72245d1f3,False,c6266e394b59107ef80c14a3ed0d8dd4ae62c646238c8358f8080547a85fd68c,bc9dd2f34387090f83611022ed1b92c2e8cc6181b37baadbb75314f73aa6341c,/home/homulily/code/bcp-cpp/bcp /home/homulily/code/bcp-cpp/dataset/GEOM60a.col 'Xa(cache)' -t 3600 -i -v x --use-symmetry-breaking --width vary,DESKTOP-RJQ30EQ,Linux-6.8.0-51-generic-x86_64-with-glibc2.39,c++ (Ubuntu 15.2.0-16ubuntu1) 15.2.0,Python 3.14.4; pandas 2.3.3; psutil 7.2.2,1,2026-08-20T09:11:20.526499+07:00,CaDiCaL,0,Xa(cache),3600,True,x,True,False,vary
GEOM60b.col,60,366,64,18380,110273,OPTIMAL,41,0.0308426,0.730528,0.761371,82.32812,0,1,1,509f41020245d12b4e03b0c6681826c72245d1f3,False,8305498f1acbb0e13fc3e5b6756eebb72600bd69b237f5d836248a8d8e040f76,bc9dd2f34387090f83611022ed1b92c2e8cc6181b37baadbb75314f73aa6341c,/home/homulily/code/bcp-cpp/bcp /home/homulily/code/bcp-cpp/dataset/GEOM60b.col 'Xa(cache)' -t 3600 -i -v x --use-symmetry-breaking --width vary,DESKTOP-RJQ30EQ,Linux-6.8.0-51-generic-x86_64-with-glibc2.39,c++ (Ubuntu 15.2.0-16ubuntu1) 15.2.0,Python 3.14.4; pandas 2.3.3; psutil 7.2.2,1,2026-08-20T09:11:21.377809+07:00,CaDiCaL,0,Xa(cache),3600,True,x,True,False,vary
GEOM70.col,70,267,45,13324,67312,OPTIMAL,38,0.0196512,0.0517031,0.0713542,51.05859,0,1,1,509f41020245d12b4e03b0c6681826c72245d1f3,False,6709158dd6a0c24605665511d543798f2cda198fb9b943c841d842af483b8b5f,bc9dd2f34387090f83611022ed1b92c2e8cc6181b37baadbb75314f73aa6341c,/home/homulily/code/bcp-cpp/bcp /home/homulily/code/bcp-cpp/dataset/GEOM70.col 'Xa(cache)' -t 3600 -i -v x --use-symmetry-breaking --width vary,DESKTOP-RJQ30EQ,Linux-6.8.0-51-generic-x86_64-with-glibc2.39,c++ (Ubuntu 15.2.0-16ubuntu1) 15.2.0,Python 3.14.4; pandas 2.3.3; psutil 7.2.2,1,2026-08-20T09:11:21.494345+07:00,CaDiCaL,0,Xa(cache),3600,True,x,True,False,vary
GEOM70a.col,70,459,73,24347,154462,OPTIMAL,61,0.0444538,2.97067,3.01512,95.62891,0,1,1,509f41020245d12b4e03b0c6681826c72245d1f3,False,e256a1a0b8f2637a931d35ffacdb28b715bcafa769a4bbedc21eb991683d0a40,bc9dd2f34387090f83611022ed1b92c2e8cc6181b37baadbb75314f73aa6341c,/home/homulily/code/bcp-cpp/bcp /home/homulily/code/bcp-cpp/dataset/GEOM70a.col 'Xa(cache)' -t 3600 -i -v x --use-symmetry-breaking --width vary,DESKTOP-RJQ30EQ,Linux-6.8.0-51-generic-x86_64-with-glibc2.39,c++ (Ubuntu 15.2.0-16ubuntu1) 15.2.0,Python 3.14.4; pandas 2.3.3; psutil 7.2.2,1,2026-08-20T09:11:24.545412+07:00,CaDiCaL,0,Xa(cache),3600,True,x,True,False,vary
GEOM70b.col,70,488,77,26085,169242,OPTIMAL,47,0.0474964,3.0463,3.0938,93.91797,0,1,1,509f41020245d12b4e03b0c6681826c72245d1f3,False,50b43cacfa298b2c9f4c05ca437a5559b357c8348aa59226bf3c2fd9b98b03b8,bc9dd2f34387090f83611022ed1b92c2e8cc6181b37baadbb75314f73aa6341c,/home/homulily/code/bcp-cpp/bcp /home/homulily/code/bcp-cpp/dataset/GEOM70b.col 'Xa(cache)' -t 3600 -i -v x --use-symmetry-breaking --width vary,DESKTOP-RJQ30EQ,Linux-6.8.0-51-generic-x86_64-with-glibc2.39,c++ (Ubuntu 15.2.0-16ubuntu1) 15.2.0,Python 3.14.4; pandas 2.3.3; psutil 7.2.2,1,2026-08-20T09:11:27.757094+07:00,CaDiCaL,0,Xa(cache),3600,True,x,True,False,vary
GEOM80.col,80,349,55,19234,102953,OPTIMAL,41,0.0302594,0.083571,0.11383,77.43359,0,1,1,509f41020245d12b4e03b0c6681826c72245d1f3,False,46454b38ff8d83fe0020c6f3e5408c0ca37e868bc79f74749c4a8e555730df9c,bc9dd2f34387090f83611022ed1b92c2e8cc6181b37baadbb75314f73aa6341c,/home/homulily/code/bcp-cpp/bcp /home/homulily/code/bcp-cpp/dataset/GEOM80.col 'Xa(cache)' -t 3600 -i -v x --use-symmetry-breaking --width vary,DESKTOP-RJQ30EQ,Linux-6.8.0-51-generic-x86_64-with-glibc2.39,c++ (Ubuntu 15.2.0-16ubuntu1) 15.2.0,Python 3.14.4; pandas 2.3.3; psutil 7.2.2,1,2026-08-20T09:11:27.900158+07:00,CaDiCaL,0,Xa(cache),3600,True,x,True,False,vary
GEOM80a.col,80,612,80,31654,215351,OPTIMAL,63,0.0640722,6.72712,6.79119,107.66797,0,1,1,509f41020245d12b4e03b0c6681826c72245d1f3,False,f8cd1c510008df8e302411facc59a809be027620b27f632f811c1c94c76d78c9,bc9dd2f34387090f83611022ed1b92c2e8cc6181b37baadbb75314f73aa6341c,/home/homulily/code/bcp-cpp/bcp /home/homulily/code/bcp-cpp/dataset/GEOM80a.col 'Xa(cache)' -t 3600 -i -v x --use-symmetry-breaking --width vary,DESKTOP-RJQ30EQ,Linux-6.8.0-51-generic-x86_64-with-glibc2.39,c++ (Ubuntu 15.2.0-16ubuntu1) 15.2.0,Python 3.14.4; pandas 2.3.3; psutil 7.2.2,1,2026-08-20T09:11:34.789254+07:00,CaDiCaL,0,Xa(cache),3600,True,x,True,False,vary
GEOM80b.col,80,663,99,40776,282251,OPTIMAL,60,0.0876689,5.25898,5.34665,111.90234,0,1,1,509f41020245d12b4e03b0c6681826c72245d1f3,False,a8dcc40cfc8d87903196406f815c4d512a7c68e3e966538768a0601bfac7d301,bc9dd2f34387090f83611022ed1b92c2e8cc6181b37baadbb75314f73aa6341c,/home/homulily/code/bcp-cpp/bcp /home/homulily/code/bcp-cpp/dataset/GEOM80b.col 'Xa(cache)' -t 3600 -i -v x --use-symmetry-breaking --width vary,DESKTOP-RJQ30EQ,Linux-6.8.0-51-generic-x86_64-with-glibc2.39,c++ (Ubuntu 15.2.0-16ubuntu1) 15.2.0,Python 3.14.4; pandas 2.3.3; psutil 7.2.2,1,2026-08-20T09:11:40.210971+07:00,CaDiCaL,0,Xa(cache),3600,True,x,True,False,vary
GEOM90.col,90,441,55,22378,123189,OPTIMAL,46,0.0362706,0.150394,0.186665,79.99609,0,1,1,509f41020245d12b4e03b0c6681826c72245d1f3,False,8b99774b70737296ed7b4c8a3ad9ec1827182467166c5e7c93a1c2117473f7cf,bc9dd2f34387090f83611022ed1b92c2e8cc6181b37baadbb75314f73aa6341c,/home/homulily/code/bcp-cpp/bcp /home/homulily/code/bcp-cpp/dataset/GEOM90.col 'Xa(cache)' -t 3600 -i -v x --use-symmetry-breaking --width vary,DESKTOP-RJQ30EQ,Linux-6.8.0-51-generic-x86_64-with-glibc2.39,c++ (Ubuntu 15.2.0-16ubuntu1) 15.2.0,Python 3.14.4; pandas 2.3.3; psutil 7.2.2,1,2026-08-20T09:11:40.488505+07:00,CaDiCaL,0,Xa(cache),3600,True,x,True,False,vary
GEOM90a.col,90,789,81,37528,267207,OPTIMAL,63,0.0802694,9.10818,9.18845,116.30078,0,1,1,509f41020245d12b4e03b0c6681826c72245d1f3,False,254a4ba130fad8005c03d2288438d16ff5c3768cb05ebe3b37929f9f3247a1df,bc9dd2f34387090f83611022ed1b92c2e8cc6181b37baadbb75314f73aa6341c,/home/homulily/code/bcp-cpp/bcp /home/homulily/code/bcp-cpp/dataset/GEOM90a.col 'Xa(cache)' -t 3600 -i -v x --use-symmetry-breaking --width vary,DESKTOP-RJQ30EQ,Linux-6.8.0-51-generic-x86_64-with-glibc2.39,c++ (Ubuntu 15.2.0-16ubuntu1) 15.2.0,Python 3.14.4; pandas 2.3.3; psutil 7.2.2,1,2026-08-20T09:11:49.805320+07:00,CaDiCaL,0,Xa(cache),3600,True,x,True,False,vary
GEOM90b.col,90,860,110,51861,388724,OPTIMAL,69,0.121586,60.1549,60.2765,141.53906,0,1,1,509f41020245d12b4e03b0c6681826c72245d1f3,False,e293687b9c36702121066f37ac02cf4e8901dbaa3fd5ba7e864b0e00ba74fac3,bc9dd2f34387090f83611022ed1b92c2e8cc6181b37baadbb75314f73aa6341c,/home/homulily/code/bcp-cpp/bcp /home/homulily/code/bcp-cpp/dataset/GEOM90b.col 'Xa(cache)' -t 3600 -i -v x --use-symmetry-breaking --width vary,DESKTOP-RJQ30EQ,Linux-6.8.0-51-generic-x86_64-with-glibc2.39,c++ (Ubuntu 15.2.0-16ubuntu1) 15.2.0,Python 3.14.4; pandas 2.3.3; psutil 7.2.2,1,2026-08-20T09:12:50.188116+07:00,CaDiCaL,0,Xa(cache),3600,True,x,True,False,vary
c21_1_d1.col,21,102,8,315,1303,OPTIMAL,7,0.000377388,0.00257528,0.00295267,50.80859,0,1,1,509f41020245d12b4e03b0c6681826c72245d1f3,False,f838258c4c693e09ad2cc97943c674fc5b2ee14e0f97961fdfdeb239b8436773,bc9dd2f34387090f83611022ed1b92c2e8cc6181b37baadbb75314f73aa6341c,/home/homulily/code/bcp-cpp/bcp /home/homulily/code/bcp-cpp/dataset/c21_1_d1.col 'Xa(cache)' -t 3600 -i -v x --use-symmetry-breaking --width vary,DESKTOP-RJQ30EQ,Linux-6.8.0-51-generic-x86_64-with-glibc2.39,c++ (Ubuntu 15.2.0-16ubuntu1) 15.2.0,Python 3.14.4; pandas 2.3.3; psutil 7.2.2,1,2026-08-20T09:12:50.297646+07:00,CaDiCaL,0,Xa(cache),3600,True,x,True,False,vary
c21_1_d2.col,21,102,8,315,1303,OPTIMAL,7,0.000383929,0.00260659,0.00299052,50.43359,0,1,1,509f41020245d12b4e03b0c6681826c72245d1f3,False,17ff4bba73f02ee89dd3d91ccbca1a01ac0062c8872237c8916bc44590d256d5,bc9dd2f34387090f83611022ed1b92c2e8cc6181b37baadbb75314f73aa6341c,/home/homulily/code/bcp-cpp/bcp /home/homulily/code/bcp-cpp/dataset/c21_1_d2.col 'Xa(cache)' -t 3600 -i -v x --use-symmetry-breaking --width vary,DESKTOP-RJQ30EQ,Linux-6.8.0-51-generic-x86_64-with-glibc2.39,c++ (Ubuntu 15.2.0-16ubuntu1) 15.2.0,Python 3.14.4; pandas 2.3.3; psutil 7.2.2,1,2026-08-20T09:12:50.407006+07:00,CaDiCaL,0,Xa(cache),3600,True,x,True,False,vary
c21_2_d1.col,21,102,12,525,3274,OPTIMAL,9,0.000823074,0.00238372,0.0032068,49.30859,0,1,1,509f41020245d12b4e03b0c6681826c72245d1f3,False,bc5ff196032b38d098ccbb833a33557f397c0d16b5f8a281ddda8141f182fab6,bc9dd2f34387090f83611022ed1b92c2e8cc6181b37baadbb75314f73aa6341c,/home/homulily/code/bcp-cpp/bcp /home/homulily/code/bcp-cpp/dataset/c21_2_d1.col 'Xa(cache)' -t 3600 -i -v x --use-symmetry-breaking --width vary,DESKTOP-RJQ30EQ,Linux-6.8.0-51-generic-x86_64-with-glibc2.39,c++ (Ubuntu 15.2.0-16ubuntu1) 15.2.0,Python 3.14.4; pandas 2.3.3; psutil 7.2.2,1,2026-08-20T09:12:50.510262+07:00,CaDiCaL,0,Xa(cache),3600,True,x,True,False,vary
c21_2_d2.col,21,102,12,525,3274,OPTIMAL,9,0.000813703,0.00226351,0.00307721,51.0625,0,1,1,509f41020245d12b4e03b0c6681826c72245d1f3,False,357f7cf6535a13a2109dbf9d363efff9cc6e0038fccf653c1dafc7e92e00fe01,bc9dd2f34387090f83611022ed1b92c2e8cc6181b37baadbb75314f73aa6341c,/home/homulily/code/bcp-cpp/bcp /home/homulily/code/bcp-cpp/dataset/c21_2_d2.col 'Xa(cache)' -t 3600 -i -v x --use-symmetry-breaking --width vary,DESKTOP-RJQ30EQ,Linux-6.8.0-51-generic-x86_64-with-glibc2.39,c++ (Ubuntu 15.2.0-16ubuntu1) 15.2.0,Python 3.14.4; pandas 2.3.3; psutil 7.2.2,1,2026-08-20T09:12:50.616693+07:00,CaDiCaL,0,Xa(cache),3600,True,x,True,False,vary
c21_3_d1.col,21,102,8,315,1303,OPTIMAL,7,0.000396452,0.00256623,0.00296269,50.875,0,1,1,509f41020245d12b4e03b0c6681826c72245d1f3,False,2765b742e9eb99580ca620c1af200f5de170405ca0f8ef34101dec9696c2f9ee,bc9dd2f34387090f83611022ed1b92c2e8cc6181b37baadbb75314f73aa6341c,/home/homulily/code/bcp-cpp/bcp /home/homulily/code/bcp-cpp/dataset/c21_3_d1.col 'Xa(cache)' -t 3600 -i -v x --use-symmetry-breaking --width vary,DESKTOP-RJQ30EQ,Linux-6.8.0-51-generic-x86_64-with-glibc2.39,c++ (Ubuntu 15.2.0-16ubuntu1) 15.2.0,Python 3.14.4; pandas 2.3.3; psutil 7.2.2,1,2026-08-20T09:12:50.723491+07:00,CaDiCaL,0,Xa(cache),3600,True,x,True,False,vary
c21_3_d2.col,21,102,8,315,1303,OPTIMAL,7,0.000380052,0.00257753,0.00295758,51.0625,0,1,1,509f41020245d12b4e03b0c6681826c72245d1f3,False,5274c4b0e9751b679b2b38ab34627c4d1eca543d53c9c4086f61ec64f8ee1c6f,bc9dd2f34387090f83611022ed1b92c2e8cc6181b37baadbb75314f73aa6341c,/home/homulily/code/bcp-cpp/bcp /home/homulily/code/bcp-cpp/dataset/c21_3_d2.col 'Xa(cache)' -t 3600 -i -v x --use-symmetry-breaking --width vary,DESKTOP-RJQ30EQ,Linux-6.8.0-51-generic-x86_64-with-glibc2.39,c++ (Ubuntu 15.2.0-16ubuntu1) 15.2.0,Python 3.14.4; pandas 2.3.3; psutil 7.2.2,1,2026-08-20T09:12:50.831471+07:00,CaDiCaL,0,Xa(cache),3600,True,x,True,False,vary
c21_4_d1.col,21,102,12,525,3274,OPTIMAL,9,0.000823022,0.00233975,0.00316278,50.9375,0,1,1,509f41020245d12b4e03b0c6681826c72245d1f3,False,19dd5b83496200f38741c1f02f9fc646d0eae6d2a435789be0650d1e3455d42b,bc9dd2f34387090f83611022ed1b92c2e8cc6181b37baadbb75314f73aa6341c,/home/homulily/code/bcp-cpp/bcp /home/homulily/code/bcp-cpp/dataset/c21_4_d1.col 'Xa(cache)' -t 3600 -i -v x --use-symmetry-breaking --width vary,DESKTOP-RJQ30EQ,Linux-6.8.0-51-generic-x86_64-with-glibc2.39,c++ (Ubuntu 15.2.0-16ubuntu1) 15.2.0,Python 3.14.4; pandas 2.3.3; psutil 7.2.2,1,2026-08-20T09:12:50.939004+07:00,CaDiCaL,0,Xa(cache),3600,True,x,True,False,vary
c21_4_d2.col,21,102,12,525,3274,OPTIMAL,9,0.000922525,0.00226587,0.0031884,50.9375,0,1,1,509f41020245d12b4e03b0c6681826c72245d1f3,False,dcae409f3fa775f5d64e2a1c13109513f71b4261ac6646fa06061715bb34c40c,bc9dd2f34387090f83611022ed1b92c2e8cc6181b37baadbb75314f73aa6341c,/home/homulily/code/bcp-cpp/bcp /home/homulily/code/bcp-cpp/dataset/c21_4_d2.col 'Xa(cache)' -t 3600 -i -v x --use-symmetry-breaking --width vary,DESKTOP-RJQ30EQ,Linux-6.8.0-51-generic-x86_64-with-glibc2.39,c++ (Ubuntu 15.2.0-16ubuntu1) 15.2.0,Python 3.14.4; pandas 2.3.3; psutil 7.2.2,1,2026-08-20T09:12:51.045424+07:00,CaDiCaL,0,Xa(cache),3600,True,x,True,False,vary
c21_5_d1.col,21,102,8,315,1303,OPTIMAL,7,0.000382957,0.00258653,0.00296949,50.875,0,1,1,509f41020245d12b4e03b0c6681826c72245d1f3,False,9b48d14af7b6c13caa07b34bb084a2f18f2bbe1f27e4357c5d1d30b214e43ba0,bc9dd2f34387090f83611022ed1b92c2e8cc6181b37baadbb75314f73aa6341c,/home/homulily/code/bcp-cpp/bcp /home/homulily/code/bcp-cpp/dataset/c21_5_d1.col 'Xa(cache)' -t 3600 -i -v x --use-symmetry-breaking --width vary,DESKTOP-RJQ30EQ,Linux-6.8.0-51-generic-x86_64-with-glibc2.39,c++ (Ubuntu 15.2.0-16ubuntu1) 15.2.0,Python 3.14.4; pandas 2.3.3; psutil 7.2.2,1,2026-08-20T09:12:51.152164+07:00,CaDiCaL,0,Xa(cache),3600,True,x,True,False,vary
c21_5_d2.col,21,102,8,315,1303,OPTIMAL,7,0.00039161,0.0025614,0.00295301,50.8125,0,1,1,509f41020245d12b4e03b0c6681826c72245d1f3,False,bfa272eb474be3d829f6ae72dc0b350e3cc16cae91bd5b0268f9d7d42e029bdf,bc9dd2f34387090f83611022ed1b92c2e8cc6181b37baadbb75314f73aa6341c,/home/homulily/code/bcp-cpp/bcp /home/homulily/code/bcp-cpp/dataset/c21_5_d2.col 'Xa(cache)' -t 3600 -i -v x --use-symmetry-breaking --width vary,DESKTOP-RJQ30EQ,Linux-6.8.0-51-generic-x86_64-with-glibc2.39,c++ (Ubuntu 15.2.0-16ubuntu1) 15.2.0,Python 3.14.4; pandas 2.3.3; psutil 7.2.2,1,2026-08-20T09:12:51.258800+07:00,CaDiCaL,0,Xa(cache),3600,True,x,True,False,vary
c21_6_d1.col,21,102,12,525,3274,OPTIMAL,9,0.000818532,0.00218799,0.00300652,51.0625,0,1,1,509f41020245d12b4e03b0c6681826c72245d1f3,False,67f709a59420aa411b280438ae2a69559cb89dbc2a475e7237b5ff6beb322fc2,bc9dd2f34387090f83611022ed1b92c2e8cc6181b37baadbb75314f73aa6341c,/home/homulily/code/bcp-cpp/bcp /home/homulily/code/bcp-cpp/dataset/c21_6_d1.col 'Xa(cache)' -t 3600 -i -v x --use-symmetry-breaking --width vary,DESKTOP-RJQ30EQ,Linux-6.8.0-51-generic-x86_64-with-glibc2.39,c++ (Ubuntu 15.2.0-16ubuntu1) 15.2.0,Python 3.14.4; pandas 2.3.3; psutil 7.2.2,1,2026-08-20T09:12:51.364538+07:00,CaDiCaL,0,Xa(cache),3600,True,x,True,False,vary
c21_6_d2.col,21,102,12,525,3274,OPTIMAL,9,0.000811857,0.00219309,0.00300495,50.9375,0,1,1,509f41020245d12b4e03b0c6681826c72245d1f3,False,75ba8238057f4be94630617bff4cf631976862699cffdb81bcbe628b6f5af066,bc9dd2f34387090f83611022ed1b92c2e8cc6181b37baadbb75314f73aa6341c,/home/homulily/code/bcp-cpp/bcp /home/homulily/code/bcp-cpp/dataset/c21_6_d2.col 'Xa(cache)' -t 3600 -i -v x --use-symmetry-breaking --width vary,DESKTOP-RJQ30EQ,Linux-6.8.0-51-generic-x86_64-with-glibc2.39,c++ (Ubuntu 15.2.0-16ubuntu1) 15.2.0,Python 3.14.4; pandas 2.3.3; psutil 7.2.2,1,2026-08-20T09:12:51.472591+07:00,CaDiCaL,0,Xa(cache),3600,True,x,True,False,vary
c21_7_d1.col,21,102,8,315,1303,OPTIMAL,7,0.000428269,0.00276572,0.00319398,51.0625,0,1,1,509f41020245d12b4e03b0c6681826c72245d1f3,False,a5740086f18083fcf131d5f89bf75b7673b05dfb0366edb4c45fca95b2789986,bc9dd2f34387090f83611022ed1b92c2e8cc6181b37baadbb75314f73aa6341c,/home/homulily/code/bcp-cpp/bcp /home/homulily/code/bcp-cpp/dataset/c21_7_d1.col 'Xa(cache)' -t 3600 -i -v x --use-symmetry-breaking --width vary,DESKTOP-RJQ30EQ,Linux-6.8.0-51-generic-x86_64-with-glibc2.39,c++ (Ubuntu 15.2.0-16ubuntu1) 15.2.0,Python 3.14.4; pandas 2.3.3; psutil 7.2.2,1,2026-08-20T09:12:51.579382+07:00,CaDiCaL,0,Xa(cache),3600,True,x,True,False,vary
c21_7_d2.col,21,102,8,315,1303,OPTIMAL,7,0.000384921,0.00277996,0.00316488,51.0625,0,1,1,509f41020245d12b4e03b0c6681826c72245d1f3,False,ac84b1b113bb6b57a70caec3bc248b94cc90c0bb1186f65645d78821eb05adbd,bc9dd2f34387090f83611022ed1b92c2e8cc6181b37baadbb75314f73aa6341c,/home/homulily/code/bcp-cpp/bcp /home/homulily/code/bcp-cpp/dataset/c21_7_d2.col 'Xa(cache)' -t 3600 -i -v x --use-symmetry-breaking --width vary,DESKTOP-RJQ30EQ,Linux-6.8.0-51-generic-x86_64-with-glibc2.39,c++ (Ubuntu 15.2.0-16ubuntu1) 15.2.0,Python 3.14.4; pandas 2.3.3; psutil 7.2.2,1,2026-08-20T09:12:51.682389+07:00,CaDiCaL,0,Xa(cache),3600,True,x,True,False,vary
c21_8_d1.col,21,102,12,525,3274,OPTIMAL,9,0.0014172,0.00241809,0.00383529,51.0625,0,1,1,509f41020245d12b4e03b0c6681826c72245d1f3,False,bb8a14faad6327dbd85291090c1bdb4c5568aa8d9d5a7bd53c8654f3ab113224,bc9dd2f34387090f83611022ed1b92c2e8cc6181b37baadbb75314f73aa6341c,/home/homulily/code/bcp-cpp/bcp /home/homulily/code/bcp-cpp/dataset/c21_8_d1.col 'Xa(cache)' -t 3600 -i -v x --use-symmetry-breaking --width vary,DESKTOP-RJQ30EQ,Linux-6.8.0-51-generic-x86_64-with-glibc2.39,c++ (Ubuntu 15.2.0-16ubuntu1) 15.2.0,Python 3.14.4; pandas 2.3.3; psutil 7.2.2,1,2026-08-20T09:12:51.786675+07:00,CaDiCaL,0,Xa(cache),3600,True,x,True,False,vary
c21_8_d2.col,21,102,12,525,3274,OPTIMAL,9,0.000827197,0.00229837,0.00312556,50.9375,0,1,1,509f41020245d12b4e03b0c6681826c72245d1f3,False,f5ba7310979dcec808371e784a264f60b7a9480e3c89e6597cce412caf40d991,bc9dd2f34387090f83611022ed1b92c2e8cc6181b37baadbb75314f73aa6341c,/home/homulily/code/bcp-cpp/bcp /home/homulily/code/bcp-cpp/dataset/c21_8_d2.col 'Xa(cache)' -t 3600 -i -v x --use-symmetry-breaking --width vary,DESKTOP-RJQ30EQ,Linux-6.8.0-51-generic-x86_64-with-glibc2.39,c++ (Ubuntu 15.2.0-16ubuntu1) 15.2.0,Python 3.14.4; pandas 2.3.3; psutil 7.2.2,1,2026-08-20T09:12:51.890404+07:00,CaDiCaL,0,Xa(cache),3600,True,x,True,False,vary
c25_1_d3.col,25,134,8,375,1626,OPTIMAL,8,0.000564229,0.0317742,0.0323384,50.9375,0,1,1,509f41020245d12b4e03b0c6681826c72245d1f3,False,1ea6804dc4a8d52338e7935ca90ec544a6f93a27cd092508d5f2a4a4309660a3,bc9dd2f34387090f83611022ed1b92c2e8cc6181b37baadbb75314f73aa6341c,/home/homulily/code/bcp-cpp/bcp /home/homulily/code/bcp-cpp/dataset/c25_1_d3.col 'Xa(cache)' -t 3600 -i -v x --use-symmetry-breaking --width vary,DESKTOP-RJQ30EQ,Linux-6.8.0-51-generic-x86_64-with-glibc2.39,c++ (Ubuntu 15.2.0-16ubuntu1) 15.2.0,Python 3.14.4; pandas 2.3.3; psutil 7.2.2,1,2026-08-20T09:12:52.026606+07:00,CaDiCaL,0,Xa(cache),3600,True,x,True,False,vary
c25_1_d4.col,25,134,8,375,1626,OPTIMAL,8,0.000486908,0.0340756,0.0345625,51.0625,0,1,1,509f41020245d12b4e03b0c6681826c72245d1f3,False,eff8f52de9e723400f83c97d0ec2abe45e41b6038672e20a4a4081e4715aca85,bc9dd2f34387090f83611022ed1b92c2e8cc6181b37baadbb75314f73aa6341c,/home/homulily/code/bcp-cpp/bcp /home/homulily/code/bcp-cpp/dataset/c25_1_d4.col 'Xa(cache)' -t 3600 -i -v x --use-symmetry-breaking --width vary,DESKTOP-RJQ30EQ,Linux-6.8.0-51-generic-x86_64-with-glibc2.39,c++ (Ubuntu 15.2.0-16ubuntu1) 15.2.0,Python 3.14.4; pandas 2.3.3; psutil 7.2.2,1,2026-08-20T09:12:52.132319+07:00,CaDiCaL,0,Xa(cache),3600,True,x,True,False,vary
c55_1_d1.col,55,362,9,935,4747,OPTIMAL,7,0.00142646,0.00433371,0.00576017,51.0625,0,1,1,509f41020245d12b4e03b0c6681826c72245d1f3,False,483fac5e0df65a27f7312e2883f8f90c17f26d3a7bdd50c333212ca635e3f2e6,bc9dd2f34387090f83611022ed1b92c2e8cc6181b37baadbb75314f73aa6341c,/home/homulily/code/bcp-cpp/bcp /home/homulily/code/bcp-cpp/dataset/c55_1_d1.col 'Xa(cache)' -t 3600 -i -v x --use-symmetry-breaking --width vary,DESKTOP-RJQ30EQ,Linux-6.8.0-51-generic-x86_64-with-glibc2.39,c++ (Ubuntu 15.2.0-16ubuntu1) 15.2.0,Python 3.14.4; pandas 2.3.3; psutil 7.2.2,1,2026-08-20T09:12:52.207165+07:00,CaDiCaL,0,Xa(cache),3600,True,x,True,False,vary
c55_2_d2.col,55,362,9,935,4747,OPTIMAL,7,0.0014164,0.00425908,0.00567548,50.875,0,1,1,509f41020245d12b4e03b0c6681826c72245d1f3,False,7b0078b893aeb838a0f5f0b3ece5f1505f2c0981a98c59561af4c69742a59ad6,bc9dd2f34387090f83611022ed1b92c2e8cc6181b37baadbb75314f73aa6341c,/home/homulily/code/bcp-cpp/bcp /home/homulily/code/bcp-cpp/dataset/c55_2_d2.col 'Xa(cache)' -t 3600 -i -v x --use-symmetry-breaking --width vary,DESKTOP-RJQ30EQ,Linux-6.8.0-51-generic-x86_64-with-glibc2.39,c++ (Ubuntu 15.2.0-16ubuntu1) 15.2.0,Python 3.14.4; pandas 2.3.3; psutil 7.2.2,1,2026-08-20T09:12:52.315883+07:00,CaDiCaL,0,Xa(cache),3600,True,x,True,False,vary
GEOM100.col,100,547,65,30365,176747,OPTIMAL,50,0.0523788,0.869882,0.922261,99.39062,0,1,2,509f41020245d12b4e03b0c6681826c72245d1f3,False,91be09009a797c20a68cfb43f78cb01019c2cfdb8915d86e640e95938c315b19,bc9dd2f34387090f83611022ed1b92c2e8cc6181b37baadbb75314f73aa6341c,/home/homulily/code/bcp-cpp/bcp /home/homulily/code/bcp-cpp/dataset/GEOM100.col 'Xa(cache)' -t 3600 -i -v x --use-symmetry-breaking --width vary,DESKTOP-RJQ30EQ,Linux-6.8.0-51-generic-x86_64-with-glibc2.39,c++ (Ubuntu 15.2.0-16ubuntu1) 15.2.0,Python 3.14.4; pandas 2.3.3; psutil 7.2.2,1,2026-08-20T09:12:53.346876+07:00,CaDiCaL,0,Xa(cache),3600,True,x,True,False,vary
GEOM100a.col,100,992,92,48351,370025,OPTIMAL,66,0.113688,168.606,168.72,144.11328,0,1,2,509f41020245d12b4e03b0c6681826c72245d1f3,False,630c8dde843161518427f8d7ef92d9d1373781a7e028e2918c0070a86261b0f7,bc9dd2f34387090f83611022ed1b92c2e8cc6181b37baadbb75314f73aa6341c,/home/homulily/code/bcp-cpp/bcp /home/homulily/code/bcp-cpp/dataset/GEOM100a.col 'Xa(cache)' -t 3600 -i -v x --use-symmetry-breaking --width vary,DESKTOP-RJQ30EQ,Linux-6.8.0-51-generic-x86_64-with-glibc2.39,c++ (Ubuntu 15.2.0-16ubuntu1) 15.2.0,Python 3.14.4; pandas 2.3.3; psutil 7.2.2,1,2026-08-20T09:15:42.172212+07:00,CaDiCaL,0,Xa(cache),3600,True,x,True,False,vary
GEOM100b.col,100,1050,122,64911,512933,OPTIMAL,71,0.158869,208.735,208.894,178.26953,0,1,2,509f41020245d12b4e03b0c6681826c72245d1f3,False,14092a37b220ef17894222b959c735f68203286fc653930904fe5f13c3741ce5,bc9dd2f34387090f83611022ed1b92c2e8cc6181b37baadbb75314f73aa6341c,/home/homulily/code/bcp-cpp/bcp /home/homulily/code/bcp-cpp/dataset/GEOM100b.col 'Xa(cache)' -t 3600 -i -v x --use-symmetry-breaking --width vary,DESKTOP-RJQ30EQ,Linux-6.8.0-51-generic-x86_64-with-glibc2.39,c++ (Ubuntu 15.2.0-16ubuntu1) 15.2.0,Python 3.14.4; pandas 2.3.3; psutil 7.2.2,1,2026-08-20T09:19:11.201756+07:00,CaDiCaL,0,Xa(cache),3600,True,x,True,False,vary
GEOM110.col,110,638,65,33952,201901,OPTIMAL,50,0.0611905,0.944152,1.00534,103.5625,0,1,2,509f41020245d12b4e03b0c6681826c72245d1f3,False,2c127a146238aee20765edfcc35a16dc2fd856e5577bfe6afdc859b7dcaddb49,bc9dd2f34387090f83611022ed1b92c2e8cc6181b37baadbb75314f73aa6341c,/home/homulily/code/bcp-cpp/bcp /home/homulily/code/bcp-cpp/dataset/GEOM110.col 'Xa(cache)' -t 3600 -i -v x --use-symmetry-breaking --width vary,DESKTOP-RJQ30EQ,Linux-6.8.0-51-generic-x86_64-with-glibc2.39,c++ (Ubuntu 15.2.0-16ubuntu1) 15.2.0,Python 3.14.4; pandas 2.3.3; psutil 7.2.2,1,2026-08-20T09:19:12.265150+07:00,CaDiCaL,0,Xa(cache),3600,True,x,True,False,vary
GEOM110a.col,110,1207,110,64701,525418,OPTIMAL,69,0.161046,164.034,164.195,183.46094,0,1,2,509f41020245d12b4e03b0c6681826c72245d1f3,False,9c37e408d641c20a1fc834cdfa27c50a49e532300506da93442ee8f07c8f7d3c,bc9dd2f34387090f83611022ed1b92c2e8cc6181b37baadbb75314f73aa6341c,/home/homulily/code/bcp-cpp/bcp /home/homulily/code/bcp-cpp/dataset/GEOM110a.col 'Xa(cache)' -t 3600 -i -v x --use-symmetry-breaking --width vary,DESKTOP-RJQ30EQ,Linux-6.8.0-51-generic-x86_64-with-glibc2.39,c++ (Ubuntu 15.2.0-16ubuntu1) 15.2.0,Python 3.14.4; pandas 2.3.3; psutil 7.2.2,1,2026-08-20T09:21:56.593017+07:00,CaDiCaL,0,Xa(cache),3600,True,x,True,False,vary
GEOM110b.col,110,1256,122,72270,594803,OPTIMAL,77,0.186623,1038.41,1038.59,227.59375,0,1,2,509f41020245d12b4e03b0c6681826c72245d1f3,False,aea172a16bc42de0504b35909d35fce000ded1613c496d28ea719a2d44ba7c51,bc9dd2f34387090f83611022ed1b92c2e8cc6181b37baadbb75314f73aa6341c,/home/homulily/code/bcp-cpp/bcp /home/homulily/code/bcp-cpp/dataset/GEOM110b.col 'Xa(cache)' -t 3600 -i -v x --use-symmetry-breaking --width vary,DESKTOP-RJQ30EQ,Linux-6.8.0-51-generic-x86_64-with-glibc2.39,c++ (Ubuntu 15.2.0-16ubuntu1) 15.2.0,Python 3.14.4; pandas 2.3.3; psutil 7.2.2,1,2026-08-20T09:39:15.298258+07:00,CaDiCaL,0,Xa(cache),3600,True,x,True,False,vary
GEOM120.col,120,773,74,43536,269812,OPTIMAL,59,0.0832474,3.50106,3.58431,119.63672,0,1,2,509f41020245d12b4e03b0c6681826c72245d1f3,False,26357a9d4e2d8b08cdf055e2a882589f86c22c313fd9674a7f44b405c2aade4a,bc9dd2f34387090f83611022ed1b92c2e8cc6181b37baadbb75314f73aa6341c,/home/homulily/code/bcp-cpp/bcp /home/homulily/code/bcp-cpp/dataset/GEOM120.col 'Xa(cache)' -t 3600 -i -v x --use-symmetry-breaking --width vary,DESKTOP-RJQ30EQ,Linux-6.8.0-51-generic-x86_64-with-glibc2.39,c++ (Ubuntu 15.2.0-16ubuntu1) 15.2.0,Python 3.14.4; pandas 2.3.3; psutil 7.2.2,1,2026-08-20T09:39:18.992398+07:00,CaDiCaL,0,Xa(cache),3600,True,x,True,False,vary
GEOM120a.col,120,1434,110,71481,606596,OPTIMAL,82,0.196099,181.272,181.468,204.85938,0,1,2,509f41020245d12b4e03b0c6681826c72245d1f3,False,a920a2c75d8d4fde3a531cb30857d83f245364a0b88d5a18f86336b96bf07ab6,bc9dd2f34387090f83611022ed1b92c2e8cc6181b37baadbb75314f73aa6341c,/home/homulily/code/bcp-cpp/bcp /home/homulily/code/bcp-cpp/dataset/GEOM120a.col 'Xa(cache)' -t 3600 -i -v x --use-symmetry-breaking --width vary,DESKTOP-RJQ30EQ,Linux-6.8.0-51-generic-x86_64-with-glibc2.39,c++ (Ubuntu 15.2.0-16ubuntu1) 15.2.0,Python 3.14.4; pandas 2.3.3; psutil 7.2.2,1,2026-08-20T09:42:20.519821+07:00,CaDiCaL,0,Xa(cache),3600,True,x,True,False,vary
GEOM120b.col,120,1491,124,80818,698120,SATISFIABLE,83,0.218428,3599.78,3600.0,276.52734,1,0,2,509f41020245d12b4e03b0c6681826c72245d1f3,False,745355ab3817a87504580de4d77629dce60b8f48ea8fb2c5da33224e8ef92e29,bc9dd2f34387090f83611022ed1b92c2e8cc6181b37baadbb75314f73aa6341c,/home/homulily/code/bcp-cpp/bcp /home/homulily/code/bcp-cpp/dataset/GEOM120b.col 'Xa(cache)' -t 3600 -i -v x --use-symmetry-breaking --width vary,DESKTOP-RJQ30EQ,Linux-6.8.0-51-generic-x86_64-with-glibc2.39,c++ (Ubuntu 15.2.0-16ubuntu1) 15.2.0,Python 3.14.4; pandas 2.3.3; psutil 7.2.2,1,2026-08-20T10:42:20.677917+07:00,CaDiCaL,0,Xa(cache),3600,True,x,True,False,vary
GEOM20.col,20,20,25,1289,4492,OPTIMAL,21,0.00120271,0.00179206,0.00299477,50.8125,0,1,2,509f41020245d12b4e03b0c6681826c72245d1f3,False,08ed5ea76ef3bcb2228f4669162b3aa8c234de6a4dd75c3155a603919bc0167a,bc9dd2f34387090f83611022ed1b92c2e8cc6181b37baadbb75314f73aa6341c,/home/homulily/code/bcp-cpp/bcp /home/homulily/code/bcp-cpp/dataset/GEOM20.col 'Xa(cache)' -t 3600 -i -v x --use-symmetry-breaking --width vary,DESKTOP-RJQ30EQ,Linux-6.8.0-51-generic-x86_64-with-glibc2.39,c++ (Ubuntu 15.2.0-16ubuntu1) 15.2.0,Python 3.14.4; pandas 2.3.3; psutil 7.2.2,1,2026-08-20T10:42:20.761567+07:00,CaDiCaL,0,Xa(cache),3600,True,x,True,False,vary
GEOM20a.col,20,37,25,1556,6336,OPTIMAL,20,0.00156634,0.00226501,0.00383135,50.625,0,1,2,509f41020245d12b4e03b0c6681826c72245d1f3,False,5fe086947cbc99c9630087a727d0c9fe00065a9c4f6d6ebea7115ab4a8c161fb,bc9dd2f34387090f83611022ed1b92c2e8cc6181b37baadbb75314f73aa6341c,/home/homulily/code/bcp-cpp/bcp /home/homulily/code/bcp-cpp/dataset/GEOM20a.col 'Xa(cache)' -t 3600 -i -v x --use-symmetry-breaking --width vary,DESKTOP-RJQ30EQ,Linux-6.8.0-51-generic-x86_64-with-glibc2.39,c++ (Ubuntu 15.2.0-16ubuntu1) 15.2.0,Python 3.14.4; pandas 2.3.3; psutil 7.2.2,1,2026-08-20T10:42:20.868485+07:00,CaDiCaL,0,Xa(cache),3600,True,x,True,False,vary
GEOM20b.col,20,32,17,968,3632,OPTIMAL,13,0.000981019,0.00134356,0.00232458,51.0625,0,1,2,509f41020245d12b4e03b0c6681826c72245d1f3,False,6be144806384554ada26f70be526ed0d42afb61a447cd96f826be5dbcf60288a,bc9dd2f34387090f83611022ed1b92c2e8cc6181b37baadbb75314f73aa6341c,/home/homulily/code/bcp-cpp/bcp /home/homulily/code/bcp-cpp/dataset/GEOM20b.col 'Xa(cache)' -t 3600 -i -v x --use-symmetry-breaking --width vary,DESKTOP-RJQ30EQ,Linux-6.8.0-51-generic-x86_64-with-glibc2.39,c++ (Ubuntu 15.2.0-16ubuntu1) 15.2.0,Python 3.14.4; pandas 2.3.3; psutil 7.2.2,1,2026-08-20T10:42:20.973342+07:00,CaDiCaL,0,Xa(cache),3600,True,x,True,False,vary
GEOM30.col,30,50,34,3035,12497,OPTIMAL,28,0.00338948,0.00535847,0.00874796,50.6875,0,1,2,509f41020245d12b4e03b0c6681826c72245d1f3,False,489bd893683e4c3672aba625abb2643d68f9c2a6d3776c9b26400831c548bd51,bc9dd2f34387090f83611022ed1b92c2e8cc6181b37baadbb75314f73aa6341c,/home/homulily/code/bcp-cpp/bcp /home/homulily/code/bcp-cpp/dataset/GEOM30.col 'Xa(cache)' -t 3600 -i -v x --use-symmetry-breaking --width vary,DESKTOP-RJQ30EQ,Linux-6.8.0-51-generic-x86_64-with-glibc2.39,c++ (Ubuntu 15.2.0-16ubuntu1) 15.2.0,Python 3.14.4; pandas 2.3.3; psutil 7.2.2,1,2026-08-20T10:42:21.087849+07:00,CaDiCaL,0,Xa(cache),3600,True,x,True,False,vary
GEOM30a.col,30,81,33,3580,16347,OPTIMAL,27,0.00417876,0.00569691,0.00987567,50.375,0,1,2,509f41020245d12b4e03b0c6681826c72245d1f3,False,10bfa32a02f1c8633027611fc7eb773d3d5088d3bc49d1419471fc4ca266eca9,bc9dd2f34387090f83611022ed1b92c2e8cc6181b37baadbb75314f73aa6341c,/home/homulily/code/bcp-cpp/bcp /home/homulily/code/bcp-cpp/dataset/GEOM30a.col 'Xa(cache)' -t 3600 -i -v x --use-symmetry-breaking --width vary,DESKTOP-RJQ30EQ,Linux-6.8.0-51-generic-x86_64-with-glibc2.39,c++ (Ubuntu 15.2.0-16ubuntu1) 15.2.0,Python 3.14.4; pandas 2.3.3; psutil 7.2.2,1,2026-08-20T10:42:21.195864+07:00,CaDiCaL,0,Xa(cache),3600,True,x,True,False,vary
GEOM30b.col,30,81,28,3140,13664,OPTIMAL,26,0.00367474,0.00210713,0.00578188,50.875,0,1,2,509f41020245d12b4e03b0c6681826c72245d1f3,False,41e7babfc1e85334f1653ee7e88e11a11b0065ce2d50a72a801b4b00cfe2330a,bc9dd2f34387090f83611022ed1b92c2e8cc6181b37baadbb75314f73aa6341c,/home/homulily/code/bcp-cpp/bcp /home/homulily/code/bcp-cpp/dataset/GEOM30b.col 'Xa(cache)' -t 3600 -i -v x --use-symmetry-breaking --width vary,DESKTOP-RJQ30EQ,Linux-6.8.0-51-generic-x86_64-with-glibc2.39,c++ (Ubuntu 15.2.0-16ubuntu1) 15.2.0,Python 3.14.4; pandas 2.3.3; psutil 7.2.2,1,2026-08-20T10:42:21.299663+07:00,CaDiCaL,0,Xa(cache),3600,True,x,True,False,vary
GEOM40.col,40,78,34,4346,18392,OPTIMAL,28,0.00494985,0.00635622,0.0113061,50.9375,0,1,2,509f41020245d12b4e03b0c6681826c72245d1f3,False,4968db2efd363df2b56fdfbab3c914f8100884884a68f0b07cbbc4e20aa1f192,bc9dd2f34387090f83611022ed1b92c2e8cc6181b37baadbb75314f73aa6341c,/home/homulily/code/bcp-cpp/bcp /home/homulily/code/bcp-cpp/dataset/GEOM40.col 'Xa(cache)' -t 3600 -i -v x --use-symmetry-breaking --width vary,DESKTOP-RJQ30EQ,Linux-6.8.0-51-generic-x86_64-with-glibc2.39,c++ (Ubuntu 15.2.0-16ubuntu1) 15.2.0,Python 3.14.4; pandas 2.3.3; psutil 7.2.2,1,2026-08-20T10:42:21.414458+07:00,CaDiCaL,0,Xa(cache),3600,True,x,True,False,vary
GEOM40a.col,40,146,51,8277,42535,OPTIMAL,37,0.0118962,0.035858,0.0477542,50.5625,0,1,2,509f41020245d12b4e03b0c6681826c72245d1f3,False,0bd50dc07b7e234154a3f92e5d2cf1ac6ad83c47badf984a837587fe7c35ca6b,bc9dd2f34387090f83611022ed1b92c2e8cc6181b37baadbb75314f73aa6341c,/home/homulily/code/bcp-cpp/bcp /home/homulily/code/bcp-cpp/dataset/GEOM40a.col 'Xa(cache)' -t 3600 -i -v x --use-symmetry-breaking --width vary,DESKTOP-RJQ30EQ,Linux-6.8.0-51-generic-x86_64-with-glibc2.39,c++ (Ubuntu 15.2.0-16ubuntu1) 15.2.0,Python 3.14.4; pandas 2.3.3; psutil 7.2.2,1,2026-08-20T10:42:21.554929+07:00,CaDiCaL,0,Xa(cache),3600,True,x,True,False,vary
GEOM40b.col,40,157,41,6699,34166,OPTIMAL,33,0.00995144,0.021037,0.0309884,50.625,0,1,2,509f41020245d12b4e03b0c6681826c72245d1f3,False,1ccb98f8f5e910eb9d4064ba5b23dff42c9067ecd2d40d0879250dbd16181ddf,bc9dd2f34387090f83611022ed1b92c2e8cc6181b37baadbb75314f73aa6341c,/home/homulily/code/bcp-cpp/bcp /home/homulily/code/bcp-cpp/dataset/GEOM40b.col 'Xa(cache)' -t 3600 -i -v x --use-symmetry-breaking --width vary,DESKTOP-RJQ30EQ,Linux-6.8.0-51-generic-x86_64-with-glibc2.39,c++ (Ubuntu 15.2.0-16ubuntu1) 15.2.0,Python 3.14.4; pandas 2.3.3; psutil 7.2.2,1,2026-08-20T10:42:21.643791+07:00,CaDiCaL,0,Xa(cache),3600,True,x,True,False,vary
GEOM50.col,50,127,37,6588,29688,OPTIMAL,28,0.00807641,0.0100642,0.0181406,50.8125,0,1,2,509f41020245d12b4e03b0c6681826c72245d1f3,False,c584455fa3b51a54152148534733fdf90022ccefd515c1770417925f43ef5434,bc9dd2f34387090f83611022ed1b92c2e8cc6181b37baadbb75314f73aa6341c,/home/homulily/code/bcp-cpp/bcp /home/homulily/code/bcp-cpp/dataset/GEOM50.col 'Xa(cache)' -t 3600 -i -v x --use-symmetry-breaking --width vary,DESKTOP-RJQ30EQ,Linux-6.8.0-51-generic-x86_64-with-glibc2.39,c++ (Ubuntu 15.2.0-16ubuntu1) 15.2.0,Python 3.14.4; pandas 2.3.3; psutil 7.2.2,1,2026-08-20T10:42:21.737340+07:00,CaDiCaL,0,Xa(cache),3600,True,x,True,False,vary
GEOM50a.col,50,238,62,13670,76790,OPTIMAL,50,0.0215963,0.470712,0.492308,75.875,0,1,2,509f41020245d12b4e03b0c6681826c72245d1f3,False,09a35a2b65ed3e0dcd221ac73c5adb47901d19e134e9d9ce99d087c064f5b13b,bc9dd2f34387090f83611022ed1b92c2e8cc6181b37baadbb75314f73aa6341c,/home/homulily/code/bcp-cpp/bcp /home/homulily/code/bcp-cpp/dataset/GEOM50a.col 'Xa(cache)' -t 3600 -i -v x --use-symmetry-breaking --width vary,DESKTOP-RJQ30EQ,Linux-6.8.0-51-generic-x86_64-with-glibc2.39,c++ (Ubuntu 15.2.0-16ubuntu1) 15.2.0,Python 3.14.4; pandas 2.3.3; psutil 7.2.2,1,2026-08-20T10:42:22.319983+07:00,CaDiCaL,0,Xa(cache),3600,True,x,True,False,vary
GEOM50b.col,50,249,55,12395,68606,OPTIMAL,35,0.0197527,0.154249,0.174001,72.26562,0,1,2,509f41020245d12b4e03b0c6681826c72245d1f3,False,7b21131c086e1fd406658aed26e1d79b31aa8f81bf25493c8658813e81076dca,bc9dd2f34387090f83611022ed1b92c2e8cc6181b37baadbb75314f73aa6341c,/home/homulily/code/bcp-cpp/bcp /home/homulily/code/bcp-cpp/dataset/GEOM50b.col 'Xa(cache)' -t 3600 -i -v x --use-symmetry-breaking --width vary,DESKTOP-RJQ30EQ,Linux-6.8.0-51-generic-x86_64-with-glibc2.39,c++ (Ubuntu 15.2.0-16ubuntu1) 15.2.0,Python 3.14.4; pandas 2.3.3; psutil 7.2.2,1,2026-08-20T10:42:22.614218+07:00,CaDiCaL,0,Xa(cache),3600,True,x,True,False,vary
GEOM60.col,60,185,37,8679,40630,OPTIMAL,33,0.0119042,0.0116655,0.0235697,50.6875,0,1,2,509f41020245d12b4e03b0c6681826c72245d1f3,False,9575aa95916bb0ddb24ac95ceb686ad79834715a8c3c97743905c76227ffa048,bc9dd2f34387090f83611022ed1b92c2e8cc6181b37baadbb75314f73aa6341c,/home/homulily/code/bcp-cpp/bcp /home/homulily/code/bcp-cpp/dataset/GEOM60.col 'Xa(cache)' -t 3600 -i -v x --use-symmetry-breaking --width vary,DESKTOP-RJQ30EQ,Linux-6.8.0-51-generic-x86_64-with-glibc2.39,c++ (Ubuntu 15.2.0-16ubuntu1) 15.2.0,Python 3.14.4; pandas 2.3.3; psutil 7.2.2,1,2026-08-20T10:42:22.665528+07:00,CaDiCaL,0,Xa(cache),3600,True,x,True,False,vary
GEOM60a.col,60,339,62,16838,100767,OPTIMAL,50,0.0290614,0.699096,0.728158,82.32031,0,1,2,509f41020245d12b4e03b0c6681826c72245d1f3,False,c6266e394b59107ef80c14a3ed0d8dd4ae62c646238c8358f8080547a85fd68c,bc9dd2f34387090f83611022ed1b92c2e8cc6181b37baadbb75314f73aa6341c,/home/homulily/code/bcp-cpp/bcp /home/homulily/code/bcp-cpp/dataset/GEOM60a.col 'Xa(cache)' -t 3600 -i -v x --use-symmetry-breaking --width vary,DESKTOP-RJQ30EQ,Linux-6.8.0-51-generic-x86_64-with-glibc2.39,c++ (Ubuntu 15.2.0-16ubuntu1) 15.2.0,Python 3.14.4; pandas 2.3.3; psutil 7.2.2,1,2026-08-20T10:42:23.477872+07:00,CaDiCaL,0,Xa(cache),3600,True,x,True,False,vary
GEOM60b.col,60,366,64,18380,110273,OPTIMAL,41,0.030922,0.726559,0.757481,82.30469,0,1,2,509f41020245d12b4e03b0c6681826c72245d1f3,False,8305498f1acbb0e13fc3e5b6756eebb72600bd69b237f5d836248a8d8e040f76,bc9dd2f34387090f83611022ed1b92c2e8cc6181b37baadbb75314f73aa6341c,/home/homulily/code/bcp-cpp/bcp /home/homulily/code/bcp-cpp/dataset/GEOM60b.col 'Xa(cache)' -t 3600 -i -v x --use-symmetry-breaking --width vary,DESKTOP-RJQ30EQ,Linux-6.8.0-51-generic-x86_64-with-glibc2.39,c++ (Ubuntu 15.2.0-16ubuntu1) 15.2.0,Python 3.14.4; pandas 2.3.3; psutil 7.2.2,1,2026-08-20T10:42:24.321630+07:00,CaDiCaL,0,Xa(cache),3600,True,x,True,False,vary
GEOM70.col,70,267,45,13324,67312,OPTIMAL,38,0.0207884,0.0530649,0.0738534,50.9375,0,1,2,509f41020245d12b4e03b0c6681826c72245d1f3,False,6709158dd6a0c24605665511d543798f2cda198fb9b943c841d842af483b8b5f,bc9dd2f34387090f83611022ed1b92c2e8cc6181b37baadbb75314f73aa6341c,/home/homulily/code/bcp-cpp/bcp /home/homulily/code/bcp-cpp/dataset/GEOM70.col 'Xa(cache)' -t 3600 -i -v x --use-symmetry-breaking --width vary,DESKTOP-RJQ30EQ,Linux-6.8.0-51-generic-x86_64-with-glibc2.39,c++ (Ubuntu 15.2.0-16ubuntu1) 15.2.0,Python 3.14.4; pandas 2.3.3; psutil 7.2.2,1,2026-08-20T10:42:24.443886+07:00,CaDiCaL,0,Xa(cache),3600,True,x,True,False,vary
GEOM70a.col,70,459,73,24347,154462,OPTIMAL,61,0.0451953,2.99938,3.04457,95.53516,0,1,2,509f41020245d12b4e03b0c6681826c72245d1f3,False,e256a1a0b8f2637a931d35ffacdb28b715bcafa769a4bbedc21eb991683d0a40,bc9dd2f34387090f83611022ed1b92c2e8cc6181b37baadbb75314f73aa6341c,/home/homulily/code/bcp-cpp/bcp /home/homulily/code/bcp-cpp/dataset/GEOM70a.col 'Xa(cache)' -t 3600 -i -v x --use-symmetry-breaking --width vary,DESKTOP-RJQ30EQ,Linux-6.8.0-51-generic-x86_64-with-glibc2.39,c++ (Ubuntu 15.2.0-16ubuntu1) 15.2.0,Python 3.14.4; pandas 2.3.3; psutil 7.2.2,1,2026-08-20T10:42:27.520403+07:00,CaDiCaL,0,Xa(cache),3600,True,x,True,False,vary
GEOM70b.col,70,488,77,26085,169242,OPTIMAL,47,0.0486135,3.07056,3.11918,93.98438,0,1,2,509f41020245d12b4e03b0c6681826c72245d1f3,False,50b43cacfa298b2c9f4c05ca437a5559b357c8348aa59226bf3c2fd9b98b03b8,bc9dd2f34387090f83611022ed1b92c2e8cc6181b37baadbb75314f73aa6341c,/home/homulily/code/bcp-cpp/bcp /home/homulily/code/bcp-cpp/dataset/GEOM70b.col 'Xa(cache)' -t 3600 -i -v x --use-symmetry-breaking --width vary,DESKTOP-RJQ30EQ,Linux-6.8.0-51-generic-x86_64-with-glibc2.39,c++ (Ubuntu 15.2.0-16ubuntu1) 15.2.0,Python 3.14.4; pandas 2.3.3; psutil 7.2.2,1,2026-08-20T10:42:30.732466+07:00,CaDiCaL,0,Xa(cache),3600,True,x,True,False,vary
GEOM80.col,80,349,55,19234,102953,OPTIMAL,41,0.0302328,0.084458,0.114691,77.37891,0,1,2,509f41020245d12b4e03b0c6681826c72245d1f3,False,46454b38ff8d83fe0020c6f3e5408c0ca37e868bc79f74749c4a8e555730df9c,bc9dd2f34387090f83611022ed1b92c2e8cc6181b37baadbb75314f73aa6341c,/home/homulily/code/bcp-cpp/bcp /home/homulily/code/bcp-cpp/dataset/GEOM80.col 'Xa(cache)' -t 3600 -i -v x --use-symmetry-breaking --width vary,DESKTOP-RJQ30EQ,Linux-6.8.0-51-generic-x86_64-with-glibc2.39,c++ (Ubuntu 15.2.0-16ubuntu1) 15.2.0,Python 3.14.4; pandas 2.3.3; psutil 7.2.2,1,2026-08-20T10:42:30.955686+07:00,CaDiCaL,0,Xa(cache),3600,True,x,True,False,vary
GEOM80a.col,80,612,80,31654,215351,OPTIMAL,63,0.0622785,6.78243,6.84471,107.65625,0,1,2,509f41020245d12b4e03b0c6681826c72245d1f3,False,f8cd1c510008df8e302411facc59a809be027620b27f632f811c1c94c76d78c9,bc9dd2f34387090f83611022ed1b92c2e8cc6181b37baadbb75314f73aa6341c,/home/homulily/code/bcp-cpp/bcp /home/homulily/code/bcp-cpp/dataset/GEOM80a.col 'Xa(cache)' -t 3600 -i -v x --use-symmetry-breaking --width vary,DESKTOP-RJQ30EQ,Linux-6.8.0-51-generic-x86_64-with-glibc2.39,c++ (Ubuntu 15.2.0-16ubuntu1) 15.2.0,Python 3.14.4; pandas 2.3.3; psutil 7.2.2,1,2026-08-20T10:42:37.895407+07:00,CaDiCaL,0,Xa(cache),3600,True,x,True,False,vary
GEOM80b.col,80,663,99,40776,282251,OPTIMAL,60,0.0872278,5.29354,5.38077,111.89844,0,1,2,509f41020245d12b4e03b0c6681826c72245d1f3,False,a8dcc40cfc8d87903196406f815c4d512a7c68e3e966538768a0601bfac7d301,bc9dd2f34387090f83611022ed1b92c2e8cc6181b37baadbb75314f73aa6341c,/home/homulily/code/bcp-cpp/bcp /home/homulily/code/bcp-cpp/dataset/GEOM80b.col 'Xa(cache)' -t 3600 -i -v x --use-symmetry-breaking --width vary,DESKTOP-RJQ30EQ,Linux-6.8.0-51-generic-x86_64-with-glibc2.39,c++ (Ubuntu 15.2.0-16ubuntu1) 15.2.0,Python 3.14.4; pandas 2.3.3; psutil 7.2.2,1,2026-08-20T10:42:43.405193+07:00,CaDiCaL,0,Xa(cache),3600,True,x,True,False,vary
GEOM90.col,90,441,55,22378,123189,OPTIMAL,46,0.0357739,0.15419,0.189964,79.9375,0,1,2,509f41020245d12b4e03b0c6681826c72245d1f3,False,8b99774b70737296ed7b4c8a3ad9ec1827182467166c5e7c93a1c2117473f7cf,bc9dd2f34387090f83611022ed1b92c2e8cc6181b37baadbb75314f73aa6341c,/home/homulily/code/bcp-cpp/bcp /home/homulily/code/bcp-cpp/dataset/GEOM90.col 'Xa(cache)' -t 3600 -i -v x --use-symmetry-breaking --width vary,DESKTOP-RJQ30EQ,Linux-6.8.0-51-generic-x86_64-with-glibc2.39,c++ (Ubuntu 15.2.0-16ubuntu1) 15.2.0,Python 3.14.4; pandas 2.3.3; psutil 7.2.2,1,2026-08-20T10:42:43.652631+07:00,CaDiCaL,0,Xa(cache),3600,True,x,True,False,vary
GEOM90a.col,90,789,81,37528,267207,OPTIMAL,63,0.0800753,9.27041,9.35048,116.30469,0,1,2,509f41020245d12b4e03b0c6681826c72245d1f3,False,254a4ba130fad8005c03d2288438d16ff5c3768cb05ebe3b37929f9f3247a1df,bc9dd2f34387090f83611022ed1b92c2e8cc6181b37baadbb75314f73aa6341c,/home/homulily/code/bcp-cpp/bcp /home/homulily/code/bcp-cpp/dataset/GEOM90a.col 'Xa(cache)' -t 3600 -i -v x --use-symmetry-breaking --width vary,DESKTOP-RJQ30EQ,Linux-6.8.0-51-generic-x86_64-with-glibc2.39,c++ (Ubuntu 15.2.0-16ubuntu1) 15.2.0,Python 3.14.4; pandas 2.3.3; psutil 7.2.2,1,2026-08-20T10:42:53.128259+07:00,CaDiCaL,0,Xa(cache),3600,True,x,True,False,vary
GEOM90b.col,90,860,110,51861,388724,OPTIMAL,69,0.120751,60.7932,60.9139,141.60547,0,1,2,509f41020245d12b4e03b0c6681826c72245d1f3,False,e293687b9c36702121066f37ac02cf4e8901dbaa3fd5ba7e864b0e00ba74fac3,bc9dd2f34387090f83611022ed1b92c2e8cc6181b37baadbb75314f73aa6341c,/home/homulily/code/bcp-cpp/bcp /home/homulily/code/bcp-cpp/dataset/GEOM90b.col 'Xa(cache)' -t 3600 -i -v x --use-symmetry-breaking --width vary,DESKTOP-RJQ30EQ,Linux-6.8.0-51-generic-x86_64-with-glibc2.39,c++ (Ubuntu 15.2.0-16ubuntu1) 15.2.0,Python 3.14.4; pandas 2.3.3; psutil 7.2.2,1,2026-08-20T10:43:54.081917+07:00,CaDiCaL,0,Xa(cache),3600,True,x,True,False,vary
c21_1_d1.col,21,102,8,315,1303,OPTIMAL,7,0.00037876,0.00257947,0.00295823,50.8125,0,1,2,509f41020245d12b4e03b0c6681826c72245d1f3,False,f838258c4c693e09ad2cc97943c674fc5b2ee14e0f97961fdfdeb239b8436773,bc9dd2f34387090f83611022ed1b92c2e8cc6181b37baadbb75314f73aa6341c,/home/homulily/code/bcp-cpp/bcp /home/homulily/code/bcp-cpp/dataset/c21_1_d1.col 'Xa(cache)' -t 3600 -i -v x --use-symmetry-breaking --width vary,DESKTOP-RJQ30EQ,Linux-6.8.0-51-generic-x86_64-with-glibc2.39,c++ (Ubuntu 15.2.0-16ubuntu1) 15.2.0,Python 3.14.4; pandas 2.3.3; psutil 7.2.2,1,2026-08-20T10:43:54.155090+07:00,CaDiCaL,0,Xa(cache),3600,True,x,True,False,vary
c21_1_d2.col,21,102,8,315,1303,OPTIMAL,7,0.00042507,0.00262954,0.00305461,50.625,0,1,2,509f41020245d12b4e03b0c6681826c72245d1f3,False,17ff4bba73f02ee89dd3d91ccbca1a01ac0062c8872237c8916bc44590d256d5,bc9dd2f34387090f83611022ed1b92c2e8cc6181b37baadbb75314f73aa6341c,/home/homulily/code/bcp-cpp/bcp /home/homulily/code/bcp-cpp/dataset/c21_1_d2.col 'Xa(cache)' -t 3600 -i -v x --use-symmetry-breaking --width vary,DESKTOP-RJQ30EQ,Linux-6.8.0-51-generic-x86_64-with-glibc2.39,c++ (Ubuntu 15.2.0-16ubuntu1) 15.2.0,Python 3.14.4; pandas 2.3.3; psutil 7.2.2,1,2026-08-20T10:43:54.261524+07:00,CaDiCaL,0,Xa(cache),3600,True,x,True,False,vary
c21_2_d1.col,21,102,12,525,3274,OPTIMAL,9,0.000801921,0.00209944,0.00290136,51.0625,0,1,2,509f41020245d12b4e03b0c6681826c72245d1f3,False,bc5ff196032b38d098ccbb833a33557f397c0d16b5f8a281ddda8141f182fab6,bc9dd2f34387090f83611022ed1b92c2e8cc6181b37baadbb75314f73aa6341c,/home/homulily/code/bcp-cpp/bcp /home/homulily/code/bcp-cpp/dataset/c21_2_d1.col 'Xa(cache)' -t 3600 -i -v x --use-symmetry-breaking --width vary,DESKTOP-RJQ30EQ,Linux-6.8.0-51-generic-x86_64-with-glibc2.39,c++ (Ubuntu 15.2.0-16ubuntu1) 15.2.0,Python 3.14.4; pandas 2.3.3; psutil 7.2.2,1,2026-08-20T10:43:54.367821+07:00,CaDiCaL,0,Xa(cache),3600,True,x,True,False,vary
c21_2_d2.col,21,102,12,525,3274,OPTIMAL,9,0.000807436,0.00220847,0.00301591,51.0625,0,1,2,509f41020245d12b4e03b0c6681826c72245d1f3,False,357f7cf6535a13a2109dbf9d363efff9cc6e0038fccf653c1dafc7e92e00fe01,bc9dd2f34387090f83611022ed1b92c2e8cc6181b37baadbb75314f73aa6341c,/home/homulily/code/bcp-cpp/bcp /home/homulily/code/bcp-cpp/dataset/c21_2_d2.col 'Xa(cache)' -t 3600 -i -v x --use-symmetry-breaking --width vary,DESKTOP-RJQ30EQ,Linux-6.8.0-51-generic-x86_64-with-glibc2.39,c++ (Ubuntu 15.2.0-16ubuntu1) 15.2.0,Python 3.14.4; pandas 2.3.3; psutil 7.2.2,1,2026-08-20T10:43:54.475251+07:00,CaDiCaL,0,Xa(cache),3600,True,x,True,False,vary
c21_3_d1.col,21,102,8,315,1303,OPTIMAL,7,0.000417544,0.00257494,0.00299248,51.0625,0,1,2,509f41020245d12b4e03b0c6681826c72245d1f3,False,2765b742e9eb99580ca620c1af200f5de170405ca0f8ef34101dec9696c2f9ee,bc9dd2f34387090f83611022ed1b92c2e8cc6181b37baadbb75314f73aa6341c,/home/homulily/code/bcp-cpp/bcp /home/homulily/code/bcp-cpp/dataset/c21_3_d1.col 'Xa(cache)' -t 3600 -i -v x --use-symmetry-breaking --width vary,DESKTOP-RJQ30EQ,Linux-6.8.0-51-generic-x86_64-with-glibc2.39,c++ (Ubuntu 15.2.0-16ubuntu1) 15.2.0,Python 3.14.4; pandas 2.3.3; psutil 7.2.2,1,2026-08-20T10:43:54.581603+07:00,CaDiCaL,0,Xa(cache),3600,True,x,True,False,vary
c21_3_d2.col,21,102,8,315,1303,OPTIMAL,7,0.000394528,0.00254949,0.00294402,51.0625,0,1,2,509f41020245d12b4e03b0c6681826c72245d1f3,False,5274c4b0e9751b679b2b38ab34627c4d1eca543d53c9c4086f61ec64f8ee1c6f,bc9dd2f34387090f83611022ed1b92c2e8cc6181b37baadbb75314f73aa6341c,/home/homulily/code/bcp-cpp/bcp /home/homulily/code/bcp-cpp/dataset/c21_3_d2.col 'Xa(cache)' -t 3600 -i -v x --use-symmetry-breaking --width vary,DESKTOP-RJQ30EQ,Linux-6.8.0-51-generic-x86_64-with-glibc2.39,c++ (Ubuntu 15.2.0-16ubuntu1) 15.2.0,Python 3.14.4; pandas 2.3.3; psutil 7.2.2,1,2026-08-20T10:43:54.687951+07:00,CaDiCaL,0,Xa(cache),3600,True,x,True,False,vary
c21_4_d1.col,21,102,12,525,3274,OPTIMAL,9,0.000904088,0.00231901,0.00322309,51.0625,0,1,2,509f41020245d12b4e03b0c6681826c72245d1f3,False,19dd5b83496200f38741c1f02f9fc646d0eae6d2a435789be0650d1e3455d42b,bc9dd2f34387090f83611022ed1b92c2e8cc6181b37baadbb75314f73aa6341c,/home/homulily/code/bcp-cpp/bcp /home/homulily/code/bcp-cpp/dataset/c21_4_d1.col 'Xa(cache)' -t 3600 -i -v x --use-symmetry-breaking --width vary,DESKTOP-RJQ30EQ,Linux-6.8.0-51-generic-x86_64-with-glibc2.39,c++ (Ubuntu 15.2.0-16ubuntu1) 15.2.0,Python 3.14.4; pandas 2.3.3; psutil 7.2.2,1,2026-08-20T10:43:54.795149+07:00,CaDiCaL,0,Xa(cache),3600,True,x,True,False,vary
c21_4_d2.col,21,102,12,525,3274,OPTIMAL,9,0.00084011,0.00214641,0.00298652,50.875,0,1,2,509f41020245d12b4e03b0c6681826c72245d1f3,False,dcae409f3fa775f5d64e2a1c13109513f71b4261ac6646fa06061715bb34c40c,bc9dd2f34387090f83611022ed1b92c2e8cc6181b37baadbb75314f73aa6341c,/home/homulily/code/bcp-cpp/bcp /home/homulily/code/bcp-cpp/dataset/c21_4_d2.col 'Xa(cache)' -t 3600 -i -v x --use-symmetry-breaking --width vary,DESKTOP-RJQ30EQ,Linux-6.8.0-51-generic-x86_64-with-glibc2.39,c++ (Ubuntu 15.2.0-16ubuntu1) 15.2.0,Python 3.14.4; pandas 2.3.3; psutil 7.2.2,1,2026-08-20T10:43:54.903283+07:00,CaDiCaL,0,Xa(cache),3600,True,x,True,False,vary
c21_5_d1.col,21,102,8,315,1303,OPTIMAL,7,0.000385112,0.00261694,0.00300205,50.8125,0,1,2,509f41020245d12b4e03b0c6681826c72245d1f3,False,9b48d14af7b6c13caa07b34bb084a2f18f2bbe1f27e4357c5d1d30b214e43ba0,bc9dd2f34387090f83611022ed1b92c2e8cc6181b37baadbb75314f73aa6341c,/home/homulily/code/bcp-cpp/bcp /home/homulily/code/bcp-cpp/dataset/c21_5_d1.col 'Xa(cache)' -t 3600 -i -v x --use-symmetry-breaking --width vary,DESKTOP-RJQ30EQ,Linux-6.8.0-51-generic-x86_64-with-glibc2.39,c++ (Ubuntu 15.2.0-16ubuntu1) 15.2.0,Python 3.14.4; pandas 2.3.3; psutil 7.2.2,1,2026-08-20T10:43:55.008538+07:00,CaDiCaL,0,Xa(cache),3600,True,x,True,False,vary
c21_5_d2.col,21,102,8,315,1303,OPTIMAL,7,0.000384515,0.00264743,0.00303195,50.8125,0,1,2,509f41020245d12b4e03b0c6681826c72245d1f3,False,bfa272eb474be3d829f6ae72dc0b350e3cc16cae91bd5b0268f9d7d42e029bdf,bc9dd2f34387090f83611022ed1b92c2e8cc6181b37baadbb75314f73aa6341c,/home/homulily/code/bcp-cpp/bcp /home/homulily/code/bcp-cpp/dataset/c21_5_d2.col 'Xa(cache)' -t 3600 -i -v x --use-symmetry-breaking --width vary,DESKTOP-RJQ30EQ,Linux-6.8.0-51-generic-x86_64-with-glibc2.39,c++ (Ubuntu 15.2.0-16ubuntu1) 15.2.0,Python 3.14.4; pandas 2.3.3; psutil 7.2.2,1,2026-08-20T10:43:55.112057+07:00,CaDiCaL,0,Xa(cache),3600,True,x,True,False,vary
c21_6_d1.col,21,102,12,525,3274,OPTIMAL,9,0.000842213,0.00230671,0.00314892,51.0625,0,1,2,509f41020245d12b4e03b0c6681826c72245d1f3,False,67f709a59420aa411b280438ae2a69559cb89dbc2a475e7237b5ff6beb322fc2,bc9dd2f34387090f83611022ed1b92c2e8cc6181b37baadbb75314f73aa6341c,/home/homulily/code/bcp-cpp/bcp /home/homulily/code/bcp-cpp/dataset/c21_6_d1.col 'Xa(cache)' -t 3600 -i -v x --use-symmetry-breaking --width vary,DESKTOP-RJQ30EQ,Linux-6.8.0-51-generic-x86_64-with-glibc2.39,c++ (Ubuntu 15.2.0-16ubuntu1) 15.2.0,Python 3.14.4; pandas 2.3.3; psutil 7.2.2,1,2026-08-20T10:43:55.221355+07:00,CaDiCaL,0,Xa(cache),3600,True,x,True,False,vary
c21_6_d2.col,21,102,12,525,3274,OPTIMAL,9,0.000829416,0.00224027,0.00306969,51.125,0,1,2,509f41020245d12b4e03b0c6681826c72245d1f3,False,75ba8238057f4be94630617bff4cf631976862699cffdb81bcbe628b6f5af066,bc9dd2f34387090f83611022ed1b92c2e8cc6181b37baadbb75314f73aa6341c,/home/homulily/code/bcp-cpp/bcp /home/homulily/code/bcp-cpp/dataset/c21_6_d2.col 'Xa(cache)' -t 3600 -i -v x --use-symmetry-breaking --width vary,DESKTOP-RJQ30EQ,Linux-6.8.0-51-generic-x86_64-with-glibc2.39,c++ (Ubuntu 15.2.0-16ubuntu1) 15.2.0,Python 3.14.4; pandas 2.3.3; psutil 7.2.2,1,2026-08-20T10:43:55.327285+07:00,CaDiCaL,0,Xa(cache),3600,True,x,True,False,vary
c21_7_d1.col,21,102,8,315,1303,OPTIMAL,7,0.000407851,0.00250673,0.00291458,49.75,0,1,2,509f41020245d12b4e03b0c6681826c72245d1f3,False,a5740086f18083fcf131d5f89bf75b7673b05dfb0366edb4c45fca95b2789986,bc9dd2f34387090f83611022ed1b92c2e8cc6181b37baadbb75314f73aa6341c,/home/homulily/code/bcp-cpp/bcp /home/homulily/code/bcp-cpp/dataset/c21_7_d1.col 'Xa(cache)' -t 3600 -i -v x --use-symmetry-breaking --width vary,DESKTOP-RJQ30EQ,Linux-6.8.0-51-generic-x86_64-with-glibc2.39,c++ (Ubuntu 15.2.0-16ubuntu1) 15.2.0,Python 3.14.4; pandas 2.3.3; psutil 7.2.2,1,2026-08-20T10:43:55.434033+07:00,CaDiCaL,0,Xa(cache),3600,True,x,True,False,vary
c21_7_d2.col,21,102,8,315,1303,OPTIMAL,7,0.000447821,0.00259522,0.00304304,51.0625,0,1,2,509f41020245d12b4e03b0c6681826c72245d1f3,False,ac84b1b113bb6b57a70caec3bc248b94cc90c0bb1186f65645d78821eb05adbd,bc9dd2f34387090f83611022ed1b92c2e8cc6181b37baadbb75314f73aa6341c,/home/homulily/code/bcp-cpp/bcp /home/homulily/code/bcp-cpp/dataset/c21_7_d2.col 'Xa(cache)' -t 3600 -i -v x --use-symmetry-breaking --width vary,DESKTOP-RJQ30EQ,Linux-6.8.0-51-generic-x86_64-with-glibc2.39,c++ (Ubuntu 15.2.0-16ubuntu1) 15.2.0,Python 3.14.4; pandas 2.3.3; psutil 7.2.2,1,2026-08-20T10:43:55.541058+07:00,CaDiCaL,0,Xa(cache),3600,True,x,True,False,vary
c21_8_d1.col,21,102,12,525,3274,OPTIMAL,9,0.000824959,0.00225141,0.00307637,50.6875,0,1,2,509f41020245d12b4e03b0c6681826c72245d1f3,False,bb8a14faad6327dbd85291090c1bdb4c5568aa8d9d5a7bd53c8654f3ab113224,bc9dd2f34387090f83611022ed1b92c2e8cc6181b37baadbb75314f73aa6341c,/home/homulily/code/bcp-cpp/bcp /home/homulily/code/bcp-cpp/dataset/c21_8_d1.col 'Xa(cache)' -t 3600 -i -v x --use-symmetry-breaking --width vary,DESKTOP-RJQ30EQ,Linux-6.8.0-51-generic-x86_64-with-glibc2.39,c++ (Ubuntu 15.2.0-16ubuntu1) 15.2.0,Python 3.14.4; pandas 2.3.3; psutil 7.2.2,1,2026-08-20T10:43:55.648426+07:00,CaDiCaL,0,Xa(cache),3600,True,x,True,False,vary
c21_8_d2.col,21,102,12,525,3274,OPTIMAL,9,0.00084365,0.00223364,0.00307729,51.0625,0,1,2,509f41020245d12b4e03b0c6681826c72245d1f3,False,f5ba7310979dcec808371e784a264f60b7a9480e3c89e6597cce412caf40d991,bc9dd2f34387090f83611022ed1b92c2e8cc6181b37baadbb75314f73aa6341c,/home/homulily/code/bcp-cpp/bcp /home/homulily/code/bcp-cpp/dataset/c21_8_d2.col 'Xa(cache)' -t 3600 -i -v x --use-symmetry-breaking --width vary,DESKTOP-RJQ30EQ,Linux-6.8.0-51-generic-x86_64-with-glibc2.39,c++ (Ubuntu 15.2.0-16ubuntu1) 15.2.0,Python 3.14.4; pandas 2.3.3; psutil 7.2.2,1,2026-08-20T10:43:55.755014+07:00,CaDiCaL,0,Xa(cache),3600,True,x,True,False,vary
c25_1_d3.col,25,134,8,375,1626,OPTIMAL,8,0.000528724,0.03238,0.0329087,51.0625,0,1,2,509f41020245d12b4e03b0c6681826c72245d1f3,False,1ea6804dc4a8d52338e7935ca90ec544a6f93a27cd092508d5f2a4a4309660a3,bc9dd2f34387090f83611022ed1b92c2e8cc6181b37baadbb75314f73aa6341c,/home/homulily/code/bcp-cpp/bcp /home/homulily/code/bcp-cpp/dataset/c25_1_d3.col 'Xa(cache)' -t 3600 -i -v x --use-symmetry-breaking --width vary,DESKTOP-RJQ30EQ,Linux-6.8.0-51-generic-x86_64-with-glibc2.39,c++ (Ubuntu 15.2.0-16ubuntu1) 15.2.0,Python 3.14.4; pandas 2.3.3; psutil 7.2.2,1,2026-08-20T10:43:55.890760+07:00,CaDiCaL,0,Xa(cache),3600,True,x,True,False,vary
c25_1_d4.col,25,134,8,375,1626,OPTIMAL,8,0.000470841,0.0316689,0.0321398,50.9375,0,1,2,509f41020245d12b4e03b0c6681826c72245d1f3,False,eff8f52de9e723400f83c97d0ec2abe45e41b6038672e20a4a4081e4715aca85,bc9dd2f34387090f83611022ed1b92c2e8cc6181b37baadbb75314f73aa6341c,/home/homulily/code/bcp-cpp/bcp /home/homulily/code/bcp-cpp/dataset/c25_1_d4.col 'Xa(cache)' -t 3600 -i -v x --use-symmetry-breaking --width vary,DESKTOP-RJQ30EQ,Linux-6.8.0-51-generic-x86_64-with-glibc2.39,c++ (Ubuntu 15.2.0-16ubuntu1) 15.2.0,Python 3.14.4; pandas 2.3.3; psutil 7.2.2,1,2026-08-20T10:43:55.997147+07:00,CaDiCaL,0,Xa(cache),3600,True,x,True,False,vary
c55_1_d1.col,55,362,9,935,4747,OPTIMAL,7,0.00134548,0.00418599,0.00553147,50.375,0,1,2,509f41020245d12b4e03b0c6681826c72245d1f3,False,483fac5e0df65a27f7312e2883f8f90c17f26d3a7bdd50c333212ca635e3f2e6,bc9dd2f34387090f83611022ed1b92c2e8cc6181b37baadbb75314f73aa6341c,/home/homulily/code/bcp-cpp/bcp /home/homulily/code/bcp-cpp/dataset/c55_1_d1.col 'Xa(cache)' -t 3600 -i -v x --use-symmetry-breaking --width vary,DESKTOP-RJQ30EQ,Linux-6.8.0-51-generic-x86_64-with-glibc2.39,c++ (Ubuntu 15.2.0-16ubuntu1) 15.2.0,Python 3.14.4; pandas 2.3.3; psutil 7.2.2,1,2026-08-20T10:43:56.076961+07:00,CaDiCaL,0,Xa(cache),3600,True,x,True,False,vary
c55_2_d2.col,55,362,9,935,4747,OPTIMAL,7,0.00136066,0.00438964,0.0057503,51.0625,0,1,2,509f41020245d12b4e03b0c6681826c72245d1f3,False,7b0078b893aeb838a0f5f0b3ece5f1505f2c0981a98c59561af4c69742a59ad6,bc9dd2f34387090f83611022ed1b92c2e8cc6181b37baadbb75314f73aa6341c,/home/homulily/code/bcp-cpp/bcp /home/homulily/code/bcp-cpp/dataset/c55_2_d2.col 'Xa(cache)' -t 3600 -i -v x --use-symmetry-breaking --width vary,DESKTOP-RJQ30EQ,Linux-6.8.0-51-generic-x86_64-with-glibc2.39,c++ (Ubuntu 15.2.0-16ubuntu1) 15.2.0,Python 3.14.4; pandas 2.3.3; psutil 7.2.2,1,2026-08-20T10:43:56.181745+07:00,CaDiCaL,0,Xa(cache),3600,True,x,True,False,vary
GEOM100.col,100,547,65,30365,176747,OPTIMAL,50,0.0510176,0.866266,0.917283,99.45312,0,1,3,509f41020245d12b4e03b0c6681826c72245d1f3,False,91be09009a797c20a68cfb43f78cb01019c2cfdb8915d86e640e95938c315b19,bc9dd2f34387090f83611022ed1b92c2e8cc6181b37baadbb75314f73aa6341c,/home/homulily/code/bcp-cpp/bcp /home/homulily/code/bcp-cpp/dataset/GEOM100.col 'Xa(cache)' -t 3600 -i -v x --use-symmetry-breaking --width vary,DESKTOP-RJQ30EQ,Linux-6.8.0-51-generic-x86_64-with-glibc2.39,c++ (Ubuntu 15.2.0-16ubuntu1) 15.2.0,Python 3.14.4; pandas 2.3.3; psutil 7.2.2,1,2026-08-20T10:43:57.209420+07:00,CaDiCaL,0,Xa(cache),3600,True,x,True,False,vary
GEOM100a.col,100,992,92,48351,370025,OPTIMAL,66,0.111193,168.239,168.35,145.54297,0,1,3,509f41020245d12b4e03b0c6681826c72245d1f3,False,630c8dde843161518427f8d7ef92d9d1373781a7e028e2918c0070a86261b0f7,bc9dd2f34387090f83611022ed1b92c2e8cc6181b37baadbb75314f73aa6341c,/home/homulily/code/bcp-cpp/bcp /home/homulily/code/bcp-cpp/dataset/GEOM100a.col 'Xa(cache)' -t 3600 -i -v x --use-symmetry-breaking --width vary,DESKTOP-RJQ30EQ,Linux-6.8.0-51-generic-x86_64-with-glibc2.39,c++ (Ubuntu 15.2.0-16ubuntu1) 15.2.0,Python 3.14.4; pandas 2.3.3; psutil 7.2.2,1,2026-08-20T10:46:45.668394+07:00,CaDiCaL,0,Xa(cache),3600,True,x,True,False,vary
GEOM100b.col,100,1050,122,64911,512933,OPTIMAL,71,0.157796,210.851,211.009,175.1875,0,1,3,509f41020245d12b4e03b0c6681826c72245d1f3,False,14092a37b220ef17894222b959c735f68203286fc653930904fe5f13c3741ce5,bc9dd2f34387090f83611022ed1b92c2e8cc6181b37baadbb75314f73aa6341c,/home/homulily/code/bcp-cpp/bcp /home/homulily/code/bcp-cpp/dataset/GEOM100b.col 'Xa(cache)' -t 3600 -i -v x --use-symmetry-breaking --width vary,DESKTOP-RJQ30EQ,Linux-6.8.0-51-generic-x86_64-with-glibc2.39,c++ (Ubuntu 15.2.0-16ubuntu1) 15.2.0,Python 3.14.4; pandas 2.3.3; psutil 7.2.2,1,2026-08-20T10:50:16.770400+07:00,CaDiCaL,0,Xa(cache),3600,True,x,True,False,vary
GEOM110.col,110,638,65,33952,201901,OPTIMAL,50,0.0592114,0.953281,1.01249,103.54297,0,1,3,509f41020245d12b4e03b0c6681826c72245d1f3,False,2c127a146238aee20765edfcc35a16dc2fd856e5577bfe6afdc859b7dcaddb49,bc9dd2f34387090f83611022ed1b92c2e8cc6181b37baadbb75314f73aa6341c,/home/homulily/code/bcp-cpp/bcp /home/homulily/code/bcp-cpp/dataset/GEOM110.col 'Xa(cache)' -t 3600 -i -v x --use-symmetry-breaking --width vary,DESKTOP-RJQ30EQ,Linux-6.8.0-51-generic-x86_64-with-glibc2.39,c++ (Ubuntu 15.2.0-16ubuntu1) 15.2.0,Python 3.14.4; pandas 2.3.3; psutil 7.2.2,1,2026-08-20T10:50:17.836622+07:00,CaDiCaL,0,Xa(cache),3600,True,x,True,False,vary
GEOM110a.col,110,1207,110,64701,525418,OPTIMAL,69,0.156757,166.26,166.417,183.52734,0,1,3,509f41020245d12b4e03b0c6681826c72245d1f3,False,9c37e408d641c20a1fc834cdfa27c50a49e532300506da93442ee8f07c8f7d3c,bc9dd2f34387090f83611022ed1b92c2e8cc6181b37baadbb75314f73aa6341c,/home/homulily/code/bcp-cpp/bcp /home/homulily/code/bcp-cpp/dataset/GEOM110a.col 'Xa(cache)' -t 3600 -i -v x --use-symmetry-breaking --width vary,DESKTOP-RJQ30EQ,Linux-6.8.0-51-generic-x86_64-with-glibc2.39,c++ (Ubuntu 15.2.0-16ubuntu1) 15.2.0,Python 3.14.4; pandas 2.3.3; psutil 7.2.2,1,2026-08-20T10:53:04.380075+07:00,CaDiCaL,0,Xa(cache),3600,True,x,True,False,vary
GEOM110b.col,110,1256,122,72270,594803,OPTIMAL,77,0.188674,1059.2,1059.39,206.33594,0,1,3,509f41020245d12b4e03b0c6681826c72245d1f3,False,aea172a16bc42de0504b35909d35fce000ded1613c496d28ea719a2d44ba7c51,bc9dd2f34387090f83611022ed1b92c2e8cc6181b37baadbb75314f73aa6341c,/home/homulily/code/bcp-cpp/bcp /home/homulily/code/bcp-cpp/dataset/GEOM110b.col 'Xa(cache)' -t 3600 -i -v x --use-symmetry-breaking --width vary,DESKTOP-RJQ30EQ,Linux-6.8.0-51-generic-x86_64-with-glibc2.39,c++ (Ubuntu 15.2.0-16ubuntu1) 15.2.0,Python 3.14.4; pandas 2.3.3; psutil 7.2.2,1,2026-08-20T11:10:43.865515+07:00,CaDiCaL,0,Xa(cache),3600,True,x,True,False,vary
GEOM120.col,120,773,74,43536,269812,OPTIMAL,59,0.0850811,3.53261,3.61769,119.625,0,1,3,509f41020245d12b4e03b0c6681826c72245d1f3,False,26357a9d4e2d8b08cdf055e2a882589f86c22c313fd9674a7f44b405c2aade4a,bc9dd2f34387090f83611022ed1b92c2e8cc6181b37baadbb75314f73aa6341c,/home/homulily/code/bcp-cpp/bcp /home/homulily/code/bcp-cpp/dataset/GEOM120.col 'Xa(cache)' -t 3600 -i -v x --use-symmetry-breaking --width vary,DESKTOP-RJQ30EQ,Linux-6.8.0-51-generic-x86_64-with-glibc2.39,c++ (Ubuntu 15.2.0-16ubuntu1) 15.2.0,Python 3.14.4; pandas 2.3.3; psutil 7.2.2,1,2026-08-20T11:10:47.595073+07:00,CaDiCaL,0,Xa(cache),3600,True,x,True,False,vary
GEOM120a.col,120,1434,110,71481,606596,OPTIMAL,82,0.196561,182.922,183.119,204.87891,0,1,3,509f41020245d12b4e03b0c6681826c72245d1f3,False,a920a2c75d8d4fde3a531cb30857d83f245364a0b88d5a18f86336b96bf07ab6,bc9dd2f34387090f83611022ed1b92c2e8cc6181b37baadbb75314f73aa6341c,/home/homulily/code/bcp-cpp/bcp /home/homulily/code/bcp-cpp/dataset/GEOM120a.col 'Xa(cache)' -t 3600 -i -v x --use-symmetry-breaking --width vary,DESKTOP-RJQ30EQ,Linux-6.8.0-51-generic-x86_64-with-glibc2.39,c++ (Ubuntu 15.2.0-16ubuntu1) 15.2.0,Python 3.14.4; pandas 2.3.3; psutil 7.2.2,1,2026-08-20T11:13:50.845920+07:00,CaDiCaL,0,Xa(cache),3600,True,x,True,False,vary
GEOM120b.col,120,1491,124,80818,698120,SATISFIABLE,83,0.220789,3599.78,3600.0,268.28516,1,0,3,509f41020245d12b4e03b0c6681826c72245d1f3,False,745355ab3817a87504580de4d77629dce60b8f48ea8fb2c5da33224e8ef92e29,bc9dd2f34387090f83611022ed1b92c2e8cc6181b37baadbb75314f73aa6341c,/home/homulily/code/bcp-cpp/bcp /home/homulily/code/bcp-cpp/dataset/GEOM120b.col 'Xa(cache)' -t 3600 -i -v x --use-symmetry-breaking --width vary,DESKTOP-RJQ30EQ,Linux-6.8.0-51-generic-x86_64-with-glibc2.39,c++ (Ubuntu 15.2.0-16ubuntu1) 15.2.0,Python 3.14.4; pandas 2.3.3; psutil 7.2.2,1,2026-08-20T12:13:51.008927+07:00,CaDiCaL,0,Xa(cache),3600,True,x,True,False,vary
GEOM20.col,20,20,25,1289,4492,OPTIMAL,21,0.00122235,0.00198699,0.00320934,51.1875,0,1,3,509f41020245d12b4e03b0c6681826c72245d1f3,False,08ed5ea76ef3bcb2228f4669162b3aa8c234de6a4dd75c3155a603919bc0167a,bc9dd2f34387090f83611022ed1b92c2e8cc6181b37baadbb75314f73aa6341c,/home/homulily/code/bcp-cpp/bcp /home/homulily/code/bcp-cpp/dataset/GEOM20.col 'Xa(cache)' -t 3600 -i -v x --use-symmetry-breaking --width vary,DESKTOP-RJQ30EQ,Linux-6.8.0-51-generic-x86_64-with-glibc2.39,c++ (Ubuntu 15.2.0-16ubuntu1) 15.2.0,Python 3.14.4; pandas 2.3.3; psutil 7.2.2,1,2026-08-20T12:13:51.076923+07:00,CaDiCaL,0,Xa(cache),3600,True,x,True,False,vary
GEOM20a.col,20,37,25,1556,6336,OPTIMAL,20,0.00164644,0.00253914,0.00418557,51.0625,0,1,3,509f41020245d12b4e03b0c6681826c72245d1f3,False,5fe086947cbc99c9630087a727d0c9fe00065a9c4f6d6ebea7115ab4a8c161fb,bc9dd2f34387090f83611022ed1b92c2e8cc6181b37baadbb75314f73aa6341c,/home/homulily/code/bcp-cpp/bcp /home/homulily/code/bcp-cpp/dataset/GEOM20a.col 'Xa(cache)' -t 3600 -i -v x --use-symmetry-breaking --width vary,DESKTOP-RJQ30EQ,Linux-6.8.0-51-generic-x86_64-with-glibc2.39,c++ (Ubuntu 15.2.0-16ubuntu1) 15.2.0,Python 3.14.4; pandas 2.3.3; psutil 7.2.2,1,2026-08-20T12:13:51.179737+07:00,CaDiCaL,0,Xa(cache),3600,True,x,True,False,vary
GEOM20b.col,20,32,17,968,3632,OPTIMAL,13,0.000991616,0.00161798,0.0026096,51.0625,0,1,3,509f41020245d12b4e03b0c6681826c72245d1f3,False,6be144806384554ada26f70be526ed0d42afb61a447cd96f826be5dbcf60288a,bc9dd2f34387090f83611022ed1b92c2e8cc6181b37baadbb75314f73aa6341c,/home/homulily/code/bcp-cpp/bcp /home/homulily/code/bcp-cpp/dataset/GEOM20b.col 'Xa(cache)' -t 3600 -i -v x --use-symmetry-breaking --width vary,DESKTOP-RJQ30EQ,Linux-6.8.0-51-generic-x86_64-with-glibc2.39,c++ (Ubuntu 15.2.0-16ubuntu1) 15.2.0,Python 3.14.4; pandas 2.3.3; psutil 7.2.2,1,2026-08-20T12:13:51.285814+07:00,CaDiCaL,0,Xa(cache),3600,True,x,True,False,vary
GEOM30.col,30,50,34,3035,12497,OPTIMAL,28,0.00324019,0.00534112,0.00858131,51.0625,0,1,3,509f41020245d12b4e03b0c6681826c72245d1f3,False,489bd893683e4c3672aba625abb2643d68f9c2a6d3776c9b26400831c548bd51,bc9dd2f34387090f83611022ed1b92c2e8cc6181b37baadbb75314f73aa6341c,/home/homulily/code/bcp-cpp/bcp /home/homulily/code/bcp-cpp/dataset/GEOM30.col 'Xa(cache)' -t 3600 -i -v x --use-symmetry-breaking --width vary,DESKTOP-RJQ30EQ,Linux-6.8.0-51-generic-x86_64-with-glibc2.39,c++ (Ubuntu 15.2.0-16ubuntu1) 15.2.0,Python 3.14.4; pandas 2.3.3; psutil 7.2.2,1,2026-08-20T12:13:51.399695+07:00,CaDiCaL,0,Xa(cache),3600,True,x,True,False,vary
GEOM30a.col,30,81,33,3580,16347,OPTIMAL,27,0.00409324,0.0056954,0.00978864,51.0625,0,1,3,509f41020245d12b4e03b0c6681826c72245d1f3,False,10bfa32a02f1c8633027611fc7eb773d3d5088d3bc49d1419471fc4ca266eca9,bc9dd2f34387090f83611022ed1b92c2e8cc6181b37baadbb75314f73aa6341c,/home/homulily/code/bcp-cpp/bcp /home/homulily/code/bcp-cpp/dataset/GEOM30a.col 'Xa(cache)' -t 3600 -i -v x --use-symmetry-breaking --width vary,DESKTOP-RJQ30EQ,Linux-6.8.0-51-generic-x86_64-with-glibc2.39,c++ (Ubuntu 15.2.0-16ubuntu1) 15.2.0,Python 3.14.4; pandas 2.3.3; psutil 7.2.2,1,2026-08-20T12:13:51.509939+07:00,CaDiCaL,0,Xa(cache),3600,True,x,True,False,vary
GEOM30b.col,30,81,28,3140,13664,OPTIMAL,26,0.00382416,0.00211298,0.00593713,51.0625,0,1,3,509f41020245d12b4e03b0c6681826c72245d1f3,False,41e7babfc1e85334f1653ee7e88e11a11b0065ce2d50a72a801b4b00cfe2330a,bc9dd2f34387090f83611022ed1b92c2e8cc6181b37baadbb75314f73aa6341c,/home/homulily/code/bcp-cpp/bcp /home/homulily/code/bcp-cpp/dataset/GEOM30b.col 'Xa(cache)' -t 3600 -i -v x --use-symmetry-breaking --width vary,DESKTOP-RJQ30EQ,Linux-6.8.0-51-generic-x86_64-with-glibc2.39,c++ (Ubuntu 15.2.0-16ubuntu1) 15.2.0,Python 3.14.4; pandas 2.3.3; psutil 7.2.2,1,2026-08-20T12:13:51.613228+07:00,CaDiCaL,0,Xa(cache),3600,True,x,True,False,vary
GEOM40.col,40,78,34,4346,18392,OPTIMAL,28,0.0050495,0.00599863,0.0110481,49.75,0,1,3,509f41020245d12b4e03b0c6681826c72245d1f3,False,4968db2efd363df2b56fdfbab3c914f8100884884a68f0b07cbbc4e20aa1f192,bc9dd2f34387090f83611022ed1b92c2e8cc6181b37baadbb75314f73aa6341c,/home/homulily/code/bcp-cpp/bcp /home/homulily/code/bcp-cpp/dataset/GEOM40.col 'Xa(cache)' -t 3600 -i -v x --use-symmetry-breaking --width vary,DESKTOP-RJQ30EQ,Linux-6.8.0-51-generic-x86_64-with-glibc2.39,c++ (Ubuntu 15.2.0-16ubuntu1) 15.2.0,Python 3.14.4; pandas 2.3.3; psutil 7.2.2,1,2026-08-20T12:13:51.728707+07:00,CaDiCaL,0,Xa(cache),3600,True,x,True,False,vary
GEOM40a.col,40,146,51,8277,42535,OPTIMAL,37,0.0120259,0.0347944,0.0468203,51.32422,0,1,3,509f41020245d12b4e03b0c6681826c72245d1f3,False,0bd50dc07b7e234154a3f92e5d2cf1ac6ad83c47badf984a837587fe7c35ca6b,bc9dd2f34387090f83611022ed1b92c2e8cc6181b37baadbb75314f73aa6341c,/home/homulily/code/bcp-cpp/bcp /home/homulily/code/bcp-cpp/dataset/GEOM40a.col 'Xa(cache)' -t 3600 -i -v x --use-symmetry-breaking --width vary,DESKTOP-RJQ30EQ,Linux-6.8.0-51-generic-x86_64-with-glibc2.39,c++ (Ubuntu 15.2.0-16ubuntu1) 15.2.0,Python 3.14.4; pandas 2.3.3; psutil 7.2.2,1,2026-08-20T12:13:51.873080+07:00,CaDiCaL,0,Xa(cache),3600,True,x,True,False,vary
GEOM40b.col,40,157,41,6699,34166,OPTIMAL,33,0.0092352,0.0211631,0.0303983,50.9375,0,1,3,509f41020245d12b4e03b0c6681826c72245d1f3,False,1ccb98f8f5e910eb9d4064ba5b23dff42c9067ecd2d40d0879250dbd16181ddf,bc9dd2f34387090f83611022ed1b92c2e8cc6181b37baadbb75314f73aa6341c,/home/homulily/code/bcp-cpp/bcp /home/homulily/code/bcp-cpp/dataset/GEOM40b.col 'Xa(cache)' -t 3600 -i -v x --use-symmetry-breaking --width vary,DESKTOP-RJQ30EQ,Linux-6.8.0-51-generic-x86_64-with-glibc2.39,c++ (Ubuntu 15.2.0-16ubuntu1) 15.2.0,Python 3.14.4; pandas 2.3.3; psutil 7.2.2,1,2026-08-20T12:13:51.961370+07:00,CaDiCaL,0,Xa(cache),3600,True,x,True,False,vary
GEOM50.col,50,127,37,6588,29688,OPTIMAL,28,0.00853898,0.00976691,0.0183059,51.1875,0,1,3,509f41020245d12b4e03b0c6681826c72245d1f3,False,c584455fa3b51a54152148534733fdf90022ccefd515c1770417925f43ef5434,bc9dd2f34387090f83611022ed1b92c2e8cc6181b37baadbb75314f73aa6341c,/home/homulily/code/bcp-cpp/bcp /home/homulily/code/bcp-cpp/dataset/GEOM50.col 'Xa(cache)' -t 3600 -i -v x --use-symmetry-breaking --width vary,DESKTOP-RJQ30EQ,Linux-6.8.0-51-generic-x86_64-with-glibc2.39,c++ (Ubuntu 15.2.0-16ubuntu1) 15.2.0,Python 3.14.4; pandas 2.3.3; psutil 7.2.2,1,2026-08-20T12:13:52.056652+07:00,CaDiCaL,0,Xa(cache),3600,True,x,True,False,vary
GEOM50a.col,50,238,62,13670,76790,OPTIMAL,50,0.0211365,0.465643,0.48678,75.82812,0,1,3,509f41020245d12b4e03b0c6681826c72245d1f3,False,09a35a2b65ed3e0dcd221ac73c5adb47901d19e134e9d9ce99d087c064f5b13b,bc9dd2f34387090f83611022ed1b92c2e8cc6181b37baadbb75314f73aa6341c,/home/homulily/code/bcp-cpp/bcp /home/homulily/code/bcp-cpp/dataset/GEOM50a.col 'Xa(cache)' -t 3600 -i -v x --use-symmetry-breaking --width vary,DESKTOP-RJQ30EQ,Linux-6.8.0-51-generic-x86_64-with-glibc2.39,c++ (Ubuntu 15.2.0-16ubuntu1) 15.2.0,Python 3.14.4; pandas 2.3.3; psutil 7.2.2,1,2026-08-20T12:13:52.633059+07:00,CaDiCaL,0,Xa(cache),3600,True,x,True,False,vary
GEOM50b.col,50,249,55,12395,68606,OPTIMAL,35,0.0202285,0.15821,0.178439,72.16406,0,1,3,509f41020245d12b4e03b0c6681826c72245d1f3,False,7b21131c086e1fd406658aed26e1d79b31aa8f81bf25493c8658813e81076dca,bc9dd2f34387090f83611022ed1b92c2e8cc6181b37baadbb75314f73aa6341c,/home/homulily/code/bcp-cpp/bcp /home/homulily/code/bcp-cpp/dataset/GEOM50b.col 'Xa(cache)' -t 3600 -i -v x --use-symmetry-breaking --width vary,DESKTOP-RJQ30EQ,Linux-6.8.0-51-generic-x86_64-with-glibc2.39,c++ (Ubuntu 15.2.0-16ubuntu1) 15.2.0,Python 3.14.4; pandas 2.3.3; psutil 7.2.2,1,2026-08-20T12:13:52.832654+07:00,CaDiCaL,0,Xa(cache),3600,True,x,True,False,vary
GEOM60.col,60,185,37,8679,40630,OPTIMAL,33,0.0113871,0.0112689,0.022656,51.0625,0,1,3,509f41020245d12b4e03b0c6681826c72245d1f3,False,9575aa95916bb0ddb24ac95ceb686ad79834715a8c3c97743905c76227ffa048,bc9dd2f34387090f83611022ed1b92c2e8cc6181b37baadbb75314f73aa6341c,/home/homulily/code/bcp-cpp/bcp /home/homulily/code/bcp-cpp/dataset/GEOM60.col 'Xa(cache)' -t 3600 -i -v x --use-symmetry-breaking --width vary,DESKTOP-RJQ30EQ,Linux-6.8.0-51-generic-x86_64-with-glibc2.39,c++ (Ubuntu 15.2.0-16ubuntu1) 15.2.0,Python 3.14.4; pandas 2.3.3; psutil 7.2.2,1,2026-08-20T12:13:52.879084+07:00,CaDiCaL,0,Xa(cache),3600,True,x,True,False,vary
GEOM60a.col,60,339,62,16838,100767,OPTIMAL,50,0.0290787,0.693369,0.722447,82.33594,0,1,3,509f41020245d12b4e03b0c6681826c72245d1f3,False,c6266e394b59107ef80c14a3ed0d8dd4ae62c646238c8358f8080547a85fd68c,bc9dd2f34387090f83611022ed1b92c2e8cc6181b37baadbb75314f73aa6341c,/home/homulily/code/bcp-cpp/bcp /home/homulily/code/bcp-cpp/dataset/GEOM60a.col 'Xa(cache)' -t 3600 -i -v x --use-symmetry-breaking --width vary,DESKTOP-RJQ30EQ,Linux-6.8.0-51-generic-x86_64-with-glibc2.39,c++ (Ubuntu 15.2.0-16ubuntu1) 15.2.0,Python 3.14.4; pandas 2.3.3; psutil 7.2.2,1,2026-08-20T12:13:53.688561+07:00,CaDiCaL,0,Xa(cache),3600,True,x,True,False,vary
GEOM60b.col,60,366,64,18380,110273,OPTIMAL,41,0.0310368,0.728799,0.759835,82.21484,0,1,3,509f41020245d12b4e03b0c6681826c72245d1f3,False,8305498f1acbb0e13fc3e5b6756eebb72600bd69b237f5d836248a8d8e040f76,bc9dd2f34387090f83611022ed1b92c2e8cc6181b37baadbb75314f73aa6341c,/home/homulily/code/bcp-cpp/bcp /home/homulily/code/bcp-cpp/dataset/GEOM60b.col 'Xa(cache)' -t 3600 -i -v x --use-symmetry-breaking --width vary,DESKTOP-RJQ30EQ,Linux-6.8.0-51-generic-x86_64-with-glibc2.39,c++ (Ubuntu 15.2.0-16ubuntu1) 15.2.0,Python 3.14.4; pandas 2.3.3; psutil 7.2.2,1,2026-08-20T12:13:54.540300+07:00,CaDiCaL,0,Xa(cache),3600,True,x,True,False,vary
GEOM70.col,70,267,45,13324,67312,OPTIMAL,38,0.0203303,0.0522683,0.0725986,51.3125,0,1,3,509f41020245d12b4e03b0c6681826c72245d1f3,False,6709158dd6a0c24605665511d543798f2cda198fb9b943c841d842af483b8b5f,bc9dd2f34387090f83611022ed1b92c2e8cc6181b37baadbb75314f73aa6341c,/home/homulily/code/bcp-cpp/bcp /home/homulily/code/bcp-cpp/dataset/GEOM70.col 'Xa(cache)' -t 3600 -i -v x --use-symmetry-breaking --width vary,DESKTOP-RJQ30EQ,Linux-6.8.0-51-generic-x86_64-with-glibc2.39,c++ (Ubuntu 15.2.0-16ubuntu1) 15.2.0,Python 3.14.4; pandas 2.3.3; psutil 7.2.2,1,2026-08-20T12:13:54.658274+07:00,CaDiCaL,0,Xa(cache),3600,True,x,True,False,vary
GEOM70a.col,70,459,73,24347,154462,OPTIMAL,61,0.0451513,2.99226,3.03741,95.64453,0,1,3,509f41020245d12b4e03b0c6681826c72245d1f3,False,e256a1a0b8f2637a931d35ffacdb28b715bcafa769a4bbedc21eb991683d0a40,bc9dd2f34387090f83611022ed1b92c2e8cc6181b37baadbb75314f73aa6341c,/home/homulily/code/bcp-cpp/bcp /home/homulily/code/bcp-cpp/dataset/GEOM70a.col 'Xa(cache)' -t 3600 -i -v x --use-symmetry-breaking --width vary,DESKTOP-RJQ30EQ,Linux-6.8.0-51-generic-x86_64-with-glibc2.39,c++ (Ubuntu 15.2.0-16ubuntu1) 15.2.0,Python 3.14.4; pandas 2.3.3; psutil 7.2.2,1,2026-08-20T12:13:57.730648+07:00,CaDiCaL,0,Xa(cache),3600,True,x,True,False,vary
GEOM70b.col,70,488,77,26085,169242,OPTIMAL,47,0.0492293,3.06907,3.1183,93.92578,0,1,3,509f41020245d12b4e03b0c6681826c72245d1f3,False,50b43cacfa298b2c9f4c05ca437a5559b357c8348aa59226bf3c2fd9b98b03b8,bc9dd2f34387090f83611022ed1b92c2e8cc6181b37baadbb75314f73aa6341c,/home/homulily/code/bcp-cpp/bcp /home/homulily/code/bcp-cpp/dataset/GEOM70b.col 'Xa(cache)' -t 3600 -i -v x --use-symmetry-breaking --width vary,DESKTOP-RJQ30EQ,Linux-6.8.0-51-generic-x86_64-with-glibc2.39,c++ (Ubuntu 15.2.0-16ubuntu1) 15.2.0,Python 3.14.4; pandas 2.3.3; psutil 7.2.2,1,2026-08-20T12:14:00.944696+07:00,CaDiCaL,0,Xa(cache),3600,True,x,True,False,vary
GEOM80.col,80,349,55,19234,102953,OPTIMAL,41,0.0308373,0.0859803,0.116818,77.4375,0,1,3,509f41020245d12b4e03b0c6681826c72245d1f3,False,46454b38ff8d83fe0020c6f3e5408c0ca37e868bc79f74749c4a8e555730df9c,bc9dd2f34387090f83611022ed1b92c2e8cc6181b37baadbb75314f73aa6341c,/home/homulily/code/bcp-cpp/bcp /home/homulily/code/bcp-cpp/dataset/GEOM80.col 'Xa(cache)' -t 3600 -i -v x --use-symmetry-breaking --width vary,DESKTOP-RJQ30EQ,Linux-6.8.0-51-generic-x86_64-with-glibc2.39,c++ (Ubuntu 15.2.0-16ubuntu1) 15.2.0,Python 3.14.4; pandas 2.3.3; psutil 7.2.2,1,2026-08-20T12:14:01.168397+07:00,CaDiCaL,0,Xa(cache),3600,True,x,True,False,vary
GEOM80a.col,80,612,80,31654,215351,OPTIMAL,63,0.0634456,6.77472,6.83817,107.62891,0,1,3,509f41020245d12b4e03b0c6681826c72245d1f3,False,f8cd1c510008df8e302411facc59a809be027620b27f632f811c1c94c76d78c9,bc9dd2f34387090f83611022ed1b92c2e8cc6181b37baadbb75314f73aa6341c,/home/homulily/code/bcp-cpp/bcp /home/homulily/code/bcp-cpp/dataset/GEOM80a.col 'Xa(cache)' -t 3600 -i -v x --use-symmetry-breaking --width vary,DESKTOP-RJQ30EQ,Linux-6.8.0-51-generic-x86_64-with-glibc2.39,c++ (Ubuntu 15.2.0-16ubuntu1) 15.2.0,Python 3.14.4; pandas 2.3.3; psutil 7.2.2,1,2026-08-20T12:14:08.098935+07:00,CaDiCaL,0,Xa(cache),3600,True,x,True,False,vary
GEOM80b.col,80,663,99,40776,282251,OPTIMAL,60,0.0867672,5.31933,5.4061,116.29297,0,1,3,509f41020245d12b4e03b0c6681826c72245d1f3,False,a8dcc40cfc8d87903196406f815c4d512a7c68e3e966538768a0601bfac7d301,bc9dd2f34387090f83611022ed1b92c2e8cc6181b37baadbb75314f73aa6341c,/home/homulily/code/bcp-cpp/bcp /home/homulily/code/bcp-cpp/dataset/GEOM80b.col 'Xa(cache)' -t 3600 -i -v x --use-symmetry-breaking --width vary,DESKTOP-RJQ30EQ,Linux-6.8.0-51-generic-x86_64-with-glibc2.39,c++ (Ubuntu 15.2.0-16ubuntu1) 15.2.0,Python 3.14.4; pandas 2.3.3; psutil 7.2.2,1,2026-08-20T12:14:13.637662+07:00,CaDiCaL,0,Xa(cache),3600,True,x,True,False,vary
GEOM90.col,90,441,55,22378,123189,OPTIMAL,46,0.0374182,0.149554,0.186973,79.36719,0,1,3,509f41020245d12b4e03b0c6681826c72245d1f3,False,8b99774b70737296ed7b4c8a3ad9ec1827182467166c5e7c93a1c2117473f7cf,bc9dd2f34387090f83611022ed1b92c2e8cc6181b37baadbb75314f73aa6341c,/home/homulily/code/bcp-cpp/bcp /home/homulily/code/bcp-cpp/dataset/GEOM90.col 'Xa(cache)' -t 3600 -i -v x --use-symmetry-breaking --width vary,DESKTOP-RJQ30EQ,Linux-6.8.0-51-generic-x86_64-with-glibc2.39,c++ (Ubuntu 15.2.0-16ubuntu1) 15.2.0,Python 3.14.4; pandas 2.3.3; psutil 7.2.2,1,2026-08-20T12:14:13.854536+07:00,CaDiCaL,0,Xa(cache),3600,True,x,True,False,vary
GEOM90a.col,90,789,81,37528,267207,OPTIMAL,63,0.0788268,9.29809,9.37692,116.33594,0,1,3,509f41020245d12b4e03b0c6681826c72245d1f3,False,254a4ba130fad8005c03d2288438d16ff5c3768cb05ebe3b37929f9f3247a1df,bc9dd2f34387090f83611022ed1b92c2e8cc6181b37baadbb75314f73aa6341c,/home/homulily/code/bcp-cpp/bcp /home/homulily/code/bcp-cpp/dataset/GEOM90a.col 'Xa(cache)' -t 3600 -i -v x --use-symmetry-breaking --width vary,DESKTOP-RJQ30EQ,Linux-6.8.0-51-generic-x86_64-with-glibc2.39,c++ (Ubuntu 15.2.0-16ubuntu1) 15.2.0,Python 3.14.4; pandas 2.3.3; psutil 7.2.2,1,2026-08-20T12:14:23.358055+07:00,CaDiCaL,0,Xa(cache),3600,True,x,True,False,vary
GEOM90b.col,90,860,110,51861,388724,OPTIMAL,69,0.120724,61.2973,61.4181,141.60547,0,1,3,509f41020245d12b4e03b0c6681826c72245d1f3,False,e293687b9c36702121066f37ac02cf4e8901dbaa3fd5ba7e864b0e00ba74fac3,bc9dd2f34387090f83611022ed1b92c2e8cc6181b37baadbb75314f73aa6341c,/home/homulily/code/bcp-cpp/bcp /home/homulily/code/bcp-cpp/dataset/GEOM90b.col 'Xa(cache)' -t 3600 -i -v x --use-symmetry-breaking --width vary,DESKTOP-RJQ30EQ,Linux-6.8.0-51-generic-x86_64-with-glibc2.39,c++ (Ubuntu 15.2.0-16ubuntu1) 15.2.0,Python 3.14.4; pandas 2.3.3; psutil 7.2.2,1,2026-08-20T12:15:24.894600+07:00,CaDiCaL,0,Xa(cache),3600,True,x,True,False,vary
c21_1_d1.col,21,102,8,315,1303,OPTIMAL,7,0.000401678,0.00265562,0.0030573,51.25,0,1,3,509f41020245d12b4e03b0c6681826c72245d1f3,False,f838258c4c693e09ad2cc97943c674fc5b2ee14e0f97961fdfdeb239b8436773,bc9dd2f34387090f83611022ed1b92c2e8cc6181b37baadbb75314f73aa6341c,/home/homulily/code/bcp-cpp/bcp /home/homulily/code/bcp-cpp/dataset/c21_1_d1.col 'Xa(cache)' -t 3600 -i -v x --use-symmetry-breaking --width vary,DESKTOP-RJQ30EQ,Linux-6.8.0-51-generic-x86_64-with-glibc2.39,c++ (Ubuntu 15.2.0-16ubuntu1) 15.2.0,Python 3.14.4; pandas 2.3.3; psutil 7.2.2,1,2026-08-20T12:15:24.973941+07:00,CaDiCaL,0,Xa(cache),3600,True,x,True,False,vary
c21_1_d2.col,21,102,8,315,1303,OPTIMAL,7,0.000379279,0.00269047,0.00306975,50.8125,0,1,3,509f41020245d12b4e03b0c6681826c72245d1f3,False,17ff4bba73f02ee89dd3d91ccbca1a01ac0062c8872237c8916bc44590d256d5,bc9dd2f34387090f83611022ed1b92c2e8cc6181b37baadbb75314f73aa6341c,/home/homulily/code/bcp-cpp/bcp /home/homulily/code/bcp-cpp/dataset/c21_1_d2.col 'Xa(cache)' -t 3600 -i -v x --use-symmetry-breaking --width vary,DESKTOP-RJQ30EQ,Linux-6.8.0-51-generic-x86_64-with-glibc2.39,c++ (Ubuntu 15.2.0-16ubuntu1) 15.2.0,Python 3.14.4; pandas 2.3.3; psutil 7.2.2,1,2026-08-20T12:15:25.080021+07:00,CaDiCaL,0,Xa(cache),3600,True,x,True,False,vary
c21_2_d1.col,21,102,12,525,3274,OPTIMAL,9,0.000819009,0.00221214,0.00303115,50.75,0,1,3,509f41020245d12b4e03b0c6681826c72245d1f3,False,bc5ff196032b38d098ccbb833a33557f397c0d16b5f8a281ddda8141f182fab6,bc9dd2f34387090f83611022ed1b92c2e8cc6181b37baadbb75314f73aa6341c,/home/homulily/code/bcp-cpp/bcp /home/homulily/code/bcp-cpp/dataset/c21_2_d1.col 'Xa(cache)' -t 3600 -i -v x --use-symmetry-breaking --width vary,DESKTOP-RJQ30EQ,Linux-6.8.0-51-generic-x86_64-with-glibc2.39,c++ (Ubuntu 15.2.0-16ubuntu1) 15.2.0,Python 3.14.4; pandas 2.3.3; psutil 7.2.2,1,2026-08-20T12:15:25.187590+07:00,CaDiCaL,0,Xa(cache),3600,True,x,True,False,vary
c21_2_d2.col,21,102,12,525,3274,OPTIMAL,9,0.000828063,0.00219049,0.00301855,50.4375,0,1,3,509f41020245d12b4e03b0c6681826c72245d1f3,False,357f7cf6535a13a2109dbf9d363efff9cc6e0038fccf653c1dafc7e92e00fe01,bc9dd2f34387090f83611022ed1b92c2e8cc6181b37baadbb75314f73aa6341c,/home/homulily/code/bcp-cpp/bcp /home/homulily/code/bcp-cpp/dataset/c21_2_d2.col 'Xa(cache)' -t 3600 -i -v x --use-symmetry-breaking --width vary,DESKTOP-RJQ30EQ,Linux-6.8.0-51-generic-x86_64-with-glibc2.39,c++ (Ubuntu 15.2.0-16ubuntu1) 15.2.0,Python 3.14.4; pandas 2.3.3; psutil 7.2.2,1,2026-08-20T12:15:25.294596+07:00,CaDiCaL,0,Xa(cache),3600,True,x,True,False,vary
c21_3_d1.col,21,102,8,315,1303,OPTIMAL,7,0.000387805,0.00337428,0.00376208,51.32422,0,1,3,509f41020245d12b4e03b0c6681826c72245d1f3,False,2765b742e9eb99580ca620c1af200f5de170405ca0f8ef34101dec9696c2f9ee,bc9dd2f34387090f83611022ed1b92c2e8cc6181b37baadbb75314f73aa6341c,/home/homulily/code/bcp-cpp/bcp /home/homulily/code/bcp-cpp/dataset/c21_3_d1.col 'Xa(cache)' -t 3600 -i -v x --use-symmetry-breaking --width vary,DESKTOP-RJQ30EQ,Linux-6.8.0-51-generic-x86_64-with-glibc2.39,c++ (Ubuntu 15.2.0-16ubuntu1) 15.2.0,Python 3.14.4; pandas 2.3.3; psutil 7.2.2,1,2026-08-20T12:15:25.401802+07:00,CaDiCaL,0,Xa(cache),3600,True,x,True,False,vary
c21_3_d2.col,21,102,8,315,1303,OPTIMAL,7,0.000384076,0.0026432,0.00302727,51.0625,0,1,3,509f41020245d12b4e03b0c6681826c72245d1f3,False,5274c4b0e9751b679b2b38ab34627c4d1eca543d53c9c4086f61ec64f8ee1c6f,bc9dd2f34387090f83611022ed1b92c2e8cc6181b37baadbb75314f73aa6341c,/home/homulily/code/bcp-cpp/bcp /home/homulily/code/bcp-cpp/dataset/c21_3_d2.col 'Xa(cache)' -t 3600 -i -v x --use-symmetry-breaking --width vary,DESKTOP-RJQ30EQ,Linux-6.8.0-51-generic-x86_64-with-glibc2.39,c++ (Ubuntu 15.2.0-16ubuntu1) 15.2.0,Python 3.14.4; pandas 2.3.3; psutil 7.2.2,1,2026-08-20T12:15:25.507902+07:00,CaDiCaL,0,Xa(cache),3600,True,x,True,False,vary
c21_4_d1.col,21,102,12,525,3274,OPTIMAL,9,0.000845156,0.00219648,0.00304164,51.1875,0,1,3,509f41020245d12b4e03b0c6681826c72245d1f3,False,19dd5b83496200f38741c1f02f9fc646d0eae6d2a435789be0650d1e3455d42b,bc9dd2f34387090f83611022ed1b92c2e8cc6181b37baadbb75314f73aa6341c,/home/homulily/code/bcp-cpp/bcp /home/homulily/code/bcp-cpp/dataset/c21_4_d1.col 'Xa(cache)' -t 3600 -i -v x --use-symmetry-breaking --width vary,DESKTOP-RJQ30EQ,Linux-6.8.0-51-generic-x86_64-with-glibc2.39,c++ (Ubuntu 15.2.0-16ubuntu1) 15.2.0,Python 3.14.4; pandas 2.3.3; psutil 7.2.2,1,2026-08-20T12:15:25.614196+07:00,CaDiCaL,0,Xa(cache),3600,True,x,True,False,vary
c21_4_d2.col,21,102,12,525,3274,OPTIMAL,9,0.00118281,0.00218881,0.00337162,50.9375,0,1,3,509f41020245d12b4e03b0c6681826c72245d1f3,False,dcae409f3fa775f5d64e2a1c13109513f71b4261ac6646fa06061715bb34c40c,bc9dd2f34387090f83611022ed1b92c2e8cc6181b37baadbb75314f73aa6341c,/home/homulily/code/bcp-cpp/bcp /home/homulily/code/bcp-cpp/dataset/c21_4_d2.col 'Xa(cache)' -t 3600 -i -v x --use-symmetry-breaking --width vary,DESKTOP-RJQ30EQ,Linux-6.8.0-51-generic-x86_64-with-glibc2.39,c++ (Ubuntu 15.2.0-16ubuntu1) 15.2.0,Python 3.14.4; pandas 2.3.3; psutil 7.2.2,1,2026-08-20T12:15:25.721375+07:00,CaDiCaL,0,Xa(cache),3600,True,x,True,False,vary
c21_5_d1.col,21,102,8,315,1303,OPTIMAL,7,0.000567911,0.00278458,0.00335249,51.0625,0,1,3,509f41020245d12b4e03b0c6681826c72245d1f3,False,9b48d14af7b6c13caa07b34bb084a2f18f2bbe1f27e4357c5d1d30b214e43ba0,bc9dd2f34387090f83611022ed1b92c2e8cc6181b37baadbb75314f73aa6341c,/home/homulily/code/bcp-cpp/bcp /home/homulily/code/bcp-cpp/dataset/c21_5_d1.col 'Xa(cache)' -t 3600 -i -v x --use-symmetry-breaking --width vary,DESKTOP-RJQ30EQ,Linux-6.8.0-51-generic-x86_64-with-glibc2.39,c++ (Ubuntu 15.2.0-16ubuntu1) 15.2.0,Python 3.14.4; pandas 2.3.3; psutil 7.2.2,1,2026-08-20T12:15:25.829778+07:00,CaDiCaL,0,Xa(cache),3600,True,x,True,False,vary
c21_5_d2.col,21,102,8,315,1303,OPTIMAL,7,0.000399194,0.00265887,0.00305807,51.0625,0,1,3,509f41020245d12b4e03b0c6681826c72245d1f3,False,bfa272eb474be3d829f6ae72dc0b350e3cc16cae91bd5b0268f9d7d42e029bdf,bc9dd2f34387090f83611022ed1b92c2e8cc6181b37baadbb75314f73aa6341c,/home/homulily/code/bcp-cpp/bcp /home/homulily/code/bcp-cpp/dataset/c21_5_d2.col 'Xa(cache)' -t 3600 -i -v x --use-symmetry-breaking --width vary,DESKTOP-RJQ30EQ,Linux-6.8.0-51-generic-x86_64-with-glibc2.39,c++ (Ubuntu 15.2.0-16ubuntu1) 15.2.0,Python 3.14.4; pandas 2.3.3; psutil 7.2.2,1,2026-08-20T12:15:25.935905+07:00,CaDiCaL,0,Xa(cache),3600,True,x,True,False,vary
c21_6_d1.col,21,102,12,525,3274,OPTIMAL,9,0.000840567,0.00222425,0.00306481,51.32422,0,1,3,509f41020245d12b4e03b0c6681826c72245d1f3,False,67f709a59420aa411b280438ae2a69559cb89dbc2a475e7237b5ff6beb322fc2,bc9dd2f34387090f83611022ed1b92c2e8cc6181b37baadbb75314f73aa6341c,/home/homulily/code/bcp-cpp/bcp /home/homulily/code/bcp-cpp/dataset/c21_6_d1.col 'Xa(cache)' -t 3600 -i -v x --use-symmetry-breaking --width vary,DESKTOP-RJQ30EQ,Linux-6.8.0-51-generic-x86_64-with-glibc2.39,c++ (Ubuntu 15.2.0-16ubuntu1) 15.2.0,Python 3.14.4; pandas 2.3.3; psutil 7.2.2,1,2026-08-20T12:15:26.042892+07:00,CaDiCaL,0,Xa(cache),3600,True,x,True,False,vary
c21_6_d2.col,21,102,12,525,3274,OPTIMAL,9,0.000906245,0.00219785,0.00310409,51.125,0,1,3,509f41020245d12b4e03b0c6681826c72245d1f3,False,75ba8238057f4be94630617bff4cf631976862699cffdb81bcbe628b6f5af066,bc9dd2f34387090f83611022ed1b92c2e8cc6181b37baadbb75314f73aa6341c,/home/homulily/code/bcp-cpp/bcp /home/homulily/code/bcp-cpp/dataset/c21_6_d2.col 'Xa(cache)' -t 3600 -i -v x --use-symmetry-breaking --width vary,DESKTOP-RJQ30EQ,Linux-6.8.0-51-generic-x86_64-with-glibc2.39,c++ (Ubuntu 15.2.0-16ubuntu1) 15.2.0,Python 3.14.4; pandas 2.3.3; psutil 7.2.2,1,2026-08-20T12:15:26.149665+07:00,CaDiCaL,0,Xa(cache),3600,True,x,True,False,vary
c21_7_d1.col,21,102,8,315,1303,OPTIMAL,7,0.000427436,0.00257525,0.00300268,50.875,0,1,3,509f41020245d12b4e03b0c6681826c72245d1f3,False,a5740086f18083fcf131d5f89bf75b7673b05dfb0366edb4c45fca95b2789986,bc9dd2f34387090f83611022ed1b92c2e8cc6181b37baadbb75314f73aa6341c,/home/homulily/code/bcp-cpp/bcp /home/homulily/code/bcp-cpp/dataset/c21_7_d1.col 'Xa(cache)' -t 3600 -i -v x --use-symmetry-breaking --width vary,DESKTOP-RJQ30EQ,Linux-6.8.0-51-generic-x86_64-with-glibc2.39,c++ (Ubuntu 15.2.0-16ubuntu1) 15.2.0,Python 3.14.4; pandas 2.3.3; psutil 7.2.2,1,2026-08-20T12:15:26.257569+07:00,CaDiCaL,0,Xa(cache),3600,True,x,True,False,vary
c21_7_d2.col,21,102,8,315,1303,OPTIMAL,7,0.000384175,0.00262655,0.00301072,51.1875,0,1,3,509f41020245d12b4e03b0c6681826c72245d1f3,False,ac84b1b113bb6b57a70caec3bc248b94cc90c0bb1186f65645d78821eb05adbd,bc9dd2f34387090f83611022ed1b92c2e8cc6181b37baadbb75314f73aa6341c,/home/homulily/code/bcp-cpp/bcp /home/homulily/code/bcp-cpp/dataset/c21_7_d2.col 'Xa(cache)' -t 3600 -i -v x --use-symmetry-breaking --width vary,DESKTOP-RJQ30EQ,Linux-6.8.0-51-generic-x86_64-with-glibc2.39,c++ (Ubuntu 15.2.0-16ubuntu1) 15.2.0,Python 3.14.4; pandas 2.3.3; psutil 7.2.2,1,2026-08-20T12:15:26.364523+07:00,CaDiCaL,0,Xa(cache),3600,True,x,True,False,vary
c21_8_d1.col,21,102,12,525,3274,OPTIMAL,9,0.000908848,0.0021557,0.00306455,50.9375,0,1,3,509f41020245d12b4e03b0c6681826c72245d1f3,False,bb8a14faad6327dbd85291090c1bdb4c5568aa8d9d5a7bd53c8654f3ab113224,bc9dd2f34387090f83611022ed1b92c2e8cc6181b37baadbb75314f73aa6341c,/home/homulily/code/bcp-cpp/bcp /home/homulily/code/bcp-cpp/dataset/c21_8_d1.col 'Xa(cache)' -t 3600 -i -v x --use-symmetry-breaking --width vary,DESKTOP-RJQ30EQ,Linux-6.8.0-51-generic-x86_64-with-glibc2.39,c++ (Ubuntu 15.2.0-16ubuntu1) 15.2.0,Python 3.14.4; pandas 2.3.3; psutil 7.2.2,1,2026-08-20T12:15:26.472970+07:00,CaDiCaL,0,Xa(cache),3600,True,x,True,False,vary
c21_8_d2.col,21,102,12,525,3274,OPTIMAL,9,0.000828323,0.0022284,0.00305672,51.0625,0,1,3,509f41020245d12b4e03b0c6681826c72245d1f3,False,f5ba7310979dcec808371e784a264f60b7a9480e3c89e6597cce412caf40d991,bc9dd2f34387090f83611022ed1b92c2e8cc6181b37baadbb75314f73aa6341c,/home/homulily/code/bcp-cpp/bcp /home/homulily/code/bcp-cpp/dataset/c21_8_d2.col 'Xa(cache)' -t 3600 -i -v x --use-symmetry-breaking --width vary,DESKTOP-RJQ30EQ,Linux-6.8.0-51-generic-x86_64-with-glibc2.39,c++ (Ubuntu 15.2.0-16ubuntu1) 15.2.0,Python 3.14.4; pandas 2.3.3; psutil 7.2.2,1,2026-08-20T12:15:26.580737+07:00,CaDiCaL,0,Xa(cache),3600,True,x,True,False,vary
c25_1_d3.col,25,134,8,375,1626,OPTIMAL,8,0.000475487,0.0319528,0.0324283,51.0625,0,1,3,509f41020245d12b4e03b0c6681826c72245d1f3,False,1ea6804dc4a8d52338e7935ca90ec544a6f93a27cd092508d5f2a4a4309660a3,bc9dd2f34387090f83611022ed1b92c2e8cc6181b37baadbb75314f73aa6341c,/home/homulily/code/bcp-cpp/bcp /home/homulily/code/bcp-cpp/dataset/c25_1_d3.col 'Xa(cache)' -t 3600 -i -v x --use-symmetry-breaking --width vary,DESKTOP-RJQ30EQ,Linux-6.8.0-51-generic-x86_64-with-glibc2.39,c++ (Ubuntu 15.2.0-16ubuntu1) 15.2.0,Python 3.14.4; pandas 2.3.3; psutil 7.2.2,1,2026-08-20T12:15:26.717228+07:00,CaDiCaL,0,Xa(cache),3600,True,x,True,False,vary
c25_1_d4.col,25,134,8,375,1626,OPTIMAL,8,0.000567981,0.0324863,0.0330543,50.875,0,1,3,509f41020245d12b4e03b0c6681826c72245d1f3,False,eff8f52de9e723400f83c97d0ec2abe45e41b6038672e20a4a4081e4715aca85,bc9dd2f34387090f83611022ed1b92c2e8cc6181b37baadbb75314f73aa6341c,/home/homulily/code/bcp-cpp/bcp /home/homulily/code/bcp-cpp/dataset/c25_1_d4.col 'Xa(cache)' -t 3600 -i -v x --use-symmetry-breaking --width vary,DESKTOP-RJQ30EQ,Linux-6.8.0-51-generic-x86_64-with-glibc2.39,c++ (Ubuntu 15.2.0-16ubuntu1) 15.2.0,Python 3.14.4; pandas 2.3.3; psutil 7.2.2,1,2026-08-20T12:15:26.823246+07:00,CaDiCaL,0,Xa(cache),3600,True,x,True,False,vary
c55_1_d1.col,55,362,9,935,4747,OPTIMAL,7,0.00135187,0.00455315,0.00590502,51.0625,0,1,3,509f41020245d12b4e03b0c6681826c72245d1f3,False,483fac5e0df65a27f7312e2883f8f90c17f26d3a7bdd50c333212ca635e3f2e6,bc9dd2f34387090f83611022ed1b92c2e8cc6181b37baadbb75314f73aa6341c,/home/homulily/code/bcp-cpp/bcp /home/homulily/code/bcp-cpp/dataset/c55_1_d1.col 'Xa(cache)' -t 3600 -i -v x --use-symmetry-breaking --width vary,DESKTOP-RJQ30EQ,Linux-6.8.0-51-generic-x86_64-with-glibc2.39,c++ (Ubuntu 15.2.0-16ubuntu1) 15.2.0,Python 3.14.4; pandas 2.3.3; psutil 7.2.2,1,2026-08-20T12:15:26.902996+07:00,CaDiCaL,0,Xa(cache),3600,True,x,True,False,vary
c55_2_d2.col,55,362,9,935,4747,OPTIMAL,7,0.00141991,0.00427896,0.00569887,50.875,0,1,3,509f41020245d12b4e03b0c6681826c72245d1f3,False,7b0078b893aeb838a0f5f0b3ece5f1505f2c0981a98c59561af4c69742a59ad6,bc9dd2f34387090f83611022ed1b92c2e8cc6181b37baadbb75314f73aa6341c,/home/homulily/code/bcp-cpp/bcp /home/homulily/code/bcp-cpp/dataset/c55_2_d2.col 'Xa(cache)' -t 3600 -i -v x --use-symmetry-breaking --width vary,DESKTOP-RJQ30EQ,Linux-6.8.0-51-generic-x86_64-with-glibc2.39,c++ (Ubuntu 15.2.0-16ubuntu1) 15.2.0,Python 3.14.4; pandas 2.3.3; psutil 7.2.2,1,2026-08-20T12:15:27.011117+07:00,CaDiCaL,0,Xa(cache),3600,True,x,True,False,vary
