name,V,E,upper_bound,variables,clauses,status,span,encoding_time,total_solving_time,time_used,memory_usage,timed_out,optimality_proven,run_id,source_sha,source_dirty,input_sha256,binary_sha256,command,host,platform,compiler,runner_versions,concurrency,recorded_at,solver,solver_seed,method,time_limit,incremental,incremental_variable,symmetry_breaking,pairwise,width
GEOM100.col,100,547,65,22954,131361,OPTIMAL,50,0.720394,0.980651,1.70104,101.42969,0,1,1,509f41020245d12b4e03b0c6681826c72245d1f3,False,91be09009a797c20a68cfb43f78cb01019c2cfdb8915d86e640e95938c315b19,bc9dd2f34387090f83611022ed1b92c2e8cc6181b37baadbb75314f73aa6341c,/home/homulily/code/bcp-cpp/bcp /home/homulily/code/bcp-cpp/dataset/GEOM100.col 'Xa(cache)' -t 3600 --use-symmetry-breaking --width fixed,DESKTOP-RJQ30EQ,Linux-6.8.0-51-generic-x86_64-with-glibc2.39,c++ (Ubuntu 15.2.0-16ubuntu1) 15.2.0,Python 3.14.4; pandas 2.3.3; psutil 7.2.2,1,2026-08-18T07:13:43.938049+07:00,CaDiCaL,0,Xa(cache),3600,False,,True,False,fixed
GEOM100a.col,100,992,92,34236,256008,OPTIMAL,66,2.51672,187.411,189.928,152.15234,0,1,1,509f41020245d12b4e03b0c6681826c72245d1f3,False,630c8dde843161518427f8d7ef92d9d1373781a7e028e2918c0070a86261b0f7,bc9dd2f34387090f83611022ed1b92c2e8cc6181b37baadbb75314f73aa6341c,/home/homulily/code/bcp-cpp/bcp /home/homulily/code/bcp-cpp/dataset/GEOM100a.col 'Xa(cache)' -t 3600 --use-symmetry-breaking --width fixed,DESKTOP-RJQ30EQ,Linux-6.8.0-51-generic-x86_64-with-glibc2.39,c++ (Ubuntu 15.2.0-16ubuntu1) 15.2.0,Python 3.14.4; pandas 2.3.3; psutil 7.2.2,1,2026-08-18T07:16:54.322762+07:00,CaDiCaL,0,Xa(cache),3600,False,,True,False,fixed
GEOM100b.col,100,1050,122,37303,285354,OPTIMAL,71,6.39974,155.653,162.053,158.32031,0,1,1,509f41020245d12b4e03b0c6681826c72245d1f3,False,14092a37b220ef17894222b959c735f68203286fc653930904fe5f13c3741ce5,bc9dd2f34387090f83611022ed1b92c2e8cc6181b37baadbb75314f73aa6341c,/home/homulily/code/bcp-cpp/bcp /home/homulily/code/bcp-cpp/dataset/GEOM100b.col 'Xa(cache)' -t 3600 --use-symmetry-breaking --width fixed,DESKTOP-RJQ30EQ,Linux-6.8.0-51-generic-x86_64-with-glibc2.39,c++ (Ubuntu 15.2.0-16ubuntu1) 15.2.0,Python 3.14.4; pandas 2.3.3; psutil 7.2.2,1,2026-08-18T07:19:37.470933+07:00,CaDiCaL,0,Xa(cache),3600,False,,True,False,fixed
GEOM110.col,110,638,65,25626,149802,OPTIMAL,50,0.824667,1.37481,2.19948,107.82422,0,1,1,509f41020245d12b4e03b0c6681826c72245d1f3,False,2c127a146238aee20765edfcc35a16dc2fd856e5577bfe6afdc859b7dcaddb49,bc9dd2f34387090f83611022ed1b92c2e8cc6181b37baadbb75314f73aa6341c,/home/homulily/code/bcp-cpp/bcp /home/homulily/code/bcp-cpp/dataset/GEOM110.col 'Xa(cache)' -t 3600 --use-symmetry-breaking --width fixed,DESKTOP-RJQ30EQ,Linux-6.8.0-51-generic-x86_64-with-glibc2.39,c++ (Ubuntu 15.2.0-16ubuntu1) 15.2.0,Python 3.14.4; pandas 2.3.3; psutil 7.2.2,1,2026-08-18T07:19:39.877431+07:00,CaDiCaL,0,Xa(cache),3600,False,,True,False,fixed
GEOM110a.col,110,1207,110,39551,315176,OPTIMAL,69,5.3122,205.128,210.44,173.73438,0,1,1,509f41020245d12b4e03b0c6681826c72245d1f3,False,9c37e408d641c20a1fc834cdfa27c50a49e532300506da93442ee8f07c8f7d3c,bc9dd2f34387090f83611022ed1b92c2e8cc6181b37baadbb75314f73aa6341c,/home/homulily/code/bcp-cpp/bcp /home/homulily/code/bcp-cpp/dataset/GEOM110a.col 'Xa(cache)' -t 3600 --use-symmetry-breaking --width fixed,DESKTOP-RJQ30EQ,Linux-6.8.0-51-generic-x86_64-with-glibc2.39,c++ (Ubuntu 15.2.0-16ubuntu1) 15.2.0,Python 3.14.4; pandas 2.3.3; psutil 7.2.2,1,2026-08-18T07:23:11.206916+07:00,CaDiCaL,0,Xa(cache),3600,False,,True,False,fixed
GEOM110b.col,110,1256,122,44888,361219,OPTIMAL,77,7.40755,821.555,828.962,203.78906,0,1,1,509f41020245d12b4e03b0c6681826c72245d1f3,False,aea172a16bc42de0504b35909d35fce000ded1613c496d28ea719a2d44ba7c51,bc9dd2f34387090f83611022ed1b92c2e8cc6181b37baadbb75314f73aa6341c,/home/homulily/code/bcp-cpp/bcp /home/homulily/code/bcp-cpp/dataset/GEOM110b.col 'Xa(cache)' -t 3600 --use-symmetry-breaking --width fixed,DESKTOP-RJQ30EQ,Linux-6.8.0-51-generic-x86_64-with-glibc2.39,c++ (Ubuntu 15.2.0-16ubuntu1) 15.2.0,Python 3.14.4; pandas 2.3.3; psutil 7.2.2,1,2026-08-18T19:05:55.006561+07:00,CaDiCaL,0,Xa(cache),3600,False,,True,False,fixed
GEOM120.col,120,773,74,34196,209093,OPTIMAL,59,1.1526,3.7589,4.9115,124.50391,0,1,1,509f41020245d12b4e03b0c6681826c72245d1f3,False,26357a9d4e2d8b08cdf055e2a882589f86c22c313fd9674a7f44b405c2aade4a,bc9dd2f34387090f83611022ed1b92c2e8cc6181b37baadbb75314f73aa6341c,/home/homulily/code/bcp-cpp/bcp /home/homulily/code/bcp-cpp/dataset/GEOM120.col 'Xa(cache)' -t 3600 --use-symmetry-breaking --width fixed,DESKTOP-RJQ30EQ,Linux-6.8.0-51-generic-x86_64-with-glibc2.39,c++ (Ubuntu 15.2.0-16ubuntu1) 15.2.0,Python 3.14.4; pandas 2.3.3; psutil 7.2.2,1,2026-08-18T19:06:00.152165+07:00,CaDiCaL,0,Xa(cache),3600,False,,True,False,fixed
GEOM120a.col,120,1434,110,53365,438919,OPTIMAL,82,4.87761,978.298,983.176,224.00391,0,1,1,509f41020245d12b4e03b0c6681826c72245d1f3,False,a920a2c75d8d4fde3a531cb30857d83f245364a0b88d5a18f86336b96bf07ab6,bc9dd2f34387090f83611022ed1b92c2e8cc6181b37baadbb75314f73aa6341c,/home/homulily/code/bcp-cpp/bcp /home/homulily/code/bcp-cpp/dataset/GEOM120a.col 'Xa(cache)' -t 3600 --use-symmetry-breaking --width fixed,DESKTOP-RJQ30EQ,Linux-6.8.0-51-generic-x86_64-with-glibc2.39,c++ (Ubuntu 15.2.0-16ubuntu1) 15.2.0,Python 3.14.4; pandas 2.3.3; psutil 7.2.2,1,2026-08-18T19:22:24.056944+07:00,CaDiCaL,0,Xa(cache),3600,False,,True,False,fixed
GEOM120b.col,120,1491,124,53831,451420,OPTIMAL,83,7.6283,948.777,956.406,236.61719,0,1,1,509f41020245d12b4e03b0c6681826c72245d1f3,False,745355ab3817a87504580de4d77629dce60b8f48ea8fb2c5da33224e8ef92e29,bc9dd2f34387090f83611022ed1b92c2e8cc6181b37baadbb75314f73aa6341c,/home/homulily/code/bcp-cpp/bcp /home/homulily/code/bcp-cpp/dataset/GEOM120b.col 'Xa(cache)' -t 3600 --use-symmetry-breaking --width fixed,DESKTOP-RJQ30EQ,Linux-6.8.0-51-generic-x86_64-with-glibc2.39,c++ (Ubuntu 15.2.0-16ubuntu1) 15.2.0,Python 3.14.4; pandas 2.3.3; psutil 7.2.2,1,2026-08-18T19:38:21.609174+07:00,CaDiCaL,0,Xa(cache),3600,False,,True,False,fixed
GEOM20.col,20,20,25,1136,3679,OPTIMAL,21,0.00612864,0.0021294,0.00825804,51.10938,0,1,1,509f41020245d12b4e03b0c6681826c72245d1f3,False,08ed5ea76ef3bcb2228f4669162b3aa8c234de6a4dd75c3155a603919bc0167a,bc9dd2f34387090f83611022ed1b92c2e8cc6181b37baadbb75314f73aa6341c,/home/homulily/code/bcp-cpp/bcp /home/homulily/code/bcp-cpp/dataset/GEOM20.col 'Xa(cache)' -t 3600 --use-symmetry-breaking --width fixed,DESKTOP-RJQ30EQ,Linux-6.8.0-51-generic-x86_64-with-glibc2.39,c++ (Ubuntu 15.2.0-16ubuntu1) 15.2.0,Python 3.14.4; pandas 2.3.3; psutil 7.2.2,1,2026-08-18T19:38:21.700619+07:00,CaDiCaL,0,Xa(cache),3600,False,,True,False,fixed
GEOM20a.col,20,37,25,1298,4837,OPTIMAL,20,0.00986401,0.00401544,0.0138794,51.10938,0,1,1,509f41020245d12b4e03b0c6681826c72245d1f3,False,5fe086947cbc99c9630087a727d0c9fe00065a9c4f6d6ebea7115ab4a8c161fb,bc9dd2f34387090f83611022ed1b92c2e8cc6181b37baadbb75314f73aa6341c,/home/homulily/code/bcp-cpp/bcp /home/homulily/code/bcp-cpp/dataset/GEOM20a.col 'Xa(cache)' -t 3600 --use-symmetry-breaking --width fixed,DESKTOP-RJQ30EQ,Linux-6.8.0-51-generic-x86_64-with-glibc2.39,c++ (Ubuntu 15.2.0-16ubuntu1) 15.2.0,Python 3.14.4; pandas 2.3.3; psutil 7.2.2,1,2026-08-18T19:38:21.809311+07:00,CaDiCaL,0,Xa(cache),3600,False,,True,False,fixed
GEOM20b.col,20,32,17,715,2498,OPTIMAL,13,0.00460921,0.00153795,0.00614716,50.85938,0,1,1,509f41020245d12b4e03b0c6681826c72245d1f3,False,6be144806384554ada26f70be526ed0d42afb61a447cd96f826be5dbcf60288a,bc9dd2f34387090f83611022ed1b92c2e8cc6181b37baadbb75314f73aa6341c,/home/homulily/code/bcp-cpp/bcp /home/homulily/code/bcp-cpp/dataset/GEOM20b.col 'Xa(cache)' -t 3600 --use-symmetry-breaking --width fixed,DESKTOP-RJQ30EQ,Linux-6.8.0-51-generic-x86_64-with-glibc2.39,c++ (Ubuntu 15.2.0-16ubuntu1) 15.2.0,Python 3.14.4; pandas 2.3.3; psutil 7.2.2,1,2026-08-18T19:38:21.908989+07:00,CaDiCaL,0,Xa(cache),3600,False,,True,False,fixed
GEOM30.col,30,50,34,2629,10069,OPTIMAL,28,0.0228869,0.00623853,0.0291254,51.10938,0,1,1,509f41020245d12b4e03b0c6681826c72245d1f3,False,489bd893683e4c3672aba625abb2643d68f9c2a6d3776c9b26400831c548bd51,bc9dd2f34387090f83611022ed1b92c2e8cc6181b37baadbb75314f73aa6341c,/home/homulily/code/bcp-cpp/bcp /home/homulily/code/bcp-cpp/dataset/GEOM30.col 'Xa(cache)' -t 3600 --use-symmetry-breaking --width fixed,DESKTOP-RJQ30EQ,Linux-6.8.0-51-generic-x86_64-with-glibc2.39,c++ (Ubuntu 15.2.0-16ubuntu1) 15.2.0,Python 3.14.4; pandas 2.3.3; psutil 7.2.2,1,2026-08-18T19:38:22.041222+07:00,CaDiCaL,0,Xa(cache),3600,False,,True,False,fixed
GEOM30a.col,30,81,33,2887,12642,OPTIMAL,27,0.0280716,0.00688316,0.0349548,50.48438,0,1,1,509f41020245d12b4e03b0c6681826c72245d1f3,False,10bfa32a02f1c8633027611fc7eb773d3d5088d3bc49d1419471fc4ca266eca9,bc9dd2f34387090f83611022ed1b92c2e8cc6181b37baadbb75314f73aa6341c,/home/homulily/code/bcp-cpp/bcp /home/homulily/code/bcp-cpp/dataset/GEOM30a.col 'Xa(cache)' -t 3600 --use-symmetry-breaking --width fixed,DESKTOP-RJQ30EQ,Linux-6.8.0-51-generic-x86_64-with-glibc2.39,c++ (Ubuntu 15.2.0-16ubuntu1) 15.2.0,Python 3.14.4; pandas 2.3.3; psutil 7.2.2,1,2026-08-18T19:38:22.153480+07:00,CaDiCaL,0,Xa(cache),3600,False,,True,False,fixed
GEOM30b.col,30,81,28,2882,12332,OPTIMAL,26,0.0130187,0.00311045,0.0161292,51.04688,0,1,1,509f41020245d12b4e03b0c6681826c72245d1f3,False,41e7babfc1e85334f1653ee7e88e11a11b0065ce2d50a72a801b4b00cfe2330a,bc9dd2f34387090f83611022ed1b92c2e8cc6181b37baadbb75314f73aa6341c,/home/homulily/code/bcp-cpp/bcp /home/homulily/code/bcp-cpp/dataset/GEOM30b.col 'Xa(cache)' -t 3600 --use-symmetry-breaking --width fixed,DESKTOP-RJQ30EQ,Linux-6.8.0-51-generic-x86_64-with-glibc2.39,c++ (Ubuntu 15.2.0-16ubuntu1) 15.2.0,Python 3.14.4; pandas 2.3.3; psutil 7.2.2,1,2026-08-18T19:38:22.238601+07:00,CaDiCaL,0,Xa(cache),3600,False,,True,False,fixed
GEOM40.col,40,78,34,3775,14938,OPTIMAL,28,0.0339671,0.0131676,0.0471347,50.98438,0,1,1,509f41020245d12b4e03b0c6681826c72245d1f3,False,4968db2efd363df2b56fdfbab3c914f8100884884a68f0b07cbbc4e20aa1f192,bc9dd2f34387090f83611022ed1b92c2e8cc6181b37baadbb75314f73aa6341c,/home/homulily/code/bcp-cpp/bcp /home/homulily/code/bcp-cpp/dataset/GEOM40.col 'Xa(cache)' -t 3600 --use-symmetry-breaking --width fixed,DESKTOP-RJQ30EQ,Linux-6.8.0-51-generic-x86_64-with-glibc2.39,c++ (Ubuntu 15.2.0-16ubuntu1) 15.2.0,Python 3.14.4; pandas 2.3.3; psutil 7.2.2,1,2026-08-18T19:38:22.380721+07:00,CaDiCaL,0,Xa(cache),3600,False,,True,False,fixed
GEOM40a.col,40,146,51,5946,29002,OPTIMAL,37,0.139585,0.0409892,0.180574,66.09766,0,1,1,509f41020245d12b4e03b0c6681826c72245d1f3,False,0bd50dc07b7e234154a3f92e5d2cf1ac6ad83c47badf984a837587fe7c35ca6b,bc9dd2f34387090f83611022ed1b92c2e8cc6181b37baadbb75314f73aa6341c,/home/homulily/code/bcp-cpp/bcp /home/homulily/code/bcp-cpp/dataset/GEOM40a.col 'Xa(cache)' -t 3600 --use-symmetry-breaking --width fixed,DESKTOP-RJQ30EQ,Linux-6.8.0-51-generic-x86_64-with-glibc2.39,c++ (Ubuntu 15.2.0-16ubuntu1) 15.2.0,Python 3.14.4; pandas 2.3.3; psutil 7.2.2,1,2026-08-18T19:38:22.635272+07:00,CaDiCaL,0,Xa(cache),3600,False,,True,False,fixed
GEOM40b.col,40,157,41,5327,26326,OPTIMAL,33,0.0747417,0.0286995,0.103441,65.02734,0,1,1,509f41020245d12b4e03b0c6681826c72245d1f3,False,1ccb98f8f5e910eb9d4064ba5b23dff42c9067ecd2d40d0879250dbd16181ddf,bc9dd2f34387090f83611022ed1b92c2e8cc6181b37baadbb75314f73aa6341c,/home/homulily/code/bcp-cpp/bcp /home/homulily/code/bcp-cpp/dataset/GEOM40b.col 'Xa(cache)' -t 3600 --use-symmetry-breaking --width fixed,DESKTOP-RJQ30EQ,Linux-6.8.0-51-generic-x86_64-with-glibc2.39,c++ (Ubuntu 15.2.0-16ubuntu1) 15.2.0,Python 3.14.4; pandas 2.3.3; psutil 7.2.2,1,2026-08-18T19:38:22.861288+07:00,CaDiCaL,0,Xa(cache),3600,False,,True,False,fixed
GEOM50.col,50,127,37,5076,21500,OPTIMAL,28,0.0707995,0.0129875,0.083787,65.14844,0,1,1,509f41020245d12b4e03b0c6681826c72245d1f3,False,c584455fa3b51a54152148534733fdf90022ccefd515c1770417925f43ef5434,bc9dd2f34387090f83611022ed1b92c2e8cc6181b37baadbb75314f73aa6341c,/home/homulily/code/bcp-cpp/bcp /home/homulily/code/bcp-cpp/dataset/GEOM50.col 'Xa(cache)' -t 3600 --use-symmetry-breaking --width fixed,DESKTOP-RJQ30EQ,Linux-6.8.0-51-generic-x86_64-with-glibc2.39,c++ (Ubuntu 15.2.0-16ubuntu1) 15.2.0,Python 3.14.4; pandas 2.3.3; psutil 7.2.2,1,2026-08-18T19:38:23.045039+07:00,CaDiCaL,0,Xa(cache),3600,False,,True,False,fixed
GEOM50a.col,50,238,62,10796,59901,OPTIMAL,50,0.242576,0.41825,0.660825,75.12891,0,1,1,509f41020245d12b4e03b0c6681826c72245d1f3,False,09a35a2b65ed3e0dcd221ac73c5adb47901d19e134e9d9ce99d087c064f5b13b,bc9dd2f34387090f83611022ed1b92c2e8cc6181b37baadbb75314f73aa6341c,/home/homulily/code/bcp-cpp/bcp /home/homulily/code/bcp-cpp/dataset/GEOM50a.col 'Xa(cache)' -t 3600 --use-symmetry-breaking --width fixed,DESKTOP-RJQ30EQ,Linux-6.8.0-51-generic-x86_64-with-glibc2.39,c++ (Ubuntu 15.2.0-16ubuntu1) 15.2.0,Python 3.14.4; pandas 2.3.3; psutil 7.2.2,1,2026-08-18T19:38:23.855030+07:00,CaDiCaL,0,Xa(cache),3600,False,,True,False,fixed
GEOM50b.col,50,249,55,7649,40783,OPTIMAL,35,0.308435,0.134909,0.443344,70.31641,0,1,1,509f41020245d12b4e03b0c6681826c72245d1f3,False,7b21131c086e1fd406658aed26e1d79b31aa8f81bf25493c8658813e81076dca,bc9dd2f34387090f83611022ed1b92c2e8cc6181b37baadbb75314f73aa6341c,/home/homulily/code/bcp-cpp/bcp /home/homulily/code/bcp-cpp/dataset/GEOM50b.col 'Xa(cache)' -t 3600 --use-symmetry-breaking --width fixed,DESKTOP-RJQ30EQ,Linux-6.8.0-51-generic-x86_64-with-glibc2.39,c++ (Ubuntu 15.2.0-16ubuntu1) 15.2.0,Python 3.14.4; pandas 2.3.3; psutil 7.2.2,1,2026-08-18T19:38:24.464087+07:00,CaDiCaL,0,Xa(cache),3600,False,,True,False,fixed
GEOM60.col,60,185,37,7605,35172,OPTIMAL,33,0.0582806,0.0136196,0.0719002,51.10938,0,1,1,509f41020245d12b4e03b0c6681826c72245d1f3,False,9575aa95916bb0ddb24ac95ceb686ad79834715a8c3c97743905c76227ffa048,bc9dd2f34387090f83611022ed1b92c2e8cc6181b37baadbb75314f73aa6341c,/home/homulily/code/bcp-cpp/bcp /home/homulily/code/bcp-cpp/dataset/GEOM60.col 'Xa(cache)' -t 3600 --use-symmetry-breaking --width fixed,DESKTOP-RJQ30EQ,Linux-6.8.0-51-generic-x86_64-with-glibc2.39,c++ (Ubuntu 15.2.0-16ubuntu1) 15.2.0,Python 3.14.4; pandas 2.3.3; psutil 7.2.2,1,2026-08-18T19:38:24.665650+07:00,CaDiCaL,0,Xa(cache),3600,False,,True,False,fixed
GEOM60a.col,60,339,62,13316,78829,OPTIMAL,50,0.319051,0.711265,1.03032,85.19531,0,1,1,509f41020245d12b4e03b0c6681826c72245d1f3,False,c6266e394b59107ef80c14a3ed0d8dd4ae62c646238c8358f8080547a85fd68c,bc9dd2f34387090f83611022ed1b92c2e8cc6181b37baadbb75314f73aa6341c,/home/homulily/code/bcp-cpp/bcp /home/homulily/code/bcp-cpp/dataset/GEOM60a.col 'Xa(cache)' -t 3600 --use-symmetry-breaking --width fixed,DESKTOP-RJQ30EQ,Linux-6.8.0-51-generic-x86_64-with-glibc2.39,c++ (Ubuntu 15.2.0-16ubuntu1) 15.2.0,Python 3.14.4; pandas 2.3.3; psutil 7.2.2,1,2026-08-18T19:38:25.761449+07:00,CaDiCaL,0,Xa(cache),3600,False,,True,False,fixed
GEOM60b.col,60,366,64,11262,66105,OPTIMAL,41,0.559579,1.18778,1.74736,82.66406,0,1,1,509f41020245d12b4e03b0c6681826c72245d1f3,False,8305498f1acbb0e13fc3e5b6756eebb72600bd69b237f5d836248a8d8e040f76,bc9dd2f34387090f83611022ed1b92c2e8cc6181b37baadbb75314f73aa6341c,/home/homulily/code/bcp-cpp/bcp /home/homulily/code/bcp-cpp/dataset/GEOM60b.col 'Xa(cache)' -t 3600 --use-symmetry-breaking --width fixed,DESKTOP-RJQ30EQ,Linux-6.8.0-51-generic-x86_64-with-glibc2.39,c++ (Ubuntu 15.2.0-16ubuntu1) 15.2.0,Python 3.14.4; pandas 2.3.3; psutil 7.2.2,1,2026-08-18T19:38:27.625058+07:00,CaDiCaL,0,Xa(cache),3600,False,,True,False,fixed
GEOM70.col,70,267,45,11305,55353,OPTIMAL,38,0.141565,0.0624793,0.204045,71.3125,0,1,1,509f41020245d12b4e03b0c6681826c72245d1f3,False,6709158dd6a0c24605665511d543798f2cda198fb9b943c841d842af483b8b5f,bc9dd2f34387090f83611022ed1b92c2e8cc6181b37baadbb75314f73aa6341c,/home/homulily/code/bcp-cpp/bcp /home/homulily/code/bcp-cpp/dataset/GEOM70.col 'Xa(cache)' -t 3600 --use-symmetry-breaking --width fixed,DESKTOP-RJQ30EQ,Linux-6.8.0-51-generic-x86_64-with-glibc2.39,c++ (Ubuntu 15.2.0-16ubuntu1) 15.2.0,Python 3.14.4; pandas 2.3.3; psutil 7.2.2,1,2026-08-18T19:38:27.942254+07:00,CaDiCaL,0,Xa(cache),3600,False,,True,False,fixed
GEOM70a.col,70,459,73,19927,126019,OPTIMAL,61,0.523646,2.65488,3.17853,97.19922,0,1,1,509f41020245d12b4e03b0c6681826c72245d1f3,False,e256a1a0b8f2637a931d35ffacdb28b715bcafa769a4bbedc21eb991683d0a40,bc9dd2f34387090f83611022ed1b92c2e8cc6181b37baadbb75314f73aa6341c,/home/homulily/code/bcp-cpp/bcp /home/homulily/code/bcp-cpp/dataset/GEOM70a.col 'Xa(cache)' -t 3600 --use-symmetry-breaking --width fixed,DESKTOP-RJQ30EQ,Linux-6.8.0-51-generic-x86_64-with-glibc2.39,c++ (Ubuntu 15.2.0-16ubuntu1) 15.2.0,Python 3.14.4; pandas 2.3.3; psutil 7.2.2,1,2026-08-18T19:38:31.277081+07:00,CaDiCaL,0,Xa(cache),3600,False,,True,False,fixed
GEOM70b.col,70,488,77,15819,97234,OPTIMAL,47,1.12285,4.07227,5.19512,93.35938,0,1,1,509f41020245d12b4e03b0c6681826c72245d1f3,False,50b43cacfa298b2c9f4c05ca437a5559b357c8348aa59226bf3c2fd9b98b03b8,bc9dd2f34387090f83611022ed1b92c2e8cc6181b37baadbb75314f73aa6341c,/home/homulily/code/bcp-cpp/bcp /home/homulily/code/bcp-cpp/dataset/GEOM70b.col 'Xa(cache)' -t 3600 --use-symmetry-breaking --width fixed,DESKTOP-RJQ30EQ,Linux-6.8.0-51-generic-x86_64-with-glibc2.39,c++ (Ubuntu 15.2.0-16ubuntu1) 15.2.0,Python 3.14.4; pandas 2.3.3; psutil 7.2.2,1,2026-08-18T19:38:36.737324+07:00,CaDiCaL,0,Xa(cache),3600,False,,True,False,fixed
GEOM80.col,80,349,55,14073,73627,OPTIMAL,41,0.371206,0.0787673,0.449973,78.76562,0,1,1,509f41020245d12b4e03b0c6681826c72245d1f3,False,46454b38ff8d83fe0020c6f3e5408c0ca37e868bc79f74749c4a8e555730df9c,bc9dd2f34387090f83611022ed1b92c2e8cc6181b37baadbb75314f73aa6341c,/home/homulily/code/bcp-cpp/bcp /home/homulily/code/bcp-cpp/dataset/GEOM80.col 'Xa(cache)' -t 3600 --use-symmetry-breaking --width fixed,DESKTOP-RJQ30EQ,Linux-6.8.0-51-generic-x86_64-with-glibc2.39,c++ (Ubuntu 15.2.0-16ubuntu1) 15.2.0,Python 3.14.4; pandas 2.3.3; psutil 7.2.2,1,2026-08-18T19:38:37.310886+07:00,CaDiCaL,0,Xa(cache),3600,False,,True,False,fixed
GEOM80a.col,80,612,80,24839,165338,OPTIMAL,63,0.979841,6.10979,7.08963,107.99609,0,1,1,509f41020245d12b4e03b0c6681826c72245d1f3,False,f8cd1c510008df8e302411facc59a809be027620b27f632f811c1c94c76d78c9,bc9dd2f34387090f83611022ed1b92c2e8cc6181b37baadbb75314f73aa6341c,/home/homulily/code/bcp-cpp/bcp /home/homulily/code/bcp-cpp/dataset/GEOM80a.col 'Xa(cache)' -t 3600 --use-symmetry-breaking --width fixed,DESKTOP-RJQ30EQ,Linux-6.8.0-51-generic-x86_64-with-glibc2.39,c++ (Ubuntu 15.2.0-16ubuntu1) 15.2.0,Python 3.14.4; pandas 2.3.3; psutil 7.2.2,1,2026-08-18T19:38:44.650802+07:00,CaDiCaL,0,Xa(cache),3600,False,,True,False,fixed
GEOM80b.col,80,663,99,23939,162865,OPTIMAL,60,2.59743,9.41367,12.0111,119.28125,0,1,1,509f41020245d12b4e03b0c6681826c72245d1f3,False,a8dcc40cfc8d87903196406f815c4d512a7c68e3e966538768a0601bfac7d301,bc9dd2f34387090f83611022ed1b92c2e8cc6181b37baadbb75314f73aa6341c,/home/homulily/code/bcp-cpp/bcp /home/homulily/code/bcp-cpp/dataset/GEOM80b.col 'Xa(cache)' -t 3600 --use-symmetry-breaking --width fixed,DESKTOP-RJQ30EQ,Linux-6.8.0-51-generic-x86_64-with-glibc2.39,c++ (Ubuntu 15.2.0-16ubuntu1) 15.2.0,Python 3.14.4; pandas 2.3.3; psutil 7.2.2,1,2026-08-18T19:38:57.070035+07:00,CaDiCaL,0,Xa(cache),3600,False,,True,False,fixed
GEOM90.col,90,441,55,18868,100962,OPTIMAL,46,0.325493,0.174846,0.500338,84.40234,0,1,1,509f41020245d12b4e03b0c6681826c72245d1f3,False,8b99774b70737296ed7b4c8a3ad9ec1827182467166c5e7c93a1c2117473f7cf,bc9dd2f34387090f83611022ed1b92c2e8cc6181b37baadbb75314f73aa6341c,/home/homulily/code/bcp-cpp/bcp /home/homulily/code/bcp-cpp/dataset/GEOM90.col 'Xa(cache)' -t 3600 --use-symmetry-breaking --width fixed,DESKTOP-RJQ30EQ,Linux-6.8.0-51-generic-x86_64-with-glibc2.39,c++ (Ubuntu 15.2.0-16ubuntu1) 15.2.0,Python 3.14.4; pandas 2.3.3; psutil 7.2.2,1,2026-08-18T19:38:57.731351+07:00,CaDiCaL,0,Xa(cache),3600,False,,True,False,fixed
GEOM90a.col,90,789,81,28671,201569,OPTIMAL,63,1.27459,12.1636,13.4382,119.59766,0,1,1,509f41020245d12b4e03b0c6681826c72245d1f3,False,254a4ba130fad8005c03d2288438d16ff5c3768cb05ebe3b37929f9f3247a1df,bc9dd2f34387090f83611022ed1b92c2e8cc6181b37baadbb75314f73aa6341c,/home/homulily/code/bcp-cpp/bcp /home/homulily/code/bcp-cpp/dataset/GEOM90a.col 'Xa(cache)' -t 3600 --use-symmetry-breaking --width fixed,DESKTOP-RJQ30EQ,Linux-6.8.0-51-generic-x86_64-with-glibc2.39,c++ (Ubuntu 15.2.0-16ubuntu1) 15.2.0,Python 3.14.4; pandas 2.3.3; psutil 7.2.2,1,2026-08-18T19:39:11.407224+07:00,CaDiCaL,0,Xa(cache),3600,False,,True,False,fixed
GEOM90b.col,90,860,110,31910,234237,OPTIMAL,69,3.93067,55.3853,59.316,139.00391,0,1,1,509f41020245d12b4e03b0c6681826c72245d1f3,False,e293687b9c36702121066f37ac02cf4e8901dbaa3fd5ba7e864b0e00ba74fac3,bc9dd2f34387090f83611022ed1b92c2e8cc6181b37baadbb75314f73aa6341c,/home/homulily/code/bcp-cpp/bcp /home/homulily/code/bcp-cpp/dataset/GEOM90b.col 'Xa(cache)' -t 3600 --use-symmetry-breaking --width fixed,DESKTOP-RJQ30EQ,Linux-6.8.0-51-generic-x86_64-with-glibc2.39,c++ (Ubuntu 15.2.0-16ubuntu1) 15.2.0,Python 3.14.4; pandas 2.3.3; psutil 7.2.2,1,2026-08-18T19:40:11.394331+07:00,CaDiCaL,0,Xa(cache),3600,False,,True,False,fixed
c21_1_d1.col,21,102,8,231,930,OPTIMAL,7,0.00104238,0.00223593,0.0032783,50.73438,0,1,1,509f41020245d12b4e03b0c6681826c72245d1f3,False,f838258c4c693e09ad2cc97943c674fc5b2ee14e0f97961fdfdeb239b8436773,bc9dd2f34387090f83611022ed1b92c2e8cc6181b37baadbb75314f73aa6341c,/home/homulily/code/bcp-cpp/bcp /home/homulily/code/bcp-cpp/dataset/c21_1_d1.col 'Xa(cache)' -t 3600 --use-symmetry-breaking --width fixed,DESKTOP-RJQ30EQ,Linux-6.8.0-51-generic-x86_64-with-glibc2.39,c++ (Ubuntu 15.2.0-16ubuntu1) 15.2.0,Python 3.14.4; pandas 2.3.3; psutil 7.2.2,1,2026-08-18T19:40:11.484548+07:00,CaDiCaL,0,Xa(cache),3600,False,,True,False,fixed
c21_1_d2.col,21,102,8,231,930,OPTIMAL,7,0.000995089,0.00199706,0.00299214,50.92578,0,1,1,509f41020245d12b4e03b0c6681826c72245d1f3,False,17ff4bba73f02ee89dd3d91ccbca1a01ac0062c8872237c8916bc44590d256d5,bc9dd2f34387090f83611022ed1b92c2e8cc6181b37baadbb75314f73aa6341c,/home/homulily/code/bcp-cpp/bcp /home/homulily/code/bcp-cpp/dataset/c21_1_d2.col 'Xa(cache)' -t 3600 --use-symmetry-breaking --width fixed,DESKTOP-RJQ30EQ,Linux-6.8.0-51-generic-x86_64-with-glibc2.39,c++ (Ubuntu 15.2.0-16ubuntu1) 15.2.0,Python 3.14.4; pandas 2.3.3; psutil 7.2.2,1,2026-08-18T19:40:11.588370+07:00,CaDiCaL,0,Xa(cache),3600,False,,True,False,fixed
c21_2_d1.col,21,102,12,357,2054,OPTIMAL,9,0.00305651,0.00194299,0.0049995,51.11328,0,1,1,509f41020245d12b4e03b0c6681826c72245d1f3,False,bc5ff196032b38d098ccbb833a33557f397c0d16b5f8a281ddda8141f182fab6,bc9dd2f34387090f83611022ed1b92c2e8cc6181b37baadbb75314f73aa6341c,/home/homulily/code/bcp-cpp/bcp /home/homulily/code/bcp-cpp/dataset/c21_2_d1.col 'Xa(cache)' -t 3600 --use-symmetry-breaking --width fixed,DESKTOP-RJQ30EQ,Linux-6.8.0-51-generic-x86_64-with-glibc2.39,c++ (Ubuntu 15.2.0-16ubuntu1) 15.2.0,Python 3.14.4; pandas 2.3.3; psutil 7.2.2,1,2026-08-18T19:40:11.696211+07:00,CaDiCaL,0,Xa(cache),3600,False,,True,False,fixed
c21_2_d2.col,21,102,12,357,2054,OPTIMAL,9,0.00309649,0.00181286,0.00490935,51.11328,0,1,1,509f41020245d12b4e03b0c6681826c72245d1f3,False,357f7cf6535a13a2109dbf9d363efff9cc6e0038fccf653c1dafc7e92e00fe01,bc9dd2f34387090f83611022ed1b92c2e8cc6181b37baadbb75314f73aa6341c,/home/homulily/code/bcp-cpp/bcp /home/homulily/code/bcp-cpp/dataset/c21_2_d2.col 'Xa(cache)' -t 3600 --use-symmetry-breaking --width fixed,DESKTOP-RJQ30EQ,Linux-6.8.0-51-generic-x86_64-with-glibc2.39,c++ (Ubuntu 15.2.0-16ubuntu1) 15.2.0,Python 3.14.4; pandas 2.3.3; psutil 7.2.2,1,2026-08-18T19:40:11.803379+07:00,CaDiCaL,0,Xa(cache),3600,False,,True,False,fixed
c21_3_d1.col,21,102,8,231,930,OPTIMAL,7,0.000932768,0.00200292,0.00293569,51.11328,0,1,1,509f41020245d12b4e03b0c6681826c72245d1f3,False,2765b742e9eb99580ca620c1af200f5de170405ca0f8ef34101dec9696c2f9ee,bc9dd2f34387090f83611022ed1b92c2e8cc6181b37baadbb75314f73aa6341c,/home/homulily/code/bcp-cpp/bcp /home/homulily/code/bcp-cpp/dataset/c21_3_d1.col 'Xa(cache)' -t 3600 --use-symmetry-breaking --width fixed,DESKTOP-RJQ30EQ,Linux-6.8.0-51-generic-x86_64-with-glibc2.39,c++ (Ubuntu 15.2.0-16ubuntu1) 15.2.0,Python 3.14.4; pandas 2.3.3; psutil 7.2.2,1,2026-08-18T19:40:11.907856+07:00,CaDiCaL,0,Xa(cache),3600,False,,True,False,fixed
c21_3_d2.col,21,102,8,231,930,OPTIMAL,7,0.0010014,0.0019818,0.0029832,50.80078,0,1,1,509f41020245d12b4e03b0c6681826c72245d1f3,False,5274c4b0e9751b679b2b38ab34627c4d1eca543d53c9c4086f61ec64f8ee1c6f,bc9dd2f34387090f83611022ed1b92c2e8cc6181b37baadbb75314f73aa6341c,/home/homulily/code/bcp-cpp/bcp /home/homulily/code/bcp-cpp/dataset/c21_3_d2.col 'Xa(cache)' -t 3600 --use-symmetry-breaking --width fixed,DESKTOP-RJQ30EQ,Linux-6.8.0-51-generic-x86_64-with-glibc2.39,c++ (Ubuntu 15.2.0-16ubuntu1) 15.2.0,Python 3.14.4; pandas 2.3.3; psutil 7.2.2,1,2026-08-18T19:40:12.012427+07:00,CaDiCaL,0,Xa(cache),3600,False,,True,False,fixed
c21_4_d1.col,21,102,12,357,2054,OPTIMAL,9,0.00302909,0.0019418,0.00497089,50.92578,0,1,1,509f41020245d12b4e03b0c6681826c72245d1f3,False,19dd5b83496200f38741c1f02f9fc646d0eae6d2a435789be0650d1e3455d42b,bc9dd2f34387090f83611022ed1b92c2e8cc6181b37baadbb75314f73aa6341c,/home/homulily/code/bcp-cpp/bcp /home/homulily/code/bcp-cpp/dataset/c21_4_d1.col 'Xa(cache)' -t 3600 --use-symmetry-breaking --width fixed,DESKTOP-RJQ30EQ,Linux-6.8.0-51-generic-x86_64-with-glibc2.39,c++ (Ubuntu 15.2.0-16ubuntu1) 15.2.0,Python 3.14.4; pandas 2.3.3; psutil 7.2.2,1,2026-08-18T19:40:12.121683+07:00,CaDiCaL,0,Xa(cache),3600,False,,True,False,fixed
c21_4_d2.col,21,102,12,357,2054,OPTIMAL,9,0.00306811,0.0018624,0.00493051,51.11328,0,1,1,509f41020245d12b4e03b0c6681826c72245d1f3,False,dcae409f3fa775f5d64e2a1c13109513f71b4261ac6646fa06061715bb34c40c,bc9dd2f34387090f83611022ed1b92c2e8cc6181b37baadbb75314f73aa6341c,/home/homulily/code/bcp-cpp/bcp /home/homulily/code/bcp-cpp/dataset/c21_4_d2.col 'Xa(cache)' -t 3600 --use-symmetry-breaking --width fixed,DESKTOP-RJQ30EQ,Linux-6.8.0-51-generic-x86_64-with-glibc2.39,c++ (Ubuntu 15.2.0-16ubuntu1) 15.2.0,Python 3.14.4; pandas 2.3.3; psutil 7.2.2,1,2026-08-18T19:40:12.228318+07:00,CaDiCaL,0,Xa(cache),3600,False,,True,False,fixed
c21_5_d1.col,21,102,8,231,930,OPTIMAL,7,0.000937462,0.00194534,0.0028828,51.11328,0,1,1,509f41020245d12b4e03b0c6681826c72245d1f3,False,9b48d14af7b6c13caa07b34bb084a2f18f2bbe1f27e4357c5d1d30b214e43ba0,bc9dd2f34387090f83611022ed1b92c2e8cc6181b37baadbb75314f73aa6341c,/home/homulily/code/bcp-cpp/bcp /home/homulily/code/bcp-cpp/dataset/c21_5_d1.col 'Xa(cache)' -t 3600 --use-symmetry-breaking --width fixed,DESKTOP-RJQ30EQ,Linux-6.8.0-51-generic-x86_64-with-glibc2.39,c++ (Ubuntu 15.2.0-16ubuntu1) 15.2.0,Python 3.14.4; pandas 2.3.3; psutil 7.2.2,1,2026-08-18T19:40:12.332681+07:00,CaDiCaL,0,Xa(cache),3600,False,,True,False,fixed
c21_5_d2.col,21,102,8,231,930,OPTIMAL,7,0.000991346,0.00201321,0.00300455,51.11328,0,1,1,509f41020245d12b4e03b0c6681826c72245d1f3,False,bfa272eb474be3d829f6ae72dc0b350e3cc16cae91bd5b0268f9d7d42e029bdf,bc9dd2f34387090f83611022ed1b92c2e8cc6181b37baadbb75314f73aa6341c,/home/homulily/code/bcp-cpp/bcp /home/homulily/code/bcp-cpp/dataset/c21_5_d2.col 'Xa(cache)' -t 3600 --use-symmetry-breaking --width fixed,DESKTOP-RJQ30EQ,Linux-6.8.0-51-generic-x86_64-with-glibc2.39,c++ (Ubuntu 15.2.0-16ubuntu1) 15.2.0,Python 3.14.4; pandas 2.3.3; psutil 7.2.2,1,2026-08-18T19:40:12.439772+07:00,CaDiCaL,0,Xa(cache),3600,False,,True,False,fixed
c21_6_d1.col,21,102,12,357,2054,OPTIMAL,9,0.00305235,0.00190959,0.00496194,51.11328,0,1,1,509f41020245d12b4e03b0c6681826c72245d1f3,False,67f709a59420aa411b280438ae2a69559cb89dbc2a475e7237b5ff6beb322fc2,bc9dd2f34387090f83611022ed1b92c2e8cc6181b37baadbb75314f73aa6341c,/home/homulily/code/bcp-cpp/bcp /home/homulily/code/bcp-cpp/dataset/c21_6_d1.col 'Xa(cache)' -t 3600 --use-symmetry-breaking --width fixed,DESKTOP-RJQ30EQ,Linux-6.8.0-51-generic-x86_64-with-glibc2.39,c++ (Ubuntu 15.2.0-16ubuntu1) 15.2.0,Python 3.14.4; pandas 2.3.3; psutil 7.2.2,1,2026-08-18T19:40:12.548881+07:00,CaDiCaL,0,Xa(cache),3600,False,,True,False,fixed
c21_6_d2.col,21,102,12,357,2054,OPTIMAL,9,0.00304998,0.00186211,0.00491209,50.98828,0,1,1,509f41020245d12b4e03b0c6681826c72245d1f3,False,75ba8238057f4be94630617bff4cf631976862699cffdb81bcbe628b6f5af066,bc9dd2f34387090f83611022ed1b92c2e8cc6181b37baadbb75314f73aa6341c,/home/homulily/code/bcp-cpp/bcp /home/homulily/code/bcp-cpp/dataset/c21_6_d2.col 'Xa(cache)' -t 3600 --use-symmetry-breaking --width fixed,DESKTOP-RJQ30EQ,Linux-6.8.0-51-generic-x86_64-with-glibc2.39,c++ (Ubuntu 15.2.0-16ubuntu1) 15.2.0,Python 3.14.4; pandas 2.3.3; psutil 7.2.2,1,2026-08-18T19:40:12.651159+07:00,CaDiCaL,0,Xa(cache),3600,False,,True,False,fixed
c21_7_d1.col,21,102,8,231,930,OPTIMAL,7,0.000928538,0.00204789,0.00297643,51.11328,0,1,1,509f41020245d12b4e03b0c6681826c72245d1f3,False,a5740086f18083fcf131d5f89bf75b7673b05dfb0366edb4c45fca95b2789986,bc9dd2f34387090f83611022ed1b92c2e8cc6181b37baadbb75314f73aa6341c,/home/homulily/code/bcp-cpp/bcp /home/homulily/code/bcp-cpp/dataset/c21_7_d1.col 'Xa(cache)' -t 3600 --use-symmetry-breaking --width fixed,DESKTOP-RJQ30EQ,Linux-6.8.0-51-generic-x86_64-with-glibc2.39,c++ (Ubuntu 15.2.0-16ubuntu1) 15.2.0,Python 3.14.4; pandas 2.3.3; psutil 7.2.2,1,2026-08-18T19:40:12.751485+07:00,CaDiCaL,0,Xa(cache),3600,False,,True,False,fixed
c21_7_d2.col,21,102,8,231,930,OPTIMAL,7,0.000995521,0.00197486,0.00297039,50.98828,0,1,1,509f41020245d12b4e03b0c6681826c72245d1f3,False,ac84b1b113bb6b57a70caec3bc248b94cc90c0bb1186f65645d78821eb05adbd,bc9dd2f34387090f83611022ed1b92c2e8cc6181b37baadbb75314f73aa6341c,/home/homulily/code/bcp-cpp/bcp /home/homulily/code/bcp-cpp/dataset/c21_7_d2.col 'Xa(cache)' -t 3600 --use-symmetry-breaking --width fixed,DESKTOP-RJQ30EQ,Linux-6.8.0-51-generic-x86_64-with-glibc2.39,c++ (Ubuntu 15.2.0-16ubuntu1) 15.2.0,Python 3.14.4; pandas 2.3.3; psutil 7.2.2,1,2026-08-18T19:40:12.859174+07:00,CaDiCaL,0,Xa(cache),3600,False,,True,False,fixed
c21_8_d1.col,21,102,12,357,2054,OPTIMAL,9,0.00303207,0.00182294,0.00485501,51.11328,0,1,1,509f41020245d12b4e03b0c6681826c72245d1f3,False,bb8a14faad6327dbd85291090c1bdb4c5568aa8d9d5a7bd53c8654f3ab113224,bc9dd2f34387090f83611022ed1b92c2e8cc6181b37baadbb75314f73aa6341c,/home/homulily/code/bcp-cpp/bcp /home/homulily/code/bcp-cpp/dataset/c21_8_d1.col 'Xa(cache)' -t 3600 --use-symmetry-breaking --width fixed,DESKTOP-RJQ30EQ,Linux-6.8.0-51-generic-x86_64-with-glibc2.39,c++ (Ubuntu 15.2.0-16ubuntu1) 15.2.0,Python 3.14.4; pandas 2.3.3; psutil 7.2.2,1,2026-08-18T19:40:12.968870+07:00,CaDiCaL,0,Xa(cache),3600,False,,True,False,fixed
c21_8_d2.col,21,102,12,357,2054,OPTIMAL,9,0.00305248,0.00180525,0.00485773,51.11328,0,1,1,509f41020245d12b4e03b0c6681826c72245d1f3,False,f5ba7310979dcec808371e784a264f60b7a9480e3c89e6597cce412caf40d991,bc9dd2f34387090f83611022ed1b92c2e8cc6181b37baadbb75314f73aa6341c,/home/homulily/code/bcp-cpp/bcp /home/homulily/code/bcp-cpp/dataset/c21_8_d2.col 'Xa(cache)' -t 3600 --use-symmetry-breaking --width fixed,DESKTOP-RJQ30EQ,Linux-6.8.0-51-generic-x86_64-with-glibc2.39,c++ (Ubuntu 15.2.0-16ubuntu1) 15.2.0,Python 3.14.4; pandas 2.3.3; psutil 7.2.2,1,2026-08-18T19:40:13.074928+07:00,CaDiCaL,0,Xa(cache),3600,False,,True,False,fixed
c25_1_d3.col,25,134,8,325,1391,OPTIMAL,8,0.00083748,0.038212,0.0390495,51.11328,0,1,1,509f41020245d12b4e03b0c6681826c72245d1f3,False,1ea6804dc4a8d52338e7935ca90ec544a6f93a27cd092508d5f2a4a4309660a3,bc9dd2f34387090f83611022ed1b92c2e8cc6181b37baadbb75314f73aa6341c,/home/homulily/code/bcp-cpp/bcp /home/homulily/code/bcp-cpp/dataset/c25_1_d3.col 'Xa(cache)' -t 3600 --use-symmetry-breaking --width fixed,DESKTOP-RJQ30EQ,Linux-6.8.0-51-generic-x86_64-with-glibc2.39,c++ (Ubuntu 15.2.0-16ubuntu1) 15.2.0,Python 3.14.4; pandas 2.3.3; psutil 7.2.2,1,2026-08-18T19:40:13.215842+07:00,CaDiCaL,0,Xa(cache),3600,False,,True,False,fixed
c25_1_d4.col,25,134,8,325,1391,OPTIMAL,8,0.000836661,0.0386349,0.0394715,51.11328,0,1,1,509f41020245d12b4e03b0c6681826c72245d1f3,False,eff8f52de9e723400f83c97d0ec2abe45e41b6038672e20a4a4081e4715aca85,bc9dd2f34387090f83611022ed1b92c2e8cc6181b37baadbb75314f73aa6341c,/home/homulily/code/bcp-cpp/bcp /home/homulily/code/bcp-cpp/dataset/c25_1_d4.col 'Xa(cache)' -t 3600 --use-symmetry-breaking --width fixed,DESKTOP-RJQ30EQ,Linux-6.8.0-51-generic-x86_64-with-glibc2.39,c++ (Ubuntu 15.2.0-16ubuntu1) 15.2.0,Python 3.14.4; pandas 2.3.3; psutil 7.2.2,1,2026-08-18T19:40:13.322977+07:00,CaDiCaL,0,Xa(cache),3600,False,,True,False,fixed
c55_1_d1.col,55,362,9,605,3000,OPTIMAL,7,0.00408868,0.00468659,0.00877527,50.30078,0,1,1,509f41020245d12b4e03b0c6681826c72245d1f3,False,483fac5e0df65a27f7312e2883f8f90c17f26d3a7bdd50c333212ca635e3f2e6,bc9dd2f34387090f83611022ed1b92c2e8cc6181b37baadbb75314f73aa6341c,/home/homulily/code/bcp-cpp/bcp /home/homulily/code/bcp-cpp/dataset/c55_1_d1.col 'Xa(cache)' -t 3600 --use-symmetry-breaking --width fixed,DESKTOP-RJQ30EQ,Linux-6.8.0-51-generic-x86_64-with-glibc2.39,c++ (Ubuntu 15.2.0-16ubuntu1) 15.2.0,Python 3.14.4; pandas 2.3.3; psutil 7.2.2,1,2026-08-18T19:40:13.398056+07:00,CaDiCaL,0,Xa(cache),3600,False,,True,False,fixed
c55_2_d2.col,55,362,9,605,3000,OPTIMAL,7,0.00406675,0.00466044,0.00872719,51.11328,0,1,1,509f41020245d12b4e03b0c6681826c72245d1f3,False,7b0078b893aeb838a0f5f0b3ece5f1505f2c0981a98c59561af4c69742a59ad6,bc9dd2f34387090f83611022ed1b92c2e8cc6181b37baadbb75314f73aa6341c,/home/homulily/code/bcp-cpp/bcp /home/homulily/code/bcp-cpp/dataset/c55_2_d2.col 'Xa(cache)' -t 3600 --use-symmetry-breaking --width fixed,DESKTOP-RJQ30EQ,Linux-6.8.0-51-generic-x86_64-with-glibc2.39,c++ (Ubuntu 15.2.0-16ubuntu1) 15.2.0,Python 3.14.4; pandas 2.3.3; psutil 7.2.2,1,2026-08-18T19:40:13.505308+07:00,CaDiCaL,0,Xa(cache),3600,False,,True,False,fixed
GEOM100.col,100,547,65,22954,131361,OPTIMAL,50,0.72403,0.990501,1.71453,101.39844,0,1,2,509f41020245d12b4e03b0c6681826c72245d1f3,False,91be09009a797c20a68cfb43f78cb01019c2cfdb8915d86e640e95938c315b19,bc9dd2f34387090f83611022ed1b92c2e8cc6181b37baadbb75314f73aa6341c,/home/homulily/code/bcp-cpp/bcp /home/homulily/code/bcp-cpp/dataset/GEOM100.col 'Xa(cache)' -t 3600 --use-symmetry-breaking --width fixed,DESKTOP-RJQ30EQ,Linux-6.8.0-51-generic-x86_64-with-glibc2.39,c++ (Ubuntu 15.2.0-16ubuntu1) 15.2.0,Python 3.14.4; pandas 2.3.3; psutil 7.2.2,1,2026-08-18T19:40:15.425863+07:00,CaDiCaL,0,Xa(cache),3600,False,,True,False,fixed
GEOM100a.col,100,992,92,34236,256008,OPTIMAL,66,2.52684,183.463,185.99,162.00781,0,1,2,509f41020245d12b4e03b0c6681826c72245d1f3,False,630c8dde843161518427f8d7ef92d9d1373781a7e028e2918c0070a86261b0f7,bc9dd2f34387090f83611022ed1b92c2e8cc6181b37baadbb75314f73aa6341c,/home/homulily/code/bcp-cpp/bcp /home/homulily/code/bcp-cpp/dataset/GEOM100a.col 'Xa(cache)' -t 3600 --use-symmetry-breaking --width fixed,DESKTOP-RJQ30EQ,Linux-6.8.0-51-generic-x86_64-with-glibc2.39,c++ (Ubuntu 15.2.0-16ubuntu1) 15.2.0,Python 3.14.4; pandas 2.3.3; psutil 7.2.2,1,2026-08-18T19:43:21.867454+07:00,CaDiCaL,0,Xa(cache),3600,False,,True,False,fixed
GEOM100b.col,100,1050,122,37303,285354,OPTIMAL,71,6.36685,153.106,159.473,158.39844,0,1,2,509f41020245d12b4e03b0c6681826c72245d1f3,False,14092a37b220ef17894222b959c735f68203286fc653930904fe5f13c3741ce5,bc9dd2f34387090f83611022ed1b92c2e8cc6181b37baadbb75314f73aa6341c,/home/homulily/code/bcp-cpp/bcp /home/homulily/code/bcp-cpp/dataset/GEOM100b.col 'Xa(cache)' -t 3600 --use-symmetry-breaking --width fixed,DESKTOP-RJQ30EQ,Linux-6.8.0-51-generic-x86_64-with-glibc2.39,c++ (Ubuntu 15.2.0-16ubuntu1) 15.2.0,Python 3.14.4; pandas 2.3.3; psutil 7.2.2,1,2026-08-18T19:46:02.351521+07:00,CaDiCaL,0,Xa(cache),3600,False,,True,False,fixed
GEOM110.col,110,638,65,25626,149802,OPTIMAL,50,0.824325,1.39529,2.21962,107.73438,0,1,2,509f41020245d12b4e03b0c6681826c72245d1f3,False,2c127a146238aee20765edfcc35a16dc2fd856e5577bfe6afdc859b7dcaddb49,bc9dd2f34387090f83611022ed1b92c2e8cc6181b37baadbb75314f73aa6341c,/home/homulily/code/bcp-cpp/bcp /home/homulily/code/bcp-cpp/dataset/GEOM110.col 'Xa(cache)' -t 3600 --use-symmetry-breaking --width fixed,DESKTOP-RJQ30EQ,Linux-6.8.0-51-generic-x86_64-with-glibc2.39,c++ (Ubuntu 15.2.0-16ubuntu1) 15.2.0,Python 3.14.4; pandas 2.3.3; psutil 7.2.2,1,2026-08-18T19:46:04.810825+07:00,CaDiCaL,0,Xa(cache),3600,False,,True,False,fixed
GEOM110a.col,110,1207,110,39551,315176,OPTIMAL,69,5.27505,199.702,204.977,174.22656,0,1,2,509f41020245d12b4e03b0c6681826c72245d1f3,False,9c37e408d641c20a1fc834cdfa27c50a49e532300506da93442ee8f07c8f7d3c,bc9dd2f34387090f83611022ed1b92c2e8cc6181b37baadbb75314f73aa6341c,/home/homulily/code/bcp-cpp/bcp /home/homulily/code/bcp-cpp/dataset/GEOM110a.col 'Xa(cache)' -t 3600 --use-symmetry-breaking --width fixed,DESKTOP-RJQ30EQ,Linux-6.8.0-51-generic-x86_64-with-glibc2.39,c++ (Ubuntu 15.2.0-16ubuntu1) 15.2.0,Python 3.14.4; pandas 2.3.3; psutil 7.2.2,1,2026-08-18T19:49:30.650360+07:00,CaDiCaL,0,Xa(cache),3600,False,,True,False,fixed
GEOM110b.col,110,1256,122,44888,361219,OPTIMAL,77,6.77083,811.244,818.014,203.85156,0,1,2,509f41020245d12b4e03b0c6681826c72245d1f3,False,aea172a16bc42de0504b35909d35fce000ded1613c496d28ea719a2d44ba7c51,bc9dd2f34387090f83611022ed1b92c2e8cc6181b37baadbb75314f73aa6341c,/home/homulily/code/bcp-cpp/bcp /home/homulily/code/bcp-cpp/dataset/GEOM110b.col 'Xa(cache)' -t 3600 --use-symmetry-breaking --width fixed,DESKTOP-RJQ30EQ,Linux-6.8.0-51-generic-x86_64-with-glibc2.39,c++ (Ubuntu 15.2.0-16ubuntu1) 15.2.0,Python 3.14.4; pandas 2.3.3; psutil 7.2.2,1,2026-08-18T20:03:09.750641+07:00,CaDiCaL,0,Xa(cache),3600,False,,True,False,fixed
GEOM120.col,120,773,74,34196,209093,OPTIMAL,59,1.14411,3.80036,4.94447,124.44531,0,1,2,509f41020245d12b4e03b0c6681826c72245d1f3,False,26357a9d4e2d8b08cdf055e2a882589f86c22c313fd9674a7f44b405c2aade4a,bc9dd2f34387090f83611022ed1b92c2e8cc6181b37baadbb75314f73aa6341c,/home/homulily/code/bcp-cpp/bcp /home/homulily/code/bcp-cpp/dataset/GEOM120.col 'Xa(cache)' -t 3600 --use-symmetry-breaking --width fixed,DESKTOP-RJQ30EQ,Linux-6.8.0-51-generic-x86_64-with-glibc2.39,c++ (Ubuntu 15.2.0-16ubuntu1) 15.2.0,Python 3.14.4; pandas 2.3.3; psutil 7.2.2,1,2026-08-18T20:03:14.934300+07:00,CaDiCaL,0,Xa(cache),3600,False,,True,False,fixed
GEOM120a.col,120,1434,110,53365,438919,OPTIMAL,82,4.75308,977.459,982.212,224.05469,0,1,2,509f41020245d12b4e03b0c6681826c72245d1f3,False,a920a2c75d8d4fde3a531cb30857d83f245364a0b88d5a18f86336b96bf07ab6,bc9dd2f34387090f83611022ed1b92c2e8cc6181b37baadbb75314f73aa6341c,/home/homulily/code/bcp-cpp/bcp /home/homulily/code/bcp-cpp/dataset/GEOM120a.col 'Xa(cache)' -t 3600 --use-symmetry-breaking --width fixed,DESKTOP-RJQ30EQ,Linux-6.8.0-51-generic-x86_64-with-glibc2.39,c++ (Ubuntu 15.2.0-16ubuntu1) 15.2.0,Python 3.14.4; pandas 2.3.3; psutil 7.2.2,1,2026-08-18T20:19:37.813197+07:00,CaDiCaL,0,Xa(cache),3600,False,,True,False,fixed
GEOM120b.col,120,1491,124,53831,451420,OPTIMAL,83,7.61084,977.659,985.27,246.0625,0,1,2,509f41020245d12b4e03b0c6681826c72245d1f3,False,745355ab3817a87504580de4d77629dce60b8f48ea8fb2c5da33224e8ef92e29,bc9dd2f34387090f83611022ed1b92c2e8cc6181b37baadbb75314f73aa6341c,/home/homulily/code/bcp-cpp/bcp /home/homulily/code/bcp-cpp/dataset/GEOM120b.col 'Xa(cache)' -t 3600 --use-symmetry-breaking --width fixed,DESKTOP-RJQ30EQ,Linux-6.8.0-51-generic-x86_64-with-glibc2.39,c++ (Ubuntu 15.2.0-16ubuntu1) 15.2.0,Python 3.14.4; pandas 2.3.3; psutil 7.2.2,1,2026-08-18T20:36:04.234126+07:00,CaDiCaL,0,Xa(cache),3600,False,,True,False,fixed
GEOM20.col,20,20,25,1136,3679,OPTIMAL,21,0.00664149,0.00228371,0.0089252,49.36328,0,1,2,509f41020245d12b4e03b0c6681826c72245d1f3,False,08ed5ea76ef3bcb2228f4669162b3aa8c234de6a4dd75c3155a603919bc0167a,bc9dd2f34387090f83611022ed1b92c2e8cc6181b37baadbb75314f73aa6341c,/home/homulily/code/bcp-cpp/bcp /home/homulily/code/bcp-cpp/dataset/GEOM20.col 'Xa(cache)' -t 3600 --use-symmetry-breaking --width fixed,DESKTOP-RJQ30EQ,Linux-6.8.0-51-generic-x86_64-with-glibc2.39,c++ (Ubuntu 15.2.0-16ubuntu1) 15.2.0,Python 3.14.4; pandas 2.3.3; psutil 7.2.2,1,2026-08-18T20:36:04.296987+07:00,CaDiCaL,0,Xa(cache),3600,False,,True,False,fixed
GEOM20a.col,20,37,25,1298,4837,OPTIMAL,20,0.00967728,0.002732,0.0124093,51.17578,0,1,2,509f41020245d12b4e03b0c6681826c72245d1f3,False,5fe086947cbc99c9630087a727d0c9fe00065a9c4f6d6ebea7115ab4a8c161fb,bc9dd2f34387090f83611022ed1b92c2e8cc6181b37baadbb75314f73aa6341c,/home/homulily/code/bcp-cpp/bcp /home/homulily/code/bcp-cpp/dataset/GEOM20a.col 'Xa(cache)' -t 3600 --use-symmetry-breaking --width fixed,DESKTOP-RJQ30EQ,Linux-6.8.0-51-generic-x86_64-with-glibc2.39,c++ (Ubuntu 15.2.0-16ubuntu1) 15.2.0,Python 3.14.4; pandas 2.3.3; psutil 7.2.2,1,2026-08-18T20:36:04.403256+07:00,CaDiCaL,0,Xa(cache),3600,False,,True,False,fixed
GEOM20b.col,20,32,17,715,2498,OPTIMAL,13,0.00494295,0.00145226,0.00639522,51.11328,0,1,2,509f41020245d12b4e03b0c6681826c72245d1f3,False,6be144806384554ada26f70be526ed0d42afb61a447cd96f826be5dbcf60288a,bc9dd2f34387090f83611022ed1b92c2e8cc6181b37baadbb75314f73aa6341c,/home/homulily/code/bcp-cpp/bcp /home/homulily/code/bcp-cpp/dataset/GEOM20b.col 'Xa(cache)' -t 3600 --use-symmetry-breaking --width fixed,DESKTOP-RJQ30EQ,Linux-6.8.0-51-generic-x86_64-with-glibc2.39,c++ (Ubuntu 15.2.0-16ubuntu1) 15.2.0,Python 3.14.4; pandas 2.3.3; psutil 7.2.2,1,2026-08-18T20:36:04.500656+07:00,CaDiCaL,0,Xa(cache),3600,False,,True,False,fixed
GEOM30.col,30,50,34,2629,10069,OPTIMAL,28,0.0223893,0.00638172,0.028771,51.11328,0,1,2,509f41020245d12b4e03b0c6681826c72245d1f3,False,489bd893683e4c3672aba625abb2643d68f9c2a6d3776c9b26400831c548bd51,bc9dd2f34387090f83611022ed1b92c2e8cc6181b37baadbb75314f73aa6341c,/home/homulily/code/bcp-cpp/bcp /home/homulily/code/bcp-cpp/dataset/GEOM30.col 'Xa(cache)' -t 3600 --use-symmetry-breaking --width fixed,DESKTOP-RJQ30EQ,Linux-6.8.0-51-generic-x86_64-with-glibc2.39,c++ (Ubuntu 15.2.0-16ubuntu1) 15.2.0,Python 3.14.4; pandas 2.3.3; psutil 7.2.2,1,2026-08-18T20:36:04.633417+07:00,CaDiCaL,0,Xa(cache),3600,False,,True,False,fixed
GEOM30a.col,30,81,33,2887,12642,OPTIMAL,27,0.0279908,0.00651985,0.0345107,50.92578,0,1,2,509f41020245d12b4e03b0c6681826c72245d1f3,False,10bfa32a02f1c8633027611fc7eb773d3d5088d3bc49d1419471fc4ca266eca9,bc9dd2f34387090f83611022ed1b92c2e8cc6181b37baadbb75314f73aa6341c,/home/homulily/code/bcp-cpp/bcp /home/homulily/code/bcp-cpp/dataset/GEOM30a.col 'Xa(cache)' -t 3600 --use-symmetry-breaking --width fixed,DESKTOP-RJQ30EQ,Linux-6.8.0-51-generic-x86_64-with-glibc2.39,c++ (Ubuntu 15.2.0-16ubuntu1) 15.2.0,Python 3.14.4; pandas 2.3.3; psutil 7.2.2,1,2026-08-18T20:36:04.745277+07:00,CaDiCaL,0,Xa(cache),3600,False,,True,False,fixed
GEOM30b.col,30,81,28,2882,12332,OPTIMAL,26,0.013641,0.00313846,0.0167794,51.11328,0,1,2,509f41020245d12b4e03b0c6681826c72245d1f3,False,41e7babfc1e85334f1653ee7e88e11a11b0065ce2d50a72a801b4b00cfe2330a,bc9dd2f34387090f83611022ed1b92c2e8cc6181b37baadbb75314f73aa6341c,/home/homulily/code/bcp-cpp/bcp /home/homulily/code/bcp-cpp/dataset/GEOM30b.col 'Xa(cache)' -t 3600 --use-symmetry-breaking --width fixed,DESKTOP-RJQ30EQ,Linux-6.8.0-51-generic-x86_64-with-glibc2.39,c++ (Ubuntu 15.2.0-16ubuntu1) 15.2.0,Python 3.14.4; pandas 2.3.3; psutil 7.2.2,1,2026-08-18T20:36:04.830507+07:00,CaDiCaL,0,Xa(cache),3600,False,,True,False,fixed
GEOM40.col,40,78,34,3775,14938,OPTIMAL,28,0.0342286,0.00825028,0.0424789,50.67578,0,1,2,509f41020245d12b4e03b0c6681826c72245d1f3,False,4968db2efd363df2b56fdfbab3c914f8100884884a68f0b07cbbc4e20aa1f192,bc9dd2f34387090f83611022ed1b92c2e8cc6181b37baadbb75314f73aa6341c,/home/homulily/code/bcp-cpp/bcp /home/homulily/code/bcp-cpp/dataset/GEOM40.col 'Xa(cache)' -t 3600 --use-symmetry-breaking --width fixed,DESKTOP-RJQ30EQ,Linux-6.8.0-51-generic-x86_64-with-glibc2.39,c++ (Ubuntu 15.2.0-16ubuntu1) 15.2.0,Python 3.14.4; pandas 2.3.3; psutil 7.2.2,1,2026-08-18T20:36:04.963844+07:00,CaDiCaL,0,Xa(cache),3600,False,,True,False,fixed
GEOM40a.col,40,146,51,5946,29002,OPTIMAL,37,0.14095,0.0413065,0.182257,66.05859,0,1,2,509f41020245d12b4e03b0c6681826c72245d1f3,False,0bd50dc07b7e234154a3f92e5d2cf1ac6ad83c47badf984a837587fe7c35ca6b,bc9dd2f34387090f83611022ed1b92c2e8cc6181b37baadbb75314f73aa6341c,/home/homulily/code/bcp-cpp/bcp /home/homulily/code/bcp-cpp/dataset/GEOM40a.col 'Xa(cache)' -t 3600 --use-symmetry-breaking --width fixed,DESKTOP-RJQ30EQ,Linux-6.8.0-51-generic-x86_64-with-glibc2.39,c++ (Ubuntu 15.2.0-16ubuntu1) 15.2.0,Python 3.14.4; pandas 2.3.3; psutil 7.2.2,1,2026-08-18T20:36:05.224211+07:00,CaDiCaL,0,Xa(cache),3600,False,,True,False,fixed
GEOM40b.col,40,157,41,5327,26326,OPTIMAL,33,0.0793826,0.0312453,0.110628,65.01172,0,1,2,509f41020245d12b4e03b0c6681826c72245d1f3,False,1ccb98f8f5e910eb9d4064ba5b23dff42c9067ecd2d40d0879250dbd16181ddf,bc9dd2f34387090f83611022ed1b92c2e8cc6181b37baadbb75314f73aa6341c,/home/homulily/code/bcp-cpp/bcp /home/homulily/code/bcp-cpp/dataset/GEOM40b.col 'Xa(cache)' -t 3600 --use-symmetry-breaking --width fixed,DESKTOP-RJQ30EQ,Linux-6.8.0-51-generic-x86_64-with-glibc2.39,c++ (Ubuntu 15.2.0-16ubuntu1) 15.2.0,Python 3.14.4; pandas 2.3.3; psutil 7.2.2,1,2026-08-18T20:36:05.450302+07:00,CaDiCaL,0,Xa(cache),3600,False,,True,False,fixed
GEOM50.col,50,127,37,5076,21500,OPTIMAL,28,0.0762868,0.0140177,0.0903045,65.10547,0,1,2,509f41020245d12b4e03b0c6681826c72245d1f3,False,c584455fa3b51a54152148534733fdf90022ccefd515c1770417925f43ef5434,bc9dd2f34387090f83611022ed1b92c2e8cc6181b37baadbb75314f73aa6341c,/home/homulily/code/bcp-cpp/bcp /home/homulily/code/bcp-cpp/dataset/GEOM50.col 'Xa(cache)' -t 3600 --use-symmetry-breaking --width fixed,DESKTOP-RJQ30EQ,Linux-6.8.0-51-generic-x86_64-with-glibc2.39,c++ (Ubuntu 15.2.0-16ubuntu1) 15.2.0,Python 3.14.4; pandas 2.3.3; psutil 7.2.2,1,2026-08-18T20:36:05.633895+07:00,CaDiCaL,0,Xa(cache),3600,False,,True,False,fixed
GEOM50a.col,50,238,62,10796,59901,OPTIMAL,50,0.249235,0.419568,0.668803,75.08594,0,1,2,509f41020245d12b4e03b0c6681826c72245d1f3,False,09a35a2b65ed3e0dcd221ac73c5adb47901d19e134e9d9ce99d087c064f5b13b,bc9dd2f34387090f83611022ed1b92c2e8cc6181b37baadbb75314f73aa6341c,/home/homulily/code/bcp-cpp/bcp /home/homulily/code/bcp-cpp/dataset/GEOM50a.col 'Xa(cache)' -t 3600 --use-symmetry-breaking --width fixed,DESKTOP-RJQ30EQ,Linux-6.8.0-51-generic-x86_64-with-glibc2.39,c++ (Ubuntu 15.2.0-16ubuntu1) 15.2.0,Python 3.14.4; pandas 2.3.3; psutil 7.2.2,1,2026-08-18T20:36:06.445668+07:00,CaDiCaL,0,Xa(cache),3600,False,,True,False,fixed
GEOM50b.col,50,249,55,7649,40783,OPTIMAL,35,0.314642,0.137523,0.452165,70.24219,0,1,2,509f41020245d12b4e03b0c6681826c72245d1f3,False,7b21131c086e1fd406658aed26e1d79b31aa8f81bf25493c8658813e81076dca,bc9dd2f34387090f83611022ed1b92c2e8cc6181b37baadbb75314f73aa6341c,/home/homulily/code/bcp-cpp/bcp /home/homulily/code/bcp-cpp/dataset/GEOM50b.col 'Xa(cache)' -t 3600 --use-symmetry-breaking --width fixed,DESKTOP-RJQ30EQ,Linux-6.8.0-51-generic-x86_64-with-glibc2.39,c++ (Ubuntu 15.2.0-16ubuntu1) 15.2.0,Python 3.14.4; pandas 2.3.3; psutil 7.2.2,1,2026-08-18T20:36:07.049105+07:00,CaDiCaL,0,Xa(cache),3600,False,,True,False,fixed
GEOM60.col,60,185,37,7605,35172,OPTIMAL,33,0.0583346,0.0135565,0.0718911,50.86328,0,1,2,509f41020245d12b4e03b0c6681826c72245d1f3,False,9575aa95916bb0ddb24ac95ceb686ad79834715a8c3c97743905c76227ffa048,bc9dd2f34387090f83611022ed1b92c2e8cc6181b37baadbb75314f73aa6341c,/home/homulily/code/bcp-cpp/bcp /home/homulily/code/bcp-cpp/dataset/GEOM60.col 'Xa(cache)' -t 3600 --use-symmetry-breaking --width fixed,DESKTOP-RJQ30EQ,Linux-6.8.0-51-generic-x86_64-with-glibc2.39,c++ (Ubuntu 15.2.0-16ubuntu1) 15.2.0,Python 3.14.4; pandas 2.3.3; psutil 7.2.2,1,2026-08-18T20:36:07.239218+07:00,CaDiCaL,0,Xa(cache),3600,False,,True,False,fixed
GEOM60a.col,60,339,62,13316,78829,OPTIMAL,50,0.323734,0.708152,1.03189,85.14453,0,1,2,509f41020245d12b4e03b0c6681826c72245d1f3,False,c6266e394b59107ef80c14a3ed0d8dd4ae62c646238c8358f8080547a85fd68c,bc9dd2f34387090f83611022ed1b92c2e8cc6181b37baadbb75314f73aa6341c,/home/homulily/code/bcp-cpp/bcp /home/homulily/code/bcp-cpp/dataset/GEOM60a.col 'Xa(cache)' -t 3600 --use-symmetry-breaking --width fixed,DESKTOP-RJQ30EQ,Linux-6.8.0-51-generic-x86_64-with-glibc2.39,c++ (Ubuntu 15.2.0-16ubuntu1) 15.2.0,Python 3.14.4; pandas 2.3.3; psutil 7.2.2,1,2026-08-18T20:36:08.341374+07:00,CaDiCaL,0,Xa(cache),3600,False,,True,False,fixed
GEOM60b.col,60,366,64,11262,66105,OPTIMAL,41,0.586899,1.19577,1.78267,82.60547,0,1,2,509f41020245d12b4e03b0c6681826c72245d1f3,False,8305498f1acbb0e13fc3e5b6756eebb72600bd69b237f5d836248a8d8e040f76,bc9dd2f34387090f83611022ed1b92c2e8cc6181b37baadbb75314f73aa6341c,/home/homulily/code/bcp-cpp/bcp /home/homulily/code/bcp-cpp/dataset/GEOM60b.col 'Xa(cache)' -t 3600 --use-symmetry-breaking --width fixed,DESKTOP-RJQ30EQ,Linux-6.8.0-51-generic-x86_64-with-glibc2.39,c++ (Ubuntu 15.2.0-16ubuntu1) 15.2.0,Python 3.14.4; pandas 2.3.3; psutil 7.2.2,1,2026-08-18T20:36:10.241350+07:00,CaDiCaL,0,Xa(cache),3600,False,,True,False,fixed
GEOM70.col,70,267,45,11305,55353,OPTIMAL,38,0.142159,0.0626445,0.204803,71.32031,0,1,2,509f41020245d12b4e03b0c6681826c72245d1f3,False,6709158dd6a0c24605665511d543798f2cda198fb9b943c841d842af483b8b5f,bc9dd2f34387090f83611022ed1b92c2e8cc6181b37baadbb75314f73aa6341c,/home/homulily/code/bcp-cpp/bcp /home/homulily/code/bcp-cpp/dataset/GEOM70.col 'Xa(cache)' -t 3600 --use-symmetry-breaking --width fixed,DESKTOP-RJQ30EQ,Linux-6.8.0-51-generic-x86_64-with-glibc2.39,c++ (Ubuntu 15.2.0-16ubuntu1) 15.2.0,Python 3.14.4; pandas 2.3.3; psutil 7.2.2,1,2026-08-18T20:36:10.517993+07:00,CaDiCaL,0,Xa(cache),3600,False,,True,False,fixed
GEOM70a.col,70,459,73,19927,126019,OPTIMAL,61,0.528242,2.68481,3.21306,97.27344,0,1,2,509f41020245d12b4e03b0c6681826c72245d1f3,False,e256a1a0b8f2637a931d35ffacdb28b715bcafa769a4bbedc21eb991683d0a40,bc9dd2f34387090f83611022ed1b92c2e8cc6181b37baadbb75314f73aa6341c,/home/homulily/code/bcp-cpp/bcp /home/homulily/code/bcp-cpp/dataset/GEOM70a.col 'Xa(cache)' -t 3600 --use-symmetry-breaking --width fixed,DESKTOP-RJQ30EQ,Linux-6.8.0-51-generic-x86_64-with-glibc2.39,c++ (Ubuntu 15.2.0-16ubuntu1) 15.2.0,Python 3.14.4; pandas 2.3.3; psutil 7.2.2,1,2026-08-18T20:36:13.885056+07:00,CaDiCaL,0,Xa(cache),3600,False,,True,False,fixed
GEOM70b.col,70,488,77,15819,97234,OPTIMAL,47,1.15891,4.12675,5.28566,93.36328,0,1,2,509f41020245d12b4e03b0c6681826c72245d1f3,False,50b43cacfa298b2c9f4c05ca437a5559b357c8348aa59226bf3c2fd9b98b03b8,bc9dd2f34387090f83611022ed1b92c2e8cc6181b37baadbb75314f73aa6341c,/home/homulily/code/bcp-cpp/bcp /home/homulily/code/bcp-cpp/dataset/GEOM70b.col 'Xa(cache)' -t 3600 --use-symmetry-breaking --width fixed,DESKTOP-RJQ30EQ,Linux-6.8.0-51-generic-x86_64-with-glibc2.39,c++ (Ubuntu 15.2.0-16ubuntu1) 15.2.0,Python 3.14.4; pandas 2.3.3; psutil 7.2.2,1,2026-08-18T20:36:19.385338+07:00,CaDiCaL,0,Xa(cache),3600,False,,True,False,fixed
GEOM80.col,80,349,55,14073,73627,OPTIMAL,41,0.377498,0.08153,0.459028,78.70703,0,1,2,509f41020245d12b4e03b0c6681826c72245d1f3,False,46454b38ff8d83fe0020c6f3e5408c0ca37e868bc79f74749c4a8e555730df9c,bc9dd2f34387090f83611022ed1b92c2e8cc6181b37baadbb75314f73aa6341c,/home/homulily/code/bcp-cpp/bcp /home/homulily/code/bcp-cpp/dataset/GEOM80.col 'Xa(cache)' -t 3600 --use-symmetry-breaking --width fixed,DESKTOP-RJQ30EQ,Linux-6.8.0-51-generic-x86_64-with-glibc2.39,c++ (Ubuntu 15.2.0-16ubuntu1) 15.2.0,Python 3.14.4; pandas 2.3.3; psutil 7.2.2,1,2026-08-18T20:36:20.002640+07:00,CaDiCaL,0,Xa(cache),3600,False,,True,False,fixed
GEOM80a.col,80,612,80,24839,165338,OPTIMAL,63,1.02263,6.24316,7.26579,108.0,0,1,2,509f41020245d12b4e03b0c6681826c72245d1f3,False,f8cd1c510008df8e302411facc59a809be027620b27f632f811c1c94c76d78c9,bc9dd2f34387090f83611022ed1b92c2e8cc6181b37baadbb75314f73aa6341c,/home/homulily/code/bcp-cpp/bcp /home/homulily/code/bcp-cpp/dataset/GEOM80a.col 'Xa(cache)' -t 3600 --use-symmetry-breaking --width fixed,DESKTOP-RJQ30EQ,Linux-6.8.0-51-generic-x86_64-with-glibc2.39,c++ (Ubuntu 15.2.0-16ubuntu1) 15.2.0,Python 3.14.4; pandas 2.3.3; psutil 7.2.2,1,2026-08-18T20:36:27.508466+07:00,CaDiCaL,0,Xa(cache),3600,False,,True,False,fixed
GEOM80b.col,80,663,99,23939,162865,OPTIMAL,60,2.61581,9.52428,12.1401,117.08203,0,1,2,509f41020245d12b4e03b0c6681826c72245d1f3,False,a8dcc40cfc8d87903196406f815c4d512a7c68e3e966538768a0601bfac7d301,bc9dd2f34387090f83611022ed1b92c2e8cc6181b37baadbb75314f73aa6341c,/home/homulily/code/bcp-cpp/bcp /home/homulily/code/bcp-cpp/dataset/GEOM80b.col 'Xa(cache)' -t 3600 --use-symmetry-breaking --width fixed,DESKTOP-RJQ30EQ,Linux-6.8.0-51-generic-x86_64-with-glibc2.39,c++ (Ubuntu 15.2.0-16ubuntu1) 15.2.0,Python 3.14.4; pandas 2.3.3; psutil 7.2.2,1,2026-08-18T20:36:40.085450+07:00,CaDiCaL,0,Xa(cache),3600,False,,True,False,fixed
GEOM90.col,90,441,55,18868,100962,OPTIMAL,46,0.331412,0.17564,0.507051,84.41016,0,1,2,509f41020245d12b4e03b0c6681826c72245d1f3,False,8b99774b70737296ed7b4c8a3ad9ec1827182467166c5e7c93a1c2117473f7cf,bc9dd2f34387090f83611022ed1b92c2e8cc6181b37baadbb75314f73aa6341c,/home/homulily/code/bcp-cpp/bcp /home/homulily/code/bcp-cpp/dataset/GEOM90.col 'Xa(cache)' -t 3600 --use-symmetry-breaking --width fixed,DESKTOP-RJQ30EQ,Linux-6.8.0-51-generic-x86_64-with-glibc2.39,c++ (Ubuntu 15.2.0-16ubuntu1) 15.2.0,Python 3.14.4; pandas 2.3.3; psutil 7.2.2,1,2026-08-18T20:36:40.716525+07:00,CaDiCaL,0,Xa(cache),3600,False,,True,False,fixed
GEOM90a.col,90,789,81,28671,201569,OPTIMAL,63,1.30483,12.4507,13.7555,119.59766,0,1,2,509f41020245d12b4e03b0c6681826c72245d1f3,False,254a4ba130fad8005c03d2288438d16ff5c3768cb05ebe3b37929f9f3247a1df,bc9dd2f34387090f83611022ed1b92c2e8cc6181b37baadbb75314f73aa6341c,/home/homulily/code/bcp-cpp/bcp /home/homulily/code/bcp-cpp/dataset/GEOM90a.col 'Xa(cache)' -t 3600 --use-symmetry-breaking --width fixed,DESKTOP-RJQ30EQ,Linux-6.8.0-51-generic-x86_64-with-glibc2.39,c++ (Ubuntu 15.2.0-16ubuntu1) 15.2.0,Python 3.14.4; pandas 2.3.3; psutil 7.2.2,1,2026-08-18T20:36:54.713435+07:00,CaDiCaL,0,Xa(cache),3600,False,,True,False,fixed
GEOM90b.col,90,860,110,31910,234237,OPTIMAL,69,4.13159,56.6196,60.7512,138.95703,0,1,2,509f41020245d12b4e03b0c6681826c72245d1f3,False,e293687b9c36702121066f37ac02cf4e8901dbaa3fd5ba7e864b0e00ba74fac3,bc9dd2f34387090f83611022ed1b92c2e8cc6181b37baadbb75314f73aa6341c,/home/homulily/code/bcp-cpp/bcp /home/homulily/code/bcp-cpp/dataset/GEOM90b.col 'Xa(cache)' -t 3600 --use-symmetry-breaking --width fixed,DESKTOP-RJQ30EQ,Linux-6.8.0-51-generic-x86_64-with-glibc2.39,c++ (Ubuntu 15.2.0-16ubuntu1) 15.2.0,Python 3.14.4; pandas 2.3.3; psutil 7.2.2,1,2026-08-18T20:37:56.152367+07:00,CaDiCaL,0,Xa(cache),3600,False,,True,False,fixed
c21_1_d1.col,21,102,8,231,930,OPTIMAL,7,0.000927238,0.00197308,0.00290032,50.92578,0,1,2,509f41020245d12b4e03b0c6681826c72245d1f3,False,f838258c4c693e09ad2cc97943c674fc5b2ee14e0f97961fdfdeb239b8436773,bc9dd2f34387090f83611022ed1b92c2e8cc6181b37baadbb75314f73aa6341c,/home/homulily/code/bcp-cpp/bcp /home/homulily/code/bcp-cpp/dataset/c21_1_d1.col 'Xa(cache)' -t 3600 --use-symmetry-breaking --width fixed,DESKTOP-RJQ30EQ,Linux-6.8.0-51-generic-x86_64-with-glibc2.39,c++ (Ubuntu 15.2.0-16ubuntu1) 15.2.0,Python 3.14.4; pandas 2.3.3; psutil 7.2.2,1,2026-08-18T20:37:56.185440+07:00,CaDiCaL,0,Xa(cache),3600,False,,True,False,fixed
c21_1_d2.col,21,102,8,231,930,OPTIMAL,7,0.00095471,0.0021378,0.00309251,51.11328,0,1,2,509f41020245d12b4e03b0c6681826c72245d1f3,False,17ff4bba73f02ee89dd3d91ccbca1a01ac0062c8872237c8916bc44590d256d5,bc9dd2f34387090f83611022ed1b92c2e8cc6181b37baadbb75314f73aa6341c,/home/homulily/code/bcp-cpp/bcp /home/homulily/code/bcp-cpp/dataset/c21_1_d2.col 'Xa(cache)' -t 3600 --use-symmetry-breaking --width fixed,DESKTOP-RJQ30EQ,Linux-6.8.0-51-generic-x86_64-with-glibc2.39,c++ (Ubuntu 15.2.0-16ubuntu1) 15.2.0,Python 3.14.4; pandas 2.3.3; psutil 7.2.2,1,2026-08-18T20:37:56.291570+07:00,CaDiCaL,0,Xa(cache),3600,False,,True,False,fixed
c21_2_d1.col,21,102,12,357,2054,OPTIMAL,9,0.00309974,0.00227529,0.00537503,50.92578,0,1,2,509f41020245d12b4e03b0c6681826c72245d1f3,False,bc5ff196032b38d098ccbb833a33557f397c0d16b5f8a281ddda8141f182fab6,bc9dd2f34387090f83611022ed1b92c2e8cc6181b37baadbb75314f73aa6341c,/home/homulily/code/bcp-cpp/bcp /home/homulily/code/bcp-cpp/dataset/c21_2_d1.col 'Xa(cache)' -t 3600 --use-symmetry-breaking --width fixed,DESKTOP-RJQ30EQ,Linux-6.8.0-51-generic-x86_64-with-glibc2.39,c++ (Ubuntu 15.2.0-16ubuntu1) 15.2.0,Python 3.14.4; pandas 2.3.3; psutil 7.2.2,1,2026-08-18T20:37:56.397229+07:00,CaDiCaL,0,Xa(cache),3600,False,,True,False,fixed
c21_2_d2.col,21,102,12,357,2054,OPTIMAL,9,0.00315685,0.00197926,0.00513611,51.23828,0,1,2,509f41020245d12b4e03b0c6681826c72245d1f3,False,357f7cf6535a13a2109dbf9d363efff9cc6e0038fccf653c1dafc7e92e00fe01,bc9dd2f34387090f83611022ed1b92c2e8cc6181b37baadbb75314f73aa6341c,/home/homulily/code/bcp-cpp/bcp /home/homulily/code/bcp-cpp/dataset/c21_2_d2.col 'Xa(cache)' -t 3600 --use-symmetry-breaking --width fixed,DESKTOP-RJQ30EQ,Linux-6.8.0-51-generic-x86_64-with-glibc2.39,c++ (Ubuntu 15.2.0-16ubuntu1) 15.2.0,Python 3.14.4; pandas 2.3.3; psutil 7.2.2,1,2026-08-18T20:37:56.500434+07:00,CaDiCaL,0,Xa(cache),3600,False,,True,False,fixed
c21_3_d1.col,21,102,8,231,930,OPTIMAL,7,0.00104364,0.00216626,0.0032099,50.48828,0,1,2,509f41020245d12b4e03b0c6681826c72245d1f3,False,2765b742e9eb99580ca620c1af200f5de170405ca0f8ef34101dec9696c2f9ee,bc9dd2f34387090f83611022ed1b92c2e8cc6181b37baadbb75314f73aa6341c,/home/homulily/code/bcp-cpp/bcp /home/homulily/code/bcp-cpp/dataset/c21_3_d1.col 'Xa(cache)' -t 3600 --use-symmetry-breaking --width fixed,DESKTOP-RJQ30EQ,Linux-6.8.0-51-generic-x86_64-with-glibc2.39,c++ (Ubuntu 15.2.0-16ubuntu1) 15.2.0,Python 3.14.4; pandas 2.3.3; psutil 7.2.2,1,2026-08-18T20:37:56.604134+07:00,CaDiCaL,0,Xa(cache),3600,False,,True,False,fixed
c21_3_d2.col,21,102,8,231,930,OPTIMAL,7,0.000990597,0.00205363,0.00304423,51.11328,0,1,2,509f41020245d12b4e03b0c6681826c72245d1f3,False,5274c4b0e9751b679b2b38ab34627c4d1eca543d53c9c4086f61ec64f8ee1c6f,bc9dd2f34387090f83611022ed1b92c2e8cc6181b37baadbb75314f73aa6341c,/home/homulily/code/bcp-cpp/bcp /home/homulily/code/bcp-cpp/dataset/c21_3_d2.col 'Xa(cache)' -t 3600 --use-symmetry-breaking --width fixed,DESKTOP-RJQ30EQ,Linux-6.8.0-51-generic-x86_64-with-glibc2.39,c++ (Ubuntu 15.2.0-16ubuntu1) 15.2.0,Python 3.14.4; pandas 2.3.3; psutil 7.2.2,1,2026-08-18T20:37:56.707854+07:00,CaDiCaL,0,Xa(cache),3600,False,,True,False,fixed
c21_4_d1.col,21,102,12,357,2054,OPTIMAL,9,0.00317997,0.00193348,0.00511345,50.86328,0,1,2,509f41020245d12b4e03b0c6681826c72245d1f3,False,19dd5b83496200f38741c1f02f9fc646d0eae6d2a435789be0650d1e3455d42b,bc9dd2f34387090f83611022ed1b92c2e8cc6181b37baadbb75314f73aa6341c,/home/homulily/code/bcp-cpp/bcp /home/homulily/code/bcp-cpp/dataset/c21_4_d1.col 'Xa(cache)' -t 3600 --use-symmetry-breaking --width fixed,DESKTOP-RJQ30EQ,Linux-6.8.0-51-generic-x86_64-with-glibc2.39,c++ (Ubuntu 15.2.0-16ubuntu1) 15.2.0,Python 3.14.4; pandas 2.3.3; psutil 7.2.2,1,2026-08-18T20:37:56.817607+07:00,CaDiCaL,0,Xa(cache),3600,False,,True,False,fixed
c21_4_d2.col,21,102,12,357,2054,OPTIMAL,9,0.00313078,0.00193851,0.0050693,50.92578,0,1,2,509f41020245d12b4e03b0c6681826c72245d1f3,False,dcae409f3fa775f5d64e2a1c13109513f71b4261ac6646fa06061715bb34c40c,bc9dd2f34387090f83611022ed1b92c2e8cc6181b37baadbb75314f73aa6341c,/home/homulily/code/bcp-cpp/bcp /home/homulily/code/bcp-cpp/dataset/c21_4_d2.col 'Xa(cache)' -t 3600 --use-symmetry-breaking --width fixed,DESKTOP-RJQ30EQ,Linux-6.8.0-51-generic-x86_64-with-glibc2.39,c++ (Ubuntu 15.2.0-16ubuntu1) 15.2.0,Python 3.14.4; pandas 2.3.3; psutil 7.2.2,1,2026-08-18T20:37:56.921467+07:00,CaDiCaL,0,Xa(cache),3600,False,,True,False,fixed
c21_5_d1.col,21,102,8,231,930,OPTIMAL,7,0.00091787,0.0021755,0.00309337,50.92578,0,1,2,509f41020245d12b4e03b0c6681826c72245d1f3,False,9b48d14af7b6c13caa07b34bb084a2f18f2bbe1f27e4357c5d1d30b214e43ba0,bc9dd2f34387090f83611022ed1b92c2e8cc6181b37baadbb75314f73aa6341c,/home/homulily/code/bcp-cpp/bcp /home/homulily/code/bcp-cpp/dataset/c21_5_d1.col 'Xa(cache)' -t 3600 --use-symmetry-breaking --width fixed,DESKTOP-RJQ30EQ,Linux-6.8.0-51-generic-x86_64-with-glibc2.39,c++ (Ubuntu 15.2.0-16ubuntu1) 15.2.0,Python 3.14.4; pandas 2.3.3; psutil 7.2.2,1,2026-08-18T20:37:57.023529+07:00,CaDiCaL,0,Xa(cache),3600,False,,True,False,fixed
c21_5_d2.col,21,102,8,231,930,OPTIMAL,7,0.00102029,0.00210442,0.00312471,50.92578,0,1,2,509f41020245d12b4e03b0c6681826c72245d1f3,False,bfa272eb474be3d829f6ae72dc0b350e3cc16cae91bd5b0268f9d7d42e029bdf,bc9dd2f34387090f83611022ed1b92c2e8cc6181b37baadbb75314f73aa6341c,/home/homulily/code/bcp-cpp/bcp /home/homulily/code/bcp-cpp/dataset/c21_5_d2.col 'Xa(cache)' -t 3600 --use-symmetry-breaking --width fixed,DESKTOP-RJQ30EQ,Linux-6.8.0-51-generic-x86_64-with-glibc2.39,c++ (Ubuntu 15.2.0-16ubuntu1) 15.2.0,Python 3.14.4; pandas 2.3.3; psutil 7.2.2,1,2026-08-18T20:37:57.127843+07:00,CaDiCaL,0,Xa(cache),3600,False,,True,False,fixed
c21_6_d1.col,21,102,12,357,2054,OPTIMAL,9,0.00309145,0.001997,0.00508845,50.17578,0,1,2,509f41020245d12b4e03b0c6681826c72245d1f3,False,67f709a59420aa411b280438ae2a69559cb89dbc2a475e7237b5ff6beb322fc2,bc9dd2f34387090f83611022ed1b92c2e8cc6181b37baadbb75314f73aa6341c,/home/homulily/code/bcp-cpp/bcp /home/homulily/code/bcp-cpp/dataset/c21_6_d1.col 'Xa(cache)' -t 3600 --use-symmetry-breaking --width fixed,DESKTOP-RJQ30EQ,Linux-6.8.0-51-generic-x86_64-with-glibc2.39,c++ (Ubuntu 15.2.0-16ubuntu1) 15.2.0,Python 3.14.4; pandas 2.3.3; psutil 7.2.2,1,2026-08-18T20:37:57.236435+07:00,CaDiCaL,0,Xa(cache),3600,False,,True,False,fixed
c21_6_d2.col,21,102,12,357,2054,OPTIMAL,9,0.00335625,0.00181338,0.00516963,51.11328,0,1,2,509f41020245d12b4e03b0c6681826c72245d1f3,False,75ba8238057f4be94630617bff4cf631976862699cffdb81bcbe628b6f5af066,bc9dd2f34387090f83611022ed1b92c2e8cc6181b37baadbb75314f73aa6341c,/home/homulily/code/bcp-cpp/bcp /home/homulily/code/bcp-cpp/dataset/c21_6_d2.col 'Xa(cache)' -t 3600 --use-symmetry-breaking --width fixed,DESKTOP-RJQ30EQ,Linux-6.8.0-51-generic-x86_64-with-glibc2.39,c++ (Ubuntu 15.2.0-16ubuntu1) 15.2.0,Python 3.14.4; pandas 2.3.3; psutil 7.2.2,1,2026-08-18T20:37:57.342626+07:00,CaDiCaL,0,Xa(cache),3600,False,,True,False,fixed
c21_7_d1.col,21,102,8,231,930,OPTIMAL,7,0.00093258,0.00204259,0.00297517,51.11328,0,1,2,509f41020245d12b4e03b0c6681826c72245d1f3,False,a5740086f18083fcf131d5f89bf75b7673b05dfb0366edb4c45fca95b2789986,bc9dd2f34387090f83611022ed1b92c2e8cc6181b37baadbb75314f73aa6341c,/home/homulily/code/bcp-cpp/bcp /home/homulily/code/bcp-cpp/dataset/c21_7_d1.col 'Xa(cache)' -t 3600 --use-symmetry-breaking --width fixed,DESKTOP-RJQ30EQ,Linux-6.8.0-51-generic-x86_64-with-glibc2.39,c++ (Ubuntu 15.2.0-16ubuntu1) 15.2.0,Python 3.14.4; pandas 2.3.3; psutil 7.2.2,1,2026-08-18T20:37:57.446137+07:00,CaDiCaL,0,Xa(cache),3600,False,,True,False,fixed
c21_7_d2.col,21,102,8,231,930,OPTIMAL,7,0.000926098,0.00199334,0.00291943,51.11328,0,1,2,509f41020245d12b4e03b0c6681826c72245d1f3,False,ac84b1b113bb6b57a70caec3bc248b94cc90c0bb1186f65645d78821eb05adbd,bc9dd2f34387090f83611022ed1b92c2e8cc6181b37baadbb75314f73aa6341c,/home/homulily/code/bcp-cpp/bcp /home/homulily/code/bcp-cpp/dataset/c21_7_d2.col 'Xa(cache)' -t 3600 --use-symmetry-breaking --width fixed,DESKTOP-RJQ30EQ,Linux-6.8.0-51-generic-x86_64-with-glibc2.39,c++ (Ubuntu 15.2.0-16ubuntu1) 15.2.0,Python 3.14.4; pandas 2.3.3; psutil 7.2.2,1,2026-08-18T20:37:57.552770+07:00,CaDiCaL,0,Xa(cache),3600,False,,True,False,fixed
c21_8_d1.col,21,102,12,357,2054,OPTIMAL,9,0.00332021,0.00187251,0.00519272,50.92578,0,1,2,509f41020245d12b4e03b0c6681826c72245d1f3,False,bb8a14faad6327dbd85291090c1bdb4c5568aa8d9d5a7bd53c8654f3ab113224,bc9dd2f34387090f83611022ed1b92c2e8cc6181b37baadbb75314f73aa6341c,/home/homulily/code/bcp-cpp/bcp /home/homulily/code/bcp-cpp/dataset/c21_8_d1.col 'Xa(cache)' -t 3600 --use-symmetry-breaking --width fixed,DESKTOP-RJQ30EQ,Linux-6.8.0-51-generic-x86_64-with-glibc2.39,c++ (Ubuntu 15.2.0-16ubuntu1) 15.2.0,Python 3.14.4; pandas 2.3.3; psutil 7.2.2,1,2026-08-18T20:37:57.659359+07:00,CaDiCaL,0,Xa(cache),3600,False,,True,False,fixed
c21_8_d2.col,21,102,12,357,2054,OPTIMAL,9,0.00318962,0.00185675,0.00504638,50.86328,0,1,2,509f41020245d12b4e03b0c6681826c72245d1f3,False,f5ba7310979dcec808371e784a264f60b7a9480e3c89e6597cce412caf40d991,bc9dd2f34387090f83611022ed1b92c2e8cc6181b37baadbb75314f73aa6341c,/home/homulily/code/bcp-cpp/bcp /home/homulily/code/bcp-cpp/dataset/c21_8_d2.col 'Xa(cache)' -t 3600 --use-symmetry-breaking --width fixed,DESKTOP-RJQ30EQ,Linux-6.8.0-51-generic-x86_64-with-glibc2.39,c++ (Ubuntu 15.2.0-16ubuntu1) 15.2.0,Python 3.14.4; pandas 2.3.3; psutil 7.2.2,1,2026-08-18T20:37:57.763005+07:00,CaDiCaL,0,Xa(cache),3600,False,,True,False,fixed
c25_1_d3.col,25,134,8,325,1391,OPTIMAL,8,0.000850231,0.0386719,0.0395221,51.11328,0,1,2,509f41020245d12b4e03b0c6681826c72245d1f3,False,1ea6804dc4a8d52338e7935ca90ec544a6f93a27cd092508d5f2a4a4309660a3,bc9dd2f34387090f83611022ed1b92c2e8cc6181b37baadbb75314f73aa6341c,/home/homulily/code/bcp-cpp/bcp /home/homulily/code/bcp-cpp/dataset/c25_1_d3.col 'Xa(cache)' -t 3600 --use-symmetry-breaking --width fixed,DESKTOP-RJQ30EQ,Linux-6.8.0-51-generic-x86_64-with-glibc2.39,c++ (Ubuntu 15.2.0-16ubuntu1) 15.2.0,Python 3.14.4; pandas 2.3.3; psutil 7.2.2,1,2026-08-18T20:37:57.901845+07:00,CaDiCaL,0,Xa(cache),3600,False,,True,False,fixed
c25_1_d4.col,25,134,8,325,1391,OPTIMAL,8,0.000847148,0.0392959,0.0401431,50.30078,0,1,2,509f41020245d12b4e03b0c6681826c72245d1f3,False,eff8f52de9e723400f83c97d0ec2abe45e41b6038672e20a4a4081e4715aca85,bc9dd2f34387090f83611022ed1b92c2e8cc6181b37baadbb75314f73aa6341c,/home/homulily/code/bcp-cpp/bcp /home/homulily/code/bcp-cpp/dataset/c25_1_d4.col 'Xa(cache)' -t 3600 --use-symmetry-breaking --width fixed,DESKTOP-RJQ30EQ,Linux-6.8.0-51-generic-x86_64-with-glibc2.39,c++ (Ubuntu 15.2.0-16ubuntu1) 15.2.0,Python 3.14.4; pandas 2.3.3; psutil 7.2.2,1,2026-08-18T20:37:58.006692+07:00,CaDiCaL,0,Xa(cache),3600,False,,True,False,fixed
c55_1_d1.col,55,362,9,605,3000,OPTIMAL,7,0.00406423,0.00492476,0.00898899,50.86328,0,1,2,509f41020245d12b4e03b0c6681826c72245d1f3,False,483fac5e0df65a27f7312e2883f8f90c17f26d3a7bdd50c333212ca635e3f2e6,bc9dd2f34387090f83611022ed1b92c2e8cc6181b37baadbb75314f73aa6341c,/home/homulily/code/bcp-cpp/bcp /home/homulily/code/bcp-cpp/dataset/c55_1_d1.col 'Xa(cache)' -t 3600 --use-symmetry-breaking --width fixed,DESKTOP-RJQ30EQ,Linux-6.8.0-51-generic-x86_64-with-glibc2.39,c++ (Ubuntu 15.2.0-16ubuntu1) 15.2.0,Python 3.14.4; pandas 2.3.3; psutil 7.2.2,1,2026-08-18T20:37:58.079648+07:00,CaDiCaL,0,Xa(cache),3600,False,,True,False,fixed
c55_2_d2.col,55,362,9,605,3000,OPTIMAL,7,0.00394655,0.00488265,0.0088292,50.86328,0,1,2,509f41020245d12b4e03b0c6681826c72245d1f3,False,7b0078b893aeb838a0f5f0b3ece5f1505f2c0981a98c59561af4c69742a59ad6,bc9dd2f34387090f83611022ed1b92c2e8cc6181b37baadbb75314f73aa6341c,/home/homulily/code/bcp-cpp/bcp /home/homulily/code/bcp-cpp/dataset/c55_2_d2.col 'Xa(cache)' -t 3600 --use-symmetry-breaking --width fixed,DESKTOP-RJQ30EQ,Linux-6.8.0-51-generic-x86_64-with-glibc2.39,c++ (Ubuntu 15.2.0-16ubuntu1) 15.2.0,Python 3.14.4; pandas 2.3.3; psutil 7.2.2,1,2026-08-18T20:37:58.183767+07:00,CaDiCaL,0,Xa(cache),3600,False,,True,False,fixed
GEOM100.col,100,547,65,22954,131361,OPTIMAL,50,0.785655,1.05086,1.83651,101.30078,0,1,3,509f41020245d12b4e03b0c6681826c72245d1f3,False,91be09009a797c20a68cfb43f78cb01019c2cfdb8915d86e640e95938c315b19,bc9dd2f34387090f83611022ed1b92c2e8cc6181b37baadbb75314f73aa6341c,/home/homulily/code/bcp-cpp/bcp /home/homulily/code/bcp-cpp/dataset/GEOM100.col 'Xa(cache)' -t 3600 --use-symmetry-breaking --width fixed,DESKTOP-RJQ30EQ,Linux-6.8.0-51-generic-x86_64-with-glibc2.39,c++ (Ubuntu 15.2.0-16ubuntu1) 15.2.0,Python 3.14.4; pandas 2.3.3; psutil 7.2.2,1,2026-08-18T20:38:00.234432+07:00,CaDiCaL,0,Xa(cache),3600,False,,True,False,fixed
GEOM100a.col,100,992,92,34236,256008,OPTIMAL,66,2.64683,189.386,192.033,152.15625,0,1,3,509f41020245d12b4e03b0c6681826c72245d1f3,False,630c8dde843161518427f8d7ef92d9d1373781a7e028e2918c0070a86261b0f7,bc9dd2f34387090f83611022ed1b92c2e8cc6181b37baadbb75314f73aa6341c,/home/homulily/code/bcp-cpp/bcp /home/homulily/code/bcp-cpp/dataset/GEOM100a.col 'Xa(cache)' -t 3600 --use-symmetry-breaking --width fixed,DESKTOP-RJQ30EQ,Linux-6.8.0-51-generic-x86_64-with-glibc2.39,c++ (Ubuntu 15.2.0-16ubuntu1) 15.2.0,Python 3.14.4; pandas 2.3.3; psutil 7.2.2,1,2026-08-18T20:41:12.710036+07:00,CaDiCaL,0,Xa(cache),3600,False,,True,False,fixed
GEOM100b.col,100,1050,122,37303,285354,OPTIMAL,71,6.46224,155.694,162.156,158.30078,0,1,3,509f41020245d12b4e03b0c6681826c72245d1f3,False,14092a37b220ef17894222b959c735f68203286fc653930904fe5f13c3741ce5,bc9dd2f34387090f83611022ed1b92c2e8cc6181b37baadbb75314f73aa6341c,/home/homulily/code/bcp-cpp/bcp /home/homulily/code/bcp-cpp/dataset/GEOM100b.col 'Xa(cache)' -t 3600 --use-symmetry-breaking --width fixed,DESKTOP-RJQ30EQ,Linux-6.8.0-51-generic-x86_64-with-glibc2.39,c++ (Ubuntu 15.2.0-16ubuntu1) 15.2.0,Python 3.14.4; pandas 2.3.3; psutil 7.2.2,1,2026-08-18T20:43:55.896674+07:00,CaDiCaL,0,Xa(cache),3600,False,,True,False,fixed
GEOM110.col,110,638,65,25626,149802,OPTIMAL,50,0.835795,1.39516,2.23095,107.87109,0,1,3,509f41020245d12b4e03b0c6681826c72245d1f3,False,2c127a146238aee20765edfcc35a16dc2fd856e5577bfe6afdc859b7dcaddb49,bc9dd2f34387090f83611022ed1b92c2e8cc6181b37baadbb75314f73aa6341c,/home/homulily/code/bcp-cpp/bcp /home/homulily/code/bcp-cpp/dataset/GEOM110.col 'Xa(cache)' -t 3600 --use-symmetry-breaking --width fixed,DESKTOP-RJQ30EQ,Linux-6.8.0-51-generic-x86_64-with-glibc2.39,c++ (Ubuntu 15.2.0-16ubuntu1) 15.2.0,Python 3.14.4; pandas 2.3.3; psutil 7.2.2,1,2026-08-18T20:43:58.332560+07:00,CaDiCaL,0,Xa(cache),3600,False,,True,False,fixed
GEOM110a.col,110,1207,110,39551,315176,OPTIMAL,69,5.39081,204.832,210.223,173.6875,0,1,3,509f41020245d12b4e03b0c6681826c72245d1f3,False,9c37e408d641c20a1fc834cdfa27c50a49e532300506da93442ee8f07c8f7d3c,bc9dd2f34387090f83611022ed1b92c2e8cc6181b37baadbb75314f73aa6341c,/home/homulily/code/bcp-cpp/bcp /home/homulily/code/bcp-cpp/dataset/GEOM110a.col 'Xa(cache)' -t 3600 --use-symmetry-breaking --width fixed,DESKTOP-RJQ30EQ,Linux-6.8.0-51-generic-x86_64-with-glibc2.39,c++ (Ubuntu 15.2.0-16ubuntu1) 15.2.0,Python 3.14.4; pandas 2.3.3; psutil 7.2.2,1,2026-08-18T20:47:29.415541+07:00,CaDiCaL,0,Xa(cache),3600,False,,True,False,fixed
GEOM110b.col,110,1256,122,44888,361219,OPTIMAL,77,7.11065,830.154,837.264,195.77344,0,1,3,509f41020245d12b4e03b0c6681826c72245d1f3,False,aea172a16bc42de0504b35909d35fce000ded1613c496d28ea719a2d44ba7c51,bc9dd2f34387090f83611022ed1b92c2e8cc6181b37baadbb75314f73aa6341c,/home/homulily/code/bcp-cpp/bcp /home/homulily/code/bcp-cpp/dataset/GEOM110b.col 'Xa(cache)' -t 3600 --use-symmetry-breaking --width fixed,DESKTOP-RJQ30EQ,Linux-6.8.0-51-generic-x86_64-with-glibc2.39,c++ (Ubuntu 15.2.0-16ubuntu1) 15.2.0,Python 3.14.4; pandas 2.3.3; psutil 7.2.2,1,2026-08-18T21:01:27.859256+07:00,CaDiCaL,0,Xa(cache),3600,False,,True,False,fixed
GEOM120.col,120,773,74,34196,209093,OPTIMAL,59,1.18203,3.84759,5.02961,124.51562,0,1,3,509f41020245d12b4e03b0c6681826c72245d1f3,False,26357a9d4e2d8b08cdf055e2a882589f86c22c313fd9674a7f44b405c2aade4a,bc9dd2f34387090f83611022ed1b92c2e8cc6181b37baadbb75314f73aa6341c,/home/homulily/code/bcp-cpp/bcp /home/homulily/code/bcp-cpp/dataset/GEOM120.col 'Xa(cache)' -t 3600 --use-symmetry-breaking --width fixed,DESKTOP-RJQ30EQ,Linux-6.8.0-51-generic-x86_64-with-glibc2.39,c++ (Ubuntu 15.2.0-16ubuntu1) 15.2.0,Python 3.14.4; pandas 2.3.3; psutil 7.2.2,1,2026-08-18T21:01:33.177702+07:00,CaDiCaL,0,Xa(cache),3600,False,,True,False,fixed
GEOM120a.col,120,1434,110,53365,438919,OPTIMAL,82,4.69157,981.436,986.128,224.03125,0,1,3,509f41020245d12b4e03b0c6681826c72245d1f3,False,a920a2c75d8d4fde3a531cb30857d83f245364a0b88d5a18f86336b96bf07ab6,bc9dd2f34387090f83611022ed1b92c2e8cc6181b37baadbb75314f73aa6341c,/home/homulily/code/bcp-cpp/bcp /home/homulily/code/bcp-cpp/dataset/GEOM120a.col 'Xa(cache)' -t 3600 --use-symmetry-breaking --width fixed,DESKTOP-RJQ30EQ,Linux-6.8.0-51-generic-x86_64-with-glibc2.39,c++ (Ubuntu 15.2.0-16ubuntu1) 15.2.0,Python 3.14.4; pandas 2.3.3; psutil 7.2.2,1,2026-08-18T22:08:33.759802+07:00,CaDiCaL,0,Xa(cache),3600,False,,True,False,fixed
GEOM120b.col,120,1491,124,53831,451420,OPTIMAL,83,7.59248,954.739,962.331,248.32031,0,1,3,509f41020245d12b4e03b0c6681826c72245d1f3,False,745355ab3817a87504580de4d77629dce60b8f48ea8fb2c5da33224e8ef92e29,bc9dd2f34387090f83611022ed1b92c2e8cc6181b37baadbb75314f73aa6341c,/home/homulily/code/bcp-cpp/bcp /home/homulily/code/bcp-cpp/dataset/GEOM120b.col 'Xa(cache)' -t 3600 --use-symmetry-breaking --width fixed,DESKTOP-RJQ30EQ,Linux-6.8.0-51-generic-x86_64-with-glibc2.39,c++ (Ubuntu 15.2.0-16ubuntu1) 15.2.0,Python 3.14.4; pandas 2.3.3; psutil 7.2.2,1,2026-08-18T22:24:37.217910+07:00,CaDiCaL,0,Xa(cache),3600,False,,True,False,fixed
GEOM20.col,20,20,25,1136,3679,OPTIMAL,21,0.00605897,0.00203534,0.00809431,51.125,0,1,3,509f41020245d12b4e03b0c6681826c72245d1f3,False,08ed5ea76ef3bcb2228f4669162b3aa8c234de6a4dd75c3155a603919bc0167a,bc9dd2f34387090f83611022ed1b92c2e8cc6181b37baadbb75314f73aa6341c,/home/homulily/code/bcp-cpp/bcp /home/homulily/code/bcp-cpp/dataset/GEOM20.col 'Xa(cache)' -t 3600 --use-symmetry-breaking --width fixed,DESKTOP-RJQ30EQ,Linux-6.8.0-51-generic-x86_64-with-glibc2.39,c++ (Ubuntu 15.2.0-16ubuntu1) 15.2.0,Python 3.14.4; pandas 2.3.3; psutil 7.2.2,1,2026-08-18T22:24:37.244888+07:00,CaDiCaL,0,Xa(cache),3600,False,,True,False,fixed
GEOM20a.col,20,37,25,1298,4837,OPTIMAL,20,0.00980971,0.00293691,0.0127466,50.875,0,1,3,509f41020245d12b4e03b0c6681826c72245d1f3,False,5fe086947cbc99c9630087a727d0c9fe00065a9c4f6d6ebea7115ab4a8c161fb,bc9dd2f34387090f83611022ed1b92c2e8cc6181b37baadbb75314f73aa6341c,/home/homulily/code/bcp-cpp/bcp /home/homulily/code/bcp-cpp/dataset/GEOM20a.col 'Xa(cache)' -t 3600 --use-symmetry-breaking --width fixed,DESKTOP-RJQ30EQ,Linux-6.8.0-51-generic-x86_64-with-glibc2.39,c++ (Ubuntu 15.2.0-16ubuntu1) 15.2.0,Python 3.14.4; pandas 2.3.3; psutil 7.2.2,1,2026-08-18T22:24:37.356525+07:00,CaDiCaL,0,Xa(cache),3600,False,,True,False,fixed
GEOM20b.col,20,32,17,715,2498,OPTIMAL,13,0.00467208,0.00142451,0.00609659,51.125,0,1,3,509f41020245d12b4e03b0c6681826c72245d1f3,False,6be144806384554ada26f70be526ed0d42afb61a447cd96f826be5dbcf60288a,bc9dd2f34387090f83611022ed1b92c2e8cc6181b37baadbb75314f73aa6341c,/home/homulily/code/bcp-cpp/bcp /home/homulily/code/bcp-cpp/dataset/GEOM20b.col 'Xa(cache)' -t 3600 --use-symmetry-breaking --width fixed,DESKTOP-RJQ30EQ,Linux-6.8.0-51-generic-x86_64-with-glibc2.39,c++ (Ubuntu 15.2.0-16ubuntu1) 15.2.0,Python 3.14.4; pandas 2.3.3; psutil 7.2.2,1,2026-08-18T22:24:37.456403+07:00,CaDiCaL,0,Xa(cache),3600,False,,True,False,fixed
GEOM30.col,30,50,34,2629,10069,OPTIMAL,28,0.0219179,0.00698719,0.0289051,51.25,0,1,3,509f41020245d12b4e03b0c6681826c72245d1f3,False,489bd893683e4c3672aba625abb2643d68f9c2a6d3776c9b26400831c548bd51,bc9dd2f34387090f83611022ed1b92c2e8cc6181b37baadbb75314f73aa6341c,/home/homulily/code/bcp-cpp/bcp /home/homulily/code/bcp-cpp/dataset/GEOM30.col 'Xa(cache)' -t 3600 --use-symmetry-breaking --width fixed,DESKTOP-RJQ30EQ,Linux-6.8.0-51-generic-x86_64-with-glibc2.39,c++ (Ubuntu 15.2.0-16ubuntu1) 15.2.0,Python 3.14.4; pandas 2.3.3; psutil 7.2.2,1,2026-08-18T22:24:37.588924+07:00,CaDiCaL,0,Xa(cache),3600,False,,True,False,fixed
GEOM30a.col,30,81,33,2887,12642,OPTIMAL,27,0.0279753,0.00693948,0.0349148,50.875,0,1,3,509f41020245d12b4e03b0c6681826c72245d1f3,False,10bfa32a02f1c8633027611fc7eb773d3d5088d3bc49d1419471fc4ca266eca9,bc9dd2f34387090f83611022ed1b92c2e8cc6181b37baadbb75314f73aa6341c,/home/homulily/code/bcp-cpp/bcp /home/homulily/code/bcp-cpp/dataset/GEOM30a.col 'Xa(cache)' -t 3600 --use-symmetry-breaking --width fixed,DESKTOP-RJQ30EQ,Linux-6.8.0-51-generic-x86_64-with-glibc2.39,c++ (Ubuntu 15.2.0-16ubuntu1) 15.2.0,Python 3.14.4; pandas 2.3.3; psutil 7.2.2,1,2026-08-18T22:24:37.702316+07:00,CaDiCaL,0,Xa(cache),3600,False,,True,False,fixed
GEOM30b.col,30,81,28,2882,12332,OPTIMAL,26,0.0134858,0.00301579,0.0165016,50.75,0,1,3,509f41020245d12b4e03b0c6681826c72245d1f3,False,41e7babfc1e85334f1653ee7e88e11a11b0065ce2d50a72a801b4b00cfe2330a,bc9dd2f34387090f83611022ed1b92c2e8cc6181b37baadbb75314f73aa6341c,/home/homulily/code/bcp-cpp/bcp /home/homulily/code/bcp-cpp/dataset/GEOM30b.col 'Xa(cache)' -t 3600 --use-symmetry-breaking --width fixed,DESKTOP-RJQ30EQ,Linux-6.8.0-51-generic-x86_64-with-glibc2.39,c++ (Ubuntu 15.2.0-16ubuntu1) 15.2.0,Python 3.14.4; pandas 2.3.3; psutil 7.2.2,1,2026-08-18T22:24:37.789366+07:00,CaDiCaL,0,Xa(cache),3600,False,,True,False,fixed
GEOM40.col,40,78,34,3775,14938,OPTIMAL,28,0.0333564,0.00807764,0.0414341,51.125,0,1,3,509f41020245d12b4e03b0c6681826c72245d1f3,False,4968db2efd363df2b56fdfbab3c914f8100884884a68f0b07cbbc4e20aa1f192,bc9dd2f34387090f83611022ed1b92c2e8cc6181b37baadbb75314f73aa6341c,/home/homulily/code/bcp-cpp/bcp /home/homulily/code/bcp-cpp/dataset/GEOM40.col 'Xa(cache)' -t 3600 --use-symmetry-breaking --width fixed,DESKTOP-RJQ30EQ,Linux-6.8.0-51-generic-x86_64-with-glibc2.39,c++ (Ubuntu 15.2.0-16ubuntu1) 15.2.0,Python 3.14.4; pandas 2.3.3; psutil 7.2.2,1,2026-08-18T22:24:37.925881+07:00,CaDiCaL,0,Xa(cache),3600,False,,True,False,fixed
GEOM40a.col,40,146,51,5946,29002,OPTIMAL,37,0.139703,0.0392055,0.178908,66.01562,0,1,3,509f41020245d12b4e03b0c6681826c72245d1f3,False,0bd50dc07b7e234154a3f92e5d2cf1ac6ad83c47badf984a837587fe7c35ca6b,bc9dd2f34387090f83611022ed1b92c2e8cc6181b37baadbb75314f73aa6341c,/home/homulily/code/bcp-cpp/bcp /home/homulily/code/bcp-cpp/dataset/GEOM40a.col 'Xa(cache)' -t 3600 --use-symmetry-breaking --width fixed,DESKTOP-RJQ30EQ,Linux-6.8.0-51-generic-x86_64-with-glibc2.39,c++ (Ubuntu 15.2.0-16ubuntu1) 15.2.0,Python 3.14.4; pandas 2.3.3; psutil 7.2.2,1,2026-08-18T22:24:38.184876+07:00,CaDiCaL,0,Xa(cache),3600,False,,True,False,fixed
GEOM40b.col,40,157,41,5327,26326,OPTIMAL,33,0.0787066,0.0279824,0.106689,65.03516,0,1,3,509f41020245d12b4e03b0c6681826c72245d1f3,False,1ccb98f8f5e910eb9d4064ba5b23dff42c9067ecd2d40d0879250dbd16181ddf,bc9dd2f34387090f83611022ed1b92c2e8cc6181b37baadbb75314f73aa6341c,/home/homulily/code/bcp-cpp/bcp /home/homulily/code/bcp-cpp/dataset/GEOM40b.col 'Xa(cache)' -t 3600 --use-symmetry-breaking --width fixed,DESKTOP-RJQ30EQ,Linux-6.8.0-51-generic-x86_64-with-glibc2.39,c++ (Ubuntu 15.2.0-16ubuntu1) 15.2.0,Python 3.14.4; pandas 2.3.3; psutil 7.2.2,1,2026-08-18T22:24:38.410705+07:00,CaDiCaL,0,Xa(cache),3600,False,,True,False,fixed
GEOM50.col,50,127,37,5076,21500,OPTIMAL,28,0.0710139,0.0126548,0.0836687,53.76172,0,1,3,509f41020245d12b4e03b0c6681826c72245d1f3,False,c584455fa3b51a54152148534733fdf90022ccefd515c1770417925f43ef5434,bc9dd2f34387090f83611022ed1b92c2e8cc6181b37baadbb75314f73aa6341c,/home/homulily/code/bcp-cpp/bcp /home/homulily/code/bcp-cpp/dataset/GEOM50.col 'Xa(cache)' -t 3600 --use-symmetry-breaking --width fixed,DESKTOP-RJQ30EQ,Linux-6.8.0-51-generic-x86_64-with-glibc2.39,c++ (Ubuntu 15.2.0-16ubuntu1) 15.2.0,Python 3.14.4; pandas 2.3.3; psutil 7.2.2,1,2026-08-18T22:24:38.595475+07:00,CaDiCaL,0,Xa(cache),3600,False,,True,False,fixed
GEOM50a.col,50,238,62,10796,59901,OPTIMAL,50,0.245211,0.412276,0.657487,75.14844,0,1,3,509f41020245d12b4e03b0c6681826c72245d1f3,False,09a35a2b65ed3e0dcd221ac73c5adb47901d19e134e9d9ce99d087c064f5b13b,bc9dd2f34387090f83611022ed1b92c2e8cc6181b37baadbb75314f73aa6341c,/home/homulily/code/bcp-cpp/bcp /home/homulily/code/bcp-cpp/dataset/GEOM50a.col 'Xa(cache)' -t 3600 --use-symmetry-breaking --width fixed,DESKTOP-RJQ30EQ,Linux-6.8.0-51-generic-x86_64-with-glibc2.39,c++ (Ubuntu 15.2.0-16ubuntu1) 15.2.0,Python 3.14.4; pandas 2.3.3; psutil 7.2.2,1,2026-08-18T22:24:39.403026+07:00,CaDiCaL,0,Xa(cache),3600,False,,True,False,fixed
GEOM50b.col,50,249,55,7649,40783,OPTIMAL,35,0.310506,0.134549,0.445055,70.28906,0,1,3,509f41020245d12b4e03b0c6681826c72245d1f3,False,7b21131c086e1fd406658aed26e1d79b31aa8f81bf25493c8658813e81076dca,bc9dd2f34387090f83611022ed1b92c2e8cc6181b37baadbb75314f73aa6341c,/home/homulily/code/bcp-cpp/bcp /home/homulily/code/bcp-cpp/dataset/GEOM50b.col 'Xa(cache)' -t 3600 --use-symmetry-breaking --width fixed,DESKTOP-RJQ30EQ,Linux-6.8.0-51-generic-x86_64-with-glibc2.39,c++ (Ubuntu 15.2.0-16ubuntu1) 15.2.0,Python 3.14.4; pandas 2.3.3; psutil 7.2.2,1,2026-08-18T22:24:39.908676+07:00,CaDiCaL,0,Xa(cache),3600,False,,True,False,fixed
GEOM60.col,60,185,37,7605,35172,OPTIMAL,33,0.0584985,0.0133271,0.0718256,51.125,0,1,3,509f41020245d12b4e03b0c6681826c72245d1f3,False,9575aa95916bb0ddb24ac95ceb686ad79834715a8c3c97743905c76227ffa048,bc9dd2f34387090f83611022ed1b92c2e8cc6181b37baadbb75314f73aa6341c,/home/homulily/code/bcp-cpp/bcp /home/homulily/code/bcp-cpp/dataset/GEOM60.col 'Xa(cache)' -t 3600 --use-symmetry-breaking --width fixed,DESKTOP-RJQ30EQ,Linux-6.8.0-51-generic-x86_64-with-glibc2.39,c++ (Ubuntu 15.2.0-16ubuntu1) 15.2.0,Python 3.14.4; pandas 2.3.3; psutil 7.2.2,1,2026-08-18T22:24:40.004513+07:00,CaDiCaL,0,Xa(cache),3600,False,,True,False,fixed
GEOM60a.col,60,339,62,13316,78829,OPTIMAL,50,0.325505,0.710274,1.03578,85.20703,0,1,3,509f41020245d12b4e03b0c6681826c72245d1f3,False,c6266e394b59107ef80c14a3ed0d8dd4ae62c646238c8358f8080547a85fd68c,bc9dd2f34387090f83611022ed1b92c2e8cc6181b37baadbb75314f73aa6341c,/home/homulily/code/bcp-cpp/bcp /home/homulily/code/bcp-cpp/dataset/GEOM60a.col 'Xa(cache)' -t 3600 --use-symmetry-breaking --width fixed,DESKTOP-RJQ30EQ,Linux-6.8.0-51-generic-x86_64-with-glibc2.39,c++ (Ubuntu 15.2.0-16ubuntu1) 15.2.0,Python 3.14.4; pandas 2.3.3; psutil 7.2.2,1,2026-08-18T22:24:41.108080+07:00,CaDiCaL,0,Xa(cache),3600,False,,True,False,fixed
GEOM60b.col,60,366,64,11262,66105,OPTIMAL,41,0.572863,1.20119,1.77406,82.64844,0,1,3,509f41020245d12b4e03b0c6681826c72245d1f3,False,8305498f1acbb0e13fc3e5b6756eebb72600bd69b237f5d836248a8d8e040f76,bc9dd2f34387090f83611022ed1b92c2e8cc6181b37baadbb75314f73aa6341c,/home/homulily/code/bcp-cpp/bcp /home/homulily/code/bcp-cpp/dataset/GEOM60b.col 'Xa(cache)' -t 3600 --use-symmetry-breaking --width fixed,DESKTOP-RJQ30EQ,Linux-6.8.0-51-generic-x86_64-with-glibc2.39,c++ (Ubuntu 15.2.0-16ubuntu1) 15.2.0,Python 3.14.4; pandas 2.3.3; psutil 7.2.2,1,2026-08-18T22:24:42.993423+07:00,CaDiCaL,0,Xa(cache),3600,False,,True,False,fixed
GEOM70.col,70,267,45,11305,55353,OPTIMAL,38,0.142431,0.0608187,0.20325,71.32422,0,1,3,509f41020245d12b4e03b0c6681826c72245d1f3,False,6709158dd6a0c24605665511d543798f2cda198fb9b943c841d842af483b8b5f,bc9dd2f34387090f83611022ed1b92c2e8cc6181b37baadbb75314f73aa6341c,/home/homulily/code/bcp-cpp/bcp /home/homulily/code/bcp-cpp/dataset/GEOM70.col 'Xa(cache)' -t 3600 --use-symmetry-breaking --width fixed,DESKTOP-RJQ30EQ,Linux-6.8.0-51-generic-x86_64-with-glibc2.39,c++ (Ubuntu 15.2.0-16ubuntu1) 15.2.0,Python 3.14.4; pandas 2.3.3; psutil 7.2.2,1,2026-08-18T22:24:43.284592+07:00,CaDiCaL,0,Xa(cache),3600,False,,True,False,fixed
GEOM70a.col,70,459,73,19927,126019,OPTIMAL,61,0.521795,2.62463,3.14642,97.32422,0,1,3,509f41020245d12b4e03b0c6681826c72245d1f3,False,e256a1a0b8f2637a931d35ffacdb28b715bcafa769a4bbedc21eb991683d0a40,bc9dd2f34387090f83611022ed1b92c2e8cc6181b37baadbb75314f73aa6341c,/home/homulily/code/bcp-cpp/bcp /home/homulily/code/bcp-cpp/dataset/GEOM70a.col 'Xa(cache)' -t 3600 --use-symmetry-breaking --width fixed,DESKTOP-RJQ30EQ,Linux-6.8.0-51-generic-x86_64-with-glibc2.39,c++ (Ubuntu 15.2.0-16ubuntu1) 15.2.0,Python 3.14.4; pandas 2.3.3; psutil 7.2.2,1,2026-08-18T22:24:46.585680+07:00,CaDiCaL,0,Xa(cache),3600,False,,True,False,fixed
GEOM70b.col,70,488,77,15819,97234,OPTIMAL,47,1.12789,4.07631,5.2042,93.42578,0,1,3,509f41020245d12b4e03b0c6681826c72245d1f3,False,50b43cacfa298b2c9f4c05ca437a5559b357c8348aa59226bf3c2fd9b98b03b8,bc9dd2f34387090f83611022ed1b92c2e8cc6181b37baadbb75314f73aa6341c,/home/homulily/code/bcp-cpp/bcp /home/homulily/code/bcp-cpp/dataset/GEOM70b.col 'Xa(cache)' -t 3600 --use-symmetry-breaking --width fixed,DESKTOP-RJQ30EQ,Linux-6.8.0-51-generic-x86_64-with-glibc2.39,c++ (Ubuntu 15.2.0-16ubuntu1) 15.2.0,Python 3.14.4; pandas 2.3.3; psutil 7.2.2,1,2026-08-18T22:24:52.065235+07:00,CaDiCaL,0,Xa(cache),3600,False,,True,False,fixed
GEOM80.col,80,349,55,14073,73627,OPTIMAL,41,0.368498,0.0824353,0.450933,78.78125,0,1,3,509f41020245d12b4e03b0c6681826c72245d1f3,False,46454b38ff8d83fe0020c6f3e5408c0ca37e868bc79f74749c4a8e555730df9c,bc9dd2f34387090f83611022ed1b92c2e8cc6181b37baadbb75314f73aa6341c,/home/homulily/code/bcp-cpp/bcp /home/homulily/code/bcp-cpp/dataset/GEOM80.col 'Xa(cache)' -t 3600 --use-symmetry-breaking --width fixed,DESKTOP-RJQ30EQ,Linux-6.8.0-51-generic-x86_64-with-glibc2.39,c++ (Ubuntu 15.2.0-16ubuntu1) 15.2.0,Python 3.14.4; pandas 2.3.3; psutil 7.2.2,1,2026-08-18T22:24:52.667254+07:00,CaDiCaL,0,Xa(cache),3600,False,,True,False,fixed
GEOM80a.col,80,612,80,24839,165338,OPTIMAL,63,0.986333,6.10209,7.08843,107.92969,0,1,3,509f41020245d12b4e03b0c6681826c72245d1f3,False,f8cd1c510008df8e302411facc59a809be027620b27f632f811c1c94c76d78c9,bc9dd2f34387090f83611022ed1b92c2e8cc6181b37baadbb75314f73aa6341c,/home/homulily/code/bcp-cpp/bcp /home/homulily/code/bcp-cpp/dataset/GEOM80a.col 'Xa(cache)' -t 3600 --use-symmetry-breaking --width fixed,DESKTOP-RJQ30EQ,Linux-6.8.0-51-generic-x86_64-with-glibc2.39,c++ (Ubuntu 15.2.0-16ubuntu1) 15.2.0,Python 3.14.4; pandas 2.3.3; psutil 7.2.2,1,2026-08-18T22:25:00.000369+07:00,CaDiCaL,0,Xa(cache),3600,False,,True,False,fixed
GEOM80b.col,80,663,99,23939,162865,OPTIMAL,60,2.57928,9.31293,11.8922,119.44141,0,1,3,509f41020245d12b4e03b0c6681826c72245d1f3,False,a8dcc40cfc8d87903196406f815c4d512a7c68e3e966538768a0601bfac7d301,bc9dd2f34387090f83611022ed1b92c2e8cc6181b37baadbb75314f73aa6341c,/home/homulily/code/bcp-cpp/bcp /home/homulily/code/bcp-cpp/dataset/GEOM80b.col 'Xa(cache)' -t 3600 --use-symmetry-breaking --width fixed,DESKTOP-RJQ30EQ,Linux-6.8.0-51-generic-x86_64-with-glibc2.39,c++ (Ubuntu 15.2.0-16ubuntu1) 15.2.0,Python 3.14.4; pandas 2.3.3; psutil 7.2.2,1,2026-08-18T22:25:12.314538+07:00,CaDiCaL,0,Xa(cache),3600,False,,True,False,fixed
GEOM90.col,90,441,55,18868,100962,OPTIMAL,46,0.329196,0.172796,0.501992,84.41797,0,1,3,509f41020245d12b4e03b0c6681826c72245d1f3,False,8b99774b70737296ed7b4c8a3ad9ec1827182467166c5e7c93a1c2117473f7cf,bc9dd2f34387090f83611022ed1b92c2e8cc6181b37baadbb75314f73aa6341c,/home/homulily/code/bcp-cpp/bcp /home/homulily/code/bcp-cpp/dataset/GEOM90.col 'Xa(cache)' -t 3600 --use-symmetry-breaking --width fixed,DESKTOP-RJQ30EQ,Linux-6.8.0-51-generic-x86_64-with-glibc2.39,c++ (Ubuntu 15.2.0-16ubuntu1) 15.2.0,Python 3.14.4; pandas 2.3.3; psutil 7.2.2,1,2026-08-18T22:25:12.885398+07:00,CaDiCaL,0,Xa(cache),3600,False,,True,False,fixed
GEOM90a.col,90,789,81,28671,201569,OPTIMAL,63,1.27448,12.1622,13.4367,119.65625,0,1,3,509f41020245d12b4e03b0c6681826c72245d1f3,False,254a4ba130fad8005c03d2288438d16ff5c3768cb05ebe3b37929f9f3247a1df,bc9dd2f34387090f83611022ed1b92c2e8cc6181b37baadbb75314f73aa6341c,/home/homulily/code/bcp-cpp/bcp /home/homulily/code/bcp-cpp/dataset/GEOM90a.col 'Xa(cache)' -t 3600 --use-symmetry-breaking --width fixed,DESKTOP-RJQ30EQ,Linux-6.8.0-51-generic-x86_64-with-glibc2.39,c++ (Ubuntu 15.2.0-16ubuntu1) 15.2.0,Python 3.14.4; pandas 2.3.3; psutil 7.2.2,1,2026-08-18T22:25:26.567220+07:00,CaDiCaL,0,Xa(cache),3600,False,,True,False,fixed
GEOM90b.col,90,860,110,31910,234237,OPTIMAL,69,3.92999,55.0714,59.0014,138.98438,0,1,3,509f41020245d12b4e03b0c6681826c72245d1f3,False,e293687b9c36702121066f37ac02cf4e8901dbaa3fd5ba7e864b0e00ba74fac3,bc9dd2f34387090f83611022ed1b92c2e8cc6181b37baadbb75314f73aa6341c,/home/homulily/code/bcp-cpp/bcp /home/homulily/code/bcp-cpp/dataset/GEOM90b.col 'Xa(cache)' -t 3600 --use-symmetry-breaking --width fixed,DESKTOP-RJQ30EQ,Linux-6.8.0-51-generic-x86_64-with-glibc2.39,c++ (Ubuntu 15.2.0-16ubuntu1) 15.2.0,Python 3.14.4; pandas 2.3.3; psutil 7.2.2,1,2026-08-18T22:26:26.247951+07:00,CaDiCaL,0,Xa(cache),3600,False,,True,False,fixed
c21_1_d1.col,21,102,8,231,930,OPTIMAL,7,0.000921013,0.00210336,0.00302438,51.125,0,1,3,509f41020245d12b4e03b0c6681826c72245d1f3,False,f838258c4c693e09ad2cc97943c674fc5b2ee14e0f97961fdfdeb239b8436773,bc9dd2f34387090f83611022ed1b92c2e8cc6181b37baadbb75314f73aa6341c,/home/homulily/code/bcp-cpp/bcp /home/homulily/code/bcp-cpp/dataset/c21_1_d1.col 'Xa(cache)' -t 3600 --use-symmetry-breaking --width fixed,DESKTOP-RJQ30EQ,Linux-6.8.0-51-generic-x86_64-with-glibc2.39,c++ (Ubuntu 15.2.0-16ubuntu1) 15.2.0,Python 3.14.4; pandas 2.3.3; psutil 7.2.2,1,2026-08-18T22:26:26.342946+07:00,CaDiCaL,0,Xa(cache),3600,False,,True,False,fixed
c21_1_d2.col,21,102,8,231,930,OPTIMAL,7,0.000908191,0.00217584,0.00308403,51.125,0,1,3,509f41020245d12b4e03b0c6681826c72245d1f3,False,17ff4bba73f02ee89dd3d91ccbca1a01ac0062c8872237c8916bc44590d256d5,bc9dd2f34387090f83611022ed1b92c2e8cc6181b37baadbb75314f73aa6341c,/home/homulily/code/bcp-cpp/bcp /home/homulily/code/bcp-cpp/dataset/c21_1_d2.col 'Xa(cache)' -t 3600 --use-symmetry-breaking --width fixed,DESKTOP-RJQ30EQ,Linux-6.8.0-51-generic-x86_64-with-glibc2.39,c++ (Ubuntu 15.2.0-16ubuntu1) 15.2.0,Python 3.14.4; pandas 2.3.3; psutil 7.2.2,1,2026-08-18T22:26:26.450221+07:00,CaDiCaL,0,Xa(cache),3600,False,,True,False,fixed
c21_2_d1.col,21,102,12,357,2054,OPTIMAL,9,0.00313494,0.00174756,0.0048825,51.12891,0,1,3,509f41020245d12b4e03b0c6681826c72245d1f3,False,bc5ff196032b38d098ccbb833a33557f397c0d16b5f8a281ddda8141f182fab6,bc9dd2f34387090f83611022ed1b92c2e8cc6181b37baadbb75314f73aa6341c,/home/homulily/code/bcp-cpp/bcp /home/homulily/code/bcp-cpp/dataset/c21_2_d1.col 'Xa(cache)' -t 3600 --use-symmetry-breaking --width fixed,DESKTOP-RJQ30EQ,Linux-6.8.0-51-generic-x86_64-with-glibc2.39,c++ (Ubuntu 15.2.0-16ubuntu1) 15.2.0,Python 3.14.4; pandas 2.3.3; psutil 7.2.2,1,2026-08-18T22:26:26.559755+07:00,CaDiCaL,0,Xa(cache),3600,False,,True,False,fixed
c21_2_d2.col,21,102,12,357,2054,OPTIMAL,9,0.00321973,0.00183015,0.00504989,51.12891,0,1,3,509f41020245d12b4e03b0c6681826c72245d1f3,False,357f7cf6535a13a2109dbf9d363efff9cc6e0038fccf653c1dafc7e92e00fe01,bc9dd2f34387090f83611022ed1b92c2e8cc6181b37baadbb75314f73aa6341c,/home/homulily/code/bcp-cpp/bcp /home/homulily/code/bcp-cpp/dataset/c21_2_d2.col 'Xa(cache)' -t 3600 --use-symmetry-breaking --width fixed,DESKTOP-RJQ30EQ,Linux-6.8.0-51-generic-x86_64-with-glibc2.39,c++ (Ubuntu 15.2.0-16ubuntu1) 15.2.0,Python 3.14.4; pandas 2.3.3; psutil 7.2.2,1,2026-08-18T22:26:26.668442+07:00,CaDiCaL,0,Xa(cache),3600,False,,True,False,fixed
c21_3_d1.col,21,102,8,231,930,OPTIMAL,7,0.00100315,0.00191249,0.00291564,51.12891,0,1,3,509f41020245d12b4e03b0c6681826c72245d1f3,False,2765b742e9eb99580ca620c1af200f5de170405ca0f8ef34101dec9696c2f9ee,bc9dd2f34387090f83611022ed1b92c2e8cc6181b37baadbb75314f73aa6341c,/home/homulily/code/bcp-cpp/bcp /home/homulily/code/bcp-cpp/dataset/c21_3_d1.col 'Xa(cache)' -t 3600 --use-symmetry-breaking --width fixed,DESKTOP-RJQ30EQ,Linux-6.8.0-51-generic-x86_64-with-glibc2.39,c++ (Ubuntu 15.2.0-16ubuntu1) 15.2.0,Python 3.14.4; pandas 2.3.3; psutil 7.2.2,1,2026-08-18T22:26:26.769331+07:00,CaDiCaL,0,Xa(cache),3600,False,,True,False,fixed
c21_3_d2.col,21,102,8,231,930,OPTIMAL,7,0.000977834,0.00197362,0.00295145,50.94141,0,1,3,509f41020245d12b4e03b0c6681826c72245d1f3,False,5274c4b0e9751b679b2b38ab34627c4d1eca543d53c9c4086f61ec64f8ee1c6f,bc9dd2f34387090f83611022ed1b92c2e8cc6181b37baadbb75314f73aa6341c,/home/homulily/code/bcp-cpp/bcp /home/homulily/code/bcp-cpp/dataset/c21_3_d2.col 'Xa(cache)' -t 3600 --use-symmetry-breaking --width fixed,DESKTOP-RJQ30EQ,Linux-6.8.0-51-generic-x86_64-with-glibc2.39,c++ (Ubuntu 15.2.0-16ubuntu1) 15.2.0,Python 3.14.4; pandas 2.3.3; psutil 7.2.2,1,2026-08-18T22:26:26.877360+07:00,CaDiCaL,0,Xa(cache),3600,False,,True,False,fixed
c21_4_d1.col,21,102,12,357,2054,OPTIMAL,9,0.00301332,0.00188032,0.00489364,50.87891,0,1,3,509f41020245d12b4e03b0c6681826c72245d1f3,False,19dd5b83496200f38741c1f02f9fc646d0eae6d2a435789be0650d1e3455d42b,bc9dd2f34387090f83611022ed1b92c2e8cc6181b37baadbb75314f73aa6341c,/home/homulily/code/bcp-cpp/bcp /home/homulily/code/bcp-cpp/dataset/c21_4_d1.col 'Xa(cache)' -t 3600 --use-symmetry-breaking --width fixed,DESKTOP-RJQ30EQ,Linux-6.8.0-51-generic-x86_64-with-glibc2.39,c++ (Ubuntu 15.2.0-16ubuntu1) 15.2.0,Python 3.14.4; pandas 2.3.3; psutil 7.2.2,1,2026-08-18T22:26:26.986808+07:00,CaDiCaL,0,Xa(cache),3600,False,,True,False,fixed
c21_4_d2.col,21,102,12,357,2054,OPTIMAL,9,0.00325251,0.00181355,0.00506607,51.12891,0,1,3,509f41020245d12b4e03b0c6681826c72245d1f3,False,dcae409f3fa775f5d64e2a1c13109513f71b4261ac6646fa06061715bb34c40c,bc9dd2f34387090f83611022ed1b92c2e8cc6181b37baadbb75314f73aa6341c,/home/homulily/code/bcp-cpp/bcp /home/homulily/code/bcp-cpp/dataset/c21_4_d2.col 'Xa(cache)' -t 3600 --use-symmetry-breaking --width fixed,DESKTOP-RJQ30EQ,Linux-6.8.0-51-generic-x86_64-with-glibc2.39,c++ (Ubuntu 15.2.0-16ubuntu1) 15.2.0,Python 3.14.4; pandas 2.3.3; psutil 7.2.2,1,2026-08-18T22:26:27.093371+07:00,CaDiCaL,0,Xa(cache),3600,False,,True,False,fixed
c21_5_d1.col,21,102,8,231,930,OPTIMAL,7,0.000948939,0.00193953,0.00288847,51.12891,0,1,3,509f41020245d12b4e03b0c6681826c72245d1f3,False,9b48d14af7b6c13caa07b34bb084a2f18f2bbe1f27e4357c5d1d30b214e43ba0,bc9dd2f34387090f83611022ed1b92c2e8cc6181b37baadbb75314f73aa6341c,/home/homulily/code/bcp-cpp/bcp /home/homulily/code/bcp-cpp/dataset/c21_5_d1.col 'Xa(cache)' -t 3600 --use-symmetry-breaking --width fixed,DESKTOP-RJQ30EQ,Linux-6.8.0-51-generic-x86_64-with-glibc2.39,c++ (Ubuntu 15.2.0-16ubuntu1) 15.2.0,Python 3.14.4; pandas 2.3.3; psutil 7.2.2,1,2026-08-18T22:26:27.198684+07:00,CaDiCaL,0,Xa(cache),3600,False,,True,False,fixed
c21_5_d2.col,21,102,8,231,930,OPTIMAL,7,0.00100588,0.0020946,0.00310049,51.25391,0,1,3,509f41020245d12b4e03b0c6681826c72245d1f3,False,bfa272eb474be3d829f6ae72dc0b350e3cc16cae91bd5b0268f9d7d42e029bdf,bc9dd2f34387090f83611022ed1b92c2e8cc6181b37baadbb75314f73aa6341c,/home/homulily/code/bcp-cpp/bcp /home/homulily/code/bcp-cpp/dataset/c21_5_d2.col 'Xa(cache)' -t 3600 --use-symmetry-breaking --width fixed,DESKTOP-RJQ30EQ,Linux-6.8.0-51-generic-x86_64-with-glibc2.39,c++ (Ubuntu 15.2.0-16ubuntu1) 15.2.0,Python 3.14.4; pandas 2.3.3; psutil 7.2.2,1,2026-08-18T22:26:27.305173+07:00,CaDiCaL,0,Xa(cache),3600,False,,True,False,fixed
c21_6_d1.col,21,102,12,357,2054,OPTIMAL,9,0.00323347,0.00174471,0.00497818,51.12891,0,1,3,509f41020245d12b4e03b0c6681826c72245d1f3,False,67f709a59420aa411b280438ae2a69559cb89dbc2a475e7237b5ff6beb322fc2,bc9dd2f34387090f83611022ed1b92c2e8cc6181b37baadbb75314f73aa6341c,/home/homulily/code/bcp-cpp/bcp /home/homulily/code/bcp-cpp/dataset/c21_6_d1.col 'Xa(cache)' -t 3600 --use-symmetry-breaking --width fixed,DESKTOP-RJQ30EQ,Linux-6.8.0-51-generic-x86_64-with-glibc2.39,c++ (Ubuntu 15.2.0-16ubuntu1) 15.2.0,Python 3.14.4; pandas 2.3.3; psutil 7.2.2,1,2026-08-18T22:26:27.413511+07:00,CaDiCaL,0,Xa(cache),3600,False,,True,False,fixed
c21_6_d2.col,21,102,12,357,2054,OPTIMAL,9,0.00328581,0.00188092,0.00516673,51.12891,0,1,3,509f41020245d12b4e03b0c6681826c72245d1f3,False,75ba8238057f4be94630617bff4cf631976862699cffdb81bcbe628b6f5af066,bc9dd2f34387090f83611022ed1b92c2e8cc6181b37baadbb75314f73aa6341c,/home/homulily/code/bcp-cpp/bcp /home/homulily/code/bcp-cpp/dataset/c21_6_d2.col 'Xa(cache)' -t 3600 --use-symmetry-breaking --width fixed,DESKTOP-RJQ30EQ,Linux-6.8.0-51-generic-x86_64-with-glibc2.39,c++ (Ubuntu 15.2.0-16ubuntu1) 15.2.0,Python 3.14.4; pandas 2.3.3; psutil 7.2.2,1,2026-08-18T22:26:27.516582+07:00,CaDiCaL,0,Xa(cache),3600,False,,True,False,fixed
c21_7_d1.col,21,102,8,231,930,OPTIMAL,7,0.000978406,0.00196881,0.00294721,50.62891,0,1,3,509f41020245d12b4e03b0c6681826c72245d1f3,False,a5740086f18083fcf131d5f89bf75b7673b05dfb0366edb4c45fca95b2789986,bc9dd2f34387090f83611022ed1b92c2e8cc6181b37baadbb75314f73aa6341c,/home/homulily/code/bcp-cpp/bcp /home/homulily/code/bcp-cpp/dataset/c21_7_d1.col 'Xa(cache)' -t 3600 --use-symmetry-breaking --width fixed,DESKTOP-RJQ30EQ,Linux-6.8.0-51-generic-x86_64-with-glibc2.39,c++ (Ubuntu 15.2.0-16ubuntu1) 15.2.0,Python 3.14.4; pandas 2.3.3; psutil 7.2.2,1,2026-08-18T22:26:27.621015+07:00,CaDiCaL,0,Xa(cache),3600,False,,True,False,fixed
c21_7_d2.col,21,102,8,231,930,OPTIMAL,7,0.00092133,0.00203944,0.00296077,50.81641,0,1,3,509f41020245d12b4e03b0c6681826c72245d1f3,False,ac84b1b113bb6b57a70caec3bc248b94cc90c0bb1186f65645d78821eb05adbd,bc9dd2f34387090f83611022ed1b92c2e8cc6181b37baadbb75314f73aa6341c,/home/homulily/code/bcp-cpp/bcp /home/homulily/code/bcp-cpp/dataset/c21_7_d2.col 'Xa(cache)' -t 3600 --use-symmetry-breaking --width fixed,DESKTOP-RJQ30EQ,Linux-6.8.0-51-generic-x86_64-with-glibc2.39,c++ (Ubuntu 15.2.0-16ubuntu1) 15.2.0,Python 3.14.4; pandas 2.3.3; psutil 7.2.2,1,2026-08-18T22:26:27.726031+07:00,CaDiCaL,0,Xa(cache),3600,False,,True,False,fixed
c21_8_d1.col,21,102,12,357,2054,OPTIMAL,9,0.00304543,0.00204187,0.00508731,49.94141,0,1,3,509f41020245d12b4e03b0c6681826c72245d1f3,False,bb8a14faad6327dbd85291090c1bdb4c5568aa8d9d5a7bd53c8654f3ab113224,bc9dd2f34387090f83611022ed1b92c2e8cc6181b37baadbb75314f73aa6341c,/home/homulily/code/bcp-cpp/bcp /home/homulily/code/bcp-cpp/dataset/c21_8_d1.col 'Xa(cache)' -t 3600 --use-symmetry-breaking --width fixed,DESKTOP-RJQ30EQ,Linux-6.8.0-51-generic-x86_64-with-glibc2.39,c++ (Ubuntu 15.2.0-16ubuntu1) 15.2.0,Python 3.14.4; pandas 2.3.3; psutil 7.2.2,1,2026-08-18T22:26:27.832002+07:00,CaDiCaL,0,Xa(cache),3600,False,,True,False,fixed
c21_8_d2.col,21,102,12,357,2054,OPTIMAL,9,0.00312672,0.00189573,0.00502245,50.75391,0,1,3,509f41020245d12b4e03b0c6681826c72245d1f3,False,f5ba7310979dcec808371e784a264f60b7a9480e3c89e6597cce412caf40d991,bc9dd2f34387090f83611022ed1b92c2e8cc6181b37baadbb75314f73aa6341c,/home/homulily/code/bcp-cpp/bcp /home/homulily/code/bcp-cpp/dataset/c21_8_d2.col 'Xa(cache)' -t 3600 --use-symmetry-breaking --width fixed,DESKTOP-RJQ30EQ,Linux-6.8.0-51-generic-x86_64-with-glibc2.39,c++ (Ubuntu 15.2.0-16ubuntu1) 15.2.0,Python 3.14.4; pandas 2.3.3; psutil 7.2.2,1,2026-08-18T22:26:27.934969+07:00,CaDiCaL,0,Xa(cache),3600,False,,True,False,fixed
c25_1_d3.col,25,134,8,325,1391,OPTIMAL,8,0.000832987,0.0385234,0.0393564,50.94141,0,1,3,509f41020245d12b4e03b0c6681826c72245d1f3,False,1ea6804dc4a8d52338e7935ca90ec544a6f93a27cd092508d5f2a4a4309660a3,bc9dd2f34387090f83611022ed1b92c2e8cc6181b37baadbb75314f73aa6341c,/home/homulily/code/bcp-cpp/bcp /home/homulily/code/bcp-cpp/dataset/c25_1_d3.col 'Xa(cache)' -t 3600 --use-symmetry-breaking --width fixed,DESKTOP-RJQ30EQ,Linux-6.8.0-51-generic-x86_64-with-glibc2.39,c++ (Ubuntu 15.2.0-16ubuntu1) 15.2.0,Python 3.14.4; pandas 2.3.3; psutil 7.2.2,1,2026-08-18T22:26:28.073076+07:00,CaDiCaL,0,Xa(cache),3600,False,,True,False,fixed
c25_1_d4.col,25,134,8,325,1391,OPTIMAL,8,0.00083284,0.0381914,0.0390243,50.94141,0,1,3,509f41020245d12b4e03b0c6681826c72245d1f3,False,eff8f52de9e723400f83c97d0ec2abe45e41b6038672e20a4a4081e4715aca85,bc9dd2f34387090f83611022ed1b92c2e8cc6181b37baadbb75314f73aa6341c,/home/homulily/code/bcp-cpp/bcp /home/homulily/code/bcp-cpp/dataset/c25_1_d4.col 'Xa(cache)' -t 3600 --use-symmetry-breaking --width fixed,DESKTOP-RJQ30EQ,Linux-6.8.0-51-generic-x86_64-with-glibc2.39,c++ (Ubuntu 15.2.0-16ubuntu1) 15.2.0,Python 3.14.4; pandas 2.3.3; psutil 7.2.2,1,2026-08-18T22:26:28.179624+07:00,CaDiCaL,0,Xa(cache),3600,False,,True,False,fixed
c55_1_d1.col,55,362,9,605,3000,OPTIMAL,7,0.00395476,0.00481819,0.00877295,51.12891,0,1,3,509f41020245d12b4e03b0c6681826c72245d1f3,False,483fac5e0df65a27f7312e2883f8f90c17f26d3a7bdd50c333212ca635e3f2e6,bc9dd2f34387090f83611022ed1b92c2e8cc6181b37baadbb75314f73aa6341c,/home/homulily/code/bcp-cpp/bcp /home/homulily/code/bcp-cpp/dataset/c55_1_d1.col 'Xa(cache)' -t 3600 --use-symmetry-breaking --width fixed,DESKTOP-RJQ30EQ,Linux-6.8.0-51-generic-x86_64-with-glibc2.39,c++ (Ubuntu 15.2.0-16ubuntu1) 15.2.0,Python 3.14.4; pandas 2.3.3; psutil 7.2.2,1,2026-08-18T22:26:28.257578+07:00,CaDiCaL,0,Xa(cache),3600,False,,True,False,fixed
c55_2_d2.col,55,362,9,605,3000,OPTIMAL,7,0.00403712,0.00457517,0.00861229,50.69141,0,1,3,509f41020245d12b4e03b0c6681826c72245d1f3,False,7b0078b893aeb838a0f5f0b3ece5f1505f2c0981a98c59561af4c69742a59ad6,bc9dd2f34387090f83611022ed1b92c2e8cc6181b37baadbb75314f73aa6341c,/home/homulily/code/bcp-cpp/bcp /home/homulily/code/bcp-cpp/dataset/c55_2_d2.col 'Xa(cache)' -t 3600 --use-symmetry-breaking --width fixed,DESKTOP-RJQ30EQ,Linux-6.8.0-51-generic-x86_64-with-glibc2.39,c++ (Ubuntu 15.2.0-16ubuntu1) 15.2.0,Python 3.14.4; pandas 2.3.3; psutil 7.2.2,1,2026-08-18T22:26:28.362938+07:00,CaDiCaL,0,Xa(cache),3600,False,,True,False,fixed
