name,V,E,upper_bound,variables,clauses,status,span,encoding_time,total_solving_time,time_used,memory_usage,timed_out,optimality_proven,run_id,source_sha,source_dirty,input_sha256,binary_sha256,command,host,platform,compiler,runner_versions,concurrency,recorded_at,solver,solver_seed,method,time_limit,incremental,incremental_variable,symmetry_breaking,pairwise,width
GEOM100.col,100,547,65,31010,179897,OPTIMAL,50,0.0512428,0.768771,0.820014,99.15234,0,1,1,509f41020245d12b4e03b0c6681826c72245d1f3,False,91be09009a797c20a68cfb43f78cb01019c2cfdb8915d86e640e95938c315b19,bc9dd2f34387090f83611022ed1b92c2e8cc6181b37baadbb75314f73aa6341c,/home/homulily/code/bcp-cpp/bcp /home/homulily/code/bcp-cpp/dataset/GEOM100.col 'Xa(cache)' -t 3600 -i -v x --use-symmetry-breaking --width fixed,DESKTOP-RJQ30EQ,Linux-6.8.0-51-generic-x86_64-with-glibc2.39,c++ (Ubuntu 15.2.0-16ubuntu1) 15.2.0,Python 3.14.4; pandas 2.3.3; psutil 7.2.2,1,2026-08-19T03:56:45.842840+07:00,CaDiCaL,0,Xa(cache),3600,True,x,True,False,fixed
GEOM100a.col,100,992,92,48747,372575,OPTIMAL,66,0.120949,103.121,103.242,147.97656,0,1,1,509f41020245d12b4e03b0c6681826c72245d1f3,False,630c8dde843161518427f8d7ef92d9d1373781a7e028e2918c0070a86261b0f7,bc9dd2f34387090f83611022ed1b92c2e8cc6181b37baadbb75314f73aa6341c,/home/homulily/code/bcp-cpp/bcp /home/homulily/code/bcp-cpp/dataset/GEOM100a.col 'Xa(cache)' -t 3600 -i -v x --use-symmetry-breaking --width fixed,DESKTOP-RJQ30EQ,Linux-6.8.0-51-generic-x86_64-with-glibc2.39,c++ (Ubuntu 15.2.0-16ubuntu1) 15.2.0,Python 3.14.4; pandas 2.3.3; psutil 7.2.2,1,2026-08-19T03:58:29.189993+07:00,CaDiCaL,0,Xa(cache),3600,True,x,True,False,fixed
GEOM100b.col,100,1050,122,65297,515686,OPTIMAL,71,0.152743,179.283,179.436,164.79688,0,1,1,509f41020245d12b4e03b0c6681826c72245d1f3,False,14092a37b220ef17894222b959c735f68203286fc653930904fe5f13c3741ce5,bc9dd2f34387090f83611022ed1b92c2e8cc6181b37baadbb75314f73aa6341c,/home/homulily/code/bcp-cpp/bcp /home/homulily/code/bcp-cpp/dataset/GEOM100b.col 'Xa(cache)' -t 3600 -i -v x --use-symmetry-breaking --width fixed,DESKTOP-RJQ30EQ,Linux-6.8.0-51-generic-x86_64-with-glibc2.39,c++ (Ubuntu 15.2.0-16ubuntu1) 15.2.0,Python 3.14.4; pandas 2.3.3; psutil 7.2.2,1,2026-08-19T04:01:28.775467+07:00,CaDiCaL,0,Xa(cache),3600,True,x,True,False,fixed
GEOM110.col,110,638,65,34607,205043,OPTIMAL,50,0.0579288,0.981687,1.03962,107.73828,0,1,1,509f41020245d12b4e03b0c6681826c72245d1f3,False,2c127a146238aee20765edfcc35a16dc2fd856e5577bfe6afdc859b7dcaddb49,bc9dd2f34387090f83611022ed1b92c2e8cc6181b37baadbb75314f73aa6341c,/home/homulily/code/bcp-cpp/bcp /home/homulily/code/bcp-cpp/dataset/GEOM110.col 'Xa(cache)' -t 3600 -i -v x --use-symmetry-breaking --width fixed,DESKTOP-RJQ30EQ,Linux-6.8.0-51-generic-x86_64-with-glibc2.39,c++ (Ubuntu 15.2.0-16ubuntu1) 15.2.0,Python 3.14.4; pandas 2.3.3; psutil 7.2.2,1,2026-08-19T04:01:29.869138+07:00,CaDiCaL,0,Xa(cache),3600,True,x,True,False,fixed
GEOM110a.col,110,1207,110,64951,527155,OPTIMAL,69,0.155086,137.078,137.234,176.41016,0,1,1,509f41020245d12b4e03b0c6681826c72245d1f3,False,9c37e408d641c20a1fc834cdfa27c50a49e532300506da93442ee8f07c8f7d3c,bc9dd2f34387090f83611022ed1b92c2e8cc6181b37baadbb75314f73aa6341c,/home/homulily/code/bcp-cpp/bcp /home/homulily/code/bcp-cpp/dataset/GEOM110a.col 'Xa(cache)' -t 3600 -i -v x --use-symmetry-breaking --width fixed,DESKTOP-RJQ30EQ,Linux-6.8.0-51-generic-x86_64-with-glibc2.39,c++ (Ubuntu 15.2.0-16ubuntu1) 15.2.0,Python 3.14.4; pandas 2.3.3; psutil 7.2.2,1,2026-08-19T04:03:47.197153+07:00,CaDiCaL,0,Xa(cache),3600,True,x,True,False,fixed
GEOM110b.col,110,1256,122,72691,597975,OPTIMAL,77,0.177118,944.625,944.802,202.53906,0,1,1,509f41020245d12b4e03b0c6681826c72245d1f3,False,aea172a16bc42de0504b35909d35fce000ded1613c496d28ea719a2d44ba7c51,bc9dd2f34387090f83611022ed1b92c2e8cc6181b37baadbb75314f73aa6341c,/home/homulily/code/bcp-cpp/bcp /home/homulily/code/bcp-cpp/dataset/GEOM110b.col 'Xa(cache)' -t 3600 -i -v x --use-symmetry-breaking --width fixed,DESKTOP-RJQ30EQ,Linux-6.8.0-51-generic-x86_64-with-glibc2.39,c++ (Ubuntu 15.2.0-16ubuntu1) 15.2.0,Python 3.14.4; pandas 2.3.3; psutil 7.2.2,1,2026-08-19T04:19:32.141902+07:00,CaDiCaL,0,Xa(cache),3600,True,x,True,False,fixed
GEOM120.col,120,773,74,44240,273174,OPTIMAL,59,0.0800324,2.84949,2.92952,118.69141,0,1,1,509f41020245d12b4e03b0c6681826c72245d1f3,False,26357a9d4e2d8b08cdf055e2a882589f86c22c313fd9674a7f44b405c2aade4a,bc9dd2f34387090f83611022ed1b92c2e8cc6181b37baadbb75314f73aa6341c,/home/homulily/code/bcp-cpp/bcp /home/homulily/code/bcp-cpp/dataset/GEOM120.col 'Xa(cache)' -t 3600 -i -v x --use-symmetry-breaking --width fixed,DESKTOP-RJQ30EQ,Linux-6.8.0-51-generic-x86_64-with-glibc2.39,c++ (Ubuntu 15.2.0-16ubuntu1) 15.2.0,Python 3.14.4; pandas 2.3.3; psutil 7.2.2,1,2026-08-19T04:19:35.187189+07:00,CaDiCaL,0,Xa(cache),3600,True,x,True,False,fixed
GEOM120a.col,120,1434,110,71731,608368,OPTIMAL,82,0.185693,209.742,209.927,212.40625,0,1,1,509f41020245d12b4e03b0c6681826c72245d1f3,False,a920a2c75d8d4fde3a531cb30857d83f245364a0b88d5a18f86336b96bf07ab6,bc9dd2f34387090f83611022ed1b92c2e8cc6181b37baadbb75314f73aa6341c,/home/homulily/code/bcp-cpp/bcp /home/homulily/code/bcp-cpp/dataset/GEOM120a.col 'Xa(cache)' -t 3600 -i -v x --use-symmetry-breaking --width fixed,DESKTOP-RJQ30EQ,Linux-6.8.0-51-generic-x86_64-with-glibc2.39,c++ (Ubuntu 15.2.0-16ubuntu1) 15.2.0,Python 3.14.4; pandas 2.3.3; psutil 7.2.2,1,2026-08-19T04:23:05.232478+07:00,CaDiCaL,0,Xa(cache),3600,True,x,True,False,fixed
GEOM120b.col,120,1491,124,81346,701964,OPTIMAL,83,0.216561,1582.93,1583.15,272.69141,0,1,1,509f41020245d12b4e03b0c6681826c72245d1f3,False,745355ab3817a87504580de4d77629dce60b8f48ea8fb2c5da33224e8ef92e29,bc9dd2f34387090f83611022ed1b92c2e8cc6181b37baadbb75314f73aa6341c,/home/homulily/code/bcp-cpp/bcp /home/homulily/code/bcp-cpp/dataset/GEOM120b.col 'Xa(cache)' -t 3600 -i -v x --use-symmetry-breaking --width fixed,DESKTOP-RJQ30EQ,Linux-6.8.0-51-generic-x86_64-with-glibc2.39,c++ (Ubuntu 15.2.0-16ubuntu1) 15.2.0,Python 3.14.4; pandas 2.3.3; psutil 7.2.2,1,2026-08-19T04:49:28.529825+07:00,CaDiCaL,0,Xa(cache),3600,True,x,True,False,fixed
GEOM20.col,20,20,25,1405,4787,OPTIMAL,21,0.00132232,0.00199667,0.00331899,50.5,0,1,1,509f41020245d12b4e03b0c6681826c72245d1f3,False,08ed5ea76ef3bcb2228f4669162b3aa8c234de6a4dd75c3155a603919bc0167a,bc9dd2f34387090f83611022ed1b92c2e8cc6181b37baadbb75314f73aa6341c,/home/homulily/code/bcp-cpp/bcp /home/homulily/code/bcp-cpp/dataset/GEOM20.col 'Xa(cache)' -t 3600 -i -v x --use-symmetry-breaking --width fixed,DESKTOP-RJQ30EQ,Linux-6.8.0-51-generic-x86_64-with-glibc2.39,c++ (Ubuntu 15.2.0-16ubuntu1) 15.2.0,Python 3.14.4; pandas 2.3.3; psutil 7.2.2,1,2026-08-19T04:49:28.568563+07:00,CaDiCaL,0,Xa(cache),3600,True,x,True,False,fixed
GEOM20a.col,20,37,25,1676,6673,OPTIMAL,20,0.00187927,0.00260272,0.00448199,51.25,0,1,1,509f41020245d12b4e03b0c6681826c72245d1f3,False,5fe086947cbc99c9630087a727d0c9fe00065a9c4f6d6ebea7115ab4a8c161fb,bc9dd2f34387090f83611022ed1b92c2e8cc6181b37baadbb75314f73aa6341c,/home/homulily/code/bcp-cpp/bcp /home/homulily/code/bcp-cpp/dataset/GEOM20a.col 'Xa(cache)' -t 3600 -i -v x --use-symmetry-breaking --width fixed,DESKTOP-RJQ30EQ,Linux-6.8.0-51-generic-x86_64-with-glibc2.39,c++ (Ubuntu 15.2.0-16ubuntu1) 15.2.0,Python 3.14.4; pandas 2.3.3; psutil 7.2.2,1,2026-08-19T04:49:28.672791+07:00,CaDiCaL,0,Xa(cache),3600,True,x,True,False,fixed
GEOM20b.col,20,32,17,1093,4066,OPTIMAL,13,0.00106434,0.00184779,0.00291213,51.25,0,1,1,509f41020245d12b4e03b0c6681826c72245d1f3,False,6be144806384554ada26f70be526ed0d42afb61a447cd96f826be5dbcf60288a,bc9dd2f34387090f83611022ed1b92c2e8cc6181b37baadbb75314f73aa6341c,/home/homulily/code/bcp-cpp/bcp /home/homulily/code/bcp-cpp/dataset/GEOM20b.col 'Xa(cache)' -t 3600 -i -v x --use-symmetry-breaking --width fixed,DESKTOP-RJQ30EQ,Linux-6.8.0-51-generic-x86_64-with-glibc2.39,c++ (Ubuntu 15.2.0-16ubuntu1) 15.2.0,Python 3.14.4; pandas 2.3.3; psutil 7.2.2,1,2026-08-19T04:49:28.776786+07:00,CaDiCaL,0,Xa(cache),3600,True,x,True,False,fixed
GEOM30.col,30,50,34,3344,13373,OPTIMAL,28,0.00356935,0.00610508,0.00967443,51.125,0,1,1,509f41020245d12b4e03b0c6681826c72245d1f3,False,489bd893683e4c3672aba625abb2643d68f9c2a6d3776c9b26400831c548bd51,bc9dd2f34387090f83611022ed1b92c2e8cc6181b37baadbb75314f73aa6341c,/home/homulily/code/bcp-cpp/bcp /home/homulily/code/bcp-cpp/dataset/GEOM30.col 'Xa(cache)' -t 3600 -i -v x --use-symmetry-breaking --width fixed,DESKTOP-RJQ30EQ,Linux-6.8.0-51-generic-x86_64-with-glibc2.39,c++ (Ubuntu 15.2.0-16ubuntu1) 15.2.0,Python 3.14.4; pandas 2.3.3; psutil 7.2.2,1,2026-08-19T04:49:28.891134+07:00,CaDiCaL,0,Xa(cache),3600,True,x,True,False,fixed
GEOM30a.col,30,81,33,3696,16823,OPTIMAL,27,0.00409599,0.00546137,0.00955736,50.9375,0,1,1,509f41020245d12b4e03b0c6681826c72245d1f3,False,10bfa32a02f1c8633027611fc7eb773d3d5088d3bc49d1419471fc4ca266eca9,bc9dd2f34387090f83611022ed1b92c2e8cc6181b37baadbb75314f73aa6341c,/home/homulily/code/bcp-cpp/bcp /home/homulily/code/bcp-cpp/dataset/GEOM30a.col 'Xa(cache)' -t 3600 -i -v x --use-symmetry-breaking --width fixed,DESKTOP-RJQ30EQ,Linux-6.8.0-51-generic-x86_64-with-glibc2.39,c++ (Ubuntu 15.2.0-16ubuntu1) 15.2.0,Python 3.14.4; pandas 2.3.3; psutil 7.2.2,1,2026-08-19T04:49:28.998708+07:00,CaDiCaL,0,Xa(cache),3600,True,x,True,False,fixed
GEOM30b.col,30,81,28,3366,14396,OPTIMAL,26,0.00409702,0.00228632,0.00638334,51.125,0,1,1,509f41020245d12b4e03b0c6681826c72245d1f3,False,41e7babfc1e85334f1653ee7e88e11a11b0065ce2d50a72a801b4b00cfe2330a,bc9dd2f34387090f83611022ed1b92c2e8cc6181b37baadbb75314f73aa6341c,/home/homulily/code/bcp-cpp/bcp /home/homulily/code/bcp-cpp/dataset/GEOM30b.col 'Xa(cache)' -t 3600 -i -v x --use-symmetry-breaking --width fixed,DESKTOP-RJQ30EQ,Linux-6.8.0-51-generic-x86_64-with-glibc2.39,c++ (Ubuntu 15.2.0-16ubuntu1) 15.2.0,Python 3.14.4; pandas 2.3.3; psutil 7.2.2,1,2026-08-19T04:49:29.101638+07:00,CaDiCaL,0,Xa(cache),3600,True,x,True,False,fixed
GEOM40.col,40,78,34,4772,19685,OPTIMAL,28,0.00527514,0.00724769,0.0125228,50.5,0,1,1,509f41020245d12b4e03b0c6681826c72245d1f3,False,4968db2efd363df2b56fdfbab3c914f8100884884a68f0b07cbbc4e20aa1f192,bc9dd2f34387090f83611022ed1b92c2e8cc6181b37baadbb75314f73aa6341c,/home/homulily/code/bcp-cpp/bcp /home/homulily/code/bcp-cpp/dataset/GEOM40.col 'Xa(cache)' -t 3600 -i -v x --use-symmetry-breaking --width fixed,DESKTOP-RJQ30EQ,Linux-6.8.0-51-generic-x86_64-with-glibc2.39,c++ (Ubuntu 15.2.0-16ubuntu1) 15.2.0,Python 3.14.4; pandas 2.3.3; psutil 7.2.2,1,2026-08-19T04:49:29.216008+07:00,CaDiCaL,0,Xa(cache),3600,True,x,True,False,fixed
GEOM40a.col,40,146,51,8383,42997,OPTIMAL,37,0.0116518,0.0345324,0.0461843,51.125,0,1,1,509f41020245d12b4e03b0c6681826c72245d1f3,False,0bd50dc07b7e234154a3f92e5d2cf1ac6ad83c47badf984a837587fe7c35ca6b,bc9dd2f34387090f83611022ed1b92c2e8cc6181b37baadbb75314f73aa6341c,/home/homulily/code/bcp-cpp/bcp /home/homulily/code/bcp-cpp/dataset/GEOM40a.col 'Xa(cache)' -t 3600 -i -v x --use-symmetry-breaking --width fixed,DESKTOP-RJQ30EQ,Linux-6.8.0-51-generic-x86_64-with-glibc2.39,c++ (Ubuntu 15.2.0-16ubuntu1) 15.2.0,Python 3.14.4; pandas 2.3.3; psutil 7.2.2,1,2026-08-19T04:49:29.357075+07:00,CaDiCaL,0,Xa(cache),3600,True,x,True,False,fixed
GEOM40b.col,40,157,41,6944,35132,OPTIMAL,33,0.00951967,0.023489,0.0330087,51.1875,0,1,1,509f41020245d12b4e03b0c6681826c72245d1f3,False,1ccb98f8f5e910eb9d4064ba5b23dff42c9067ecd2d40d0879250dbd16181ddf,bc9dd2f34387090f83611022ed1b92c2e8cc6181b37baadbb75314f73aa6341c,/home/homulily/code/bcp-cpp/bcp /home/homulily/code/bcp-cpp/dataset/GEOM40b.col 'Xa(cache)' -t 3600 -i -v x --use-symmetry-breaking --width fixed,DESKTOP-RJQ30EQ,Linux-6.8.0-51-generic-x86_64-with-glibc2.39,c++ (Ubuntu 15.2.0-16ubuntu1) 15.2.0,Python 3.14.4; pandas 2.3.3; psutil 7.2.2,1,2026-08-19T04:49:29.448433+07:00,CaDiCaL,0,Xa(cache),3600,True,x,True,False,fixed
GEOM50.col,50,127,37,7173,31566,OPTIMAL,28,0.00845204,0.0104788,0.0189308,50.9375,0,1,1,509f41020245d12b4e03b0c6681826c72245d1f3,False,c584455fa3b51a54152148534733fdf90022ccefd515c1770417925f43ef5434,bc9dd2f34387090f83611022ed1b92c2e8cc6181b37baadbb75314f73aa6341c,/home/homulily/code/bcp-cpp/bcp /home/homulily/code/bcp-cpp/dataset/GEOM50.col 'Xa(cache)' -t 3600 -i -v x --use-symmetry-breaking --width fixed,DESKTOP-RJQ30EQ,Linux-6.8.0-51-generic-x86_64-with-glibc2.39,c++ (Ubuntu 15.2.0-16ubuntu1) 15.2.0,Python 3.14.4; pandas 2.3.3; psutil 7.2.2,1,2026-08-19T04:49:29.541804+07:00,CaDiCaL,0,Xa(cache),3600,True,x,True,False,fixed
GEOM50a.col,50,238,62,13913,78115,OPTIMAL,50,0.0213701,0.487662,0.509032,76.47266,0,1,1,509f41020245d12b4e03b0c6681826c72245d1f3,False,09a35a2b65ed3e0dcd221ac73c5adb47901d19e134e9d9ce99d087c064f5b13b,bc9dd2f34387090f83611022ed1b92c2e8cc6181b37baadbb75314f73aa6341c,/home/homulily/code/bcp-cpp/bcp /home/homulily/code/bcp-cpp/dataset/GEOM50a.col 'Xa(cache)' -t 3600 -i -v x --use-symmetry-breaking --width fixed,DESKTOP-RJQ30EQ,Linux-6.8.0-51-generic-x86_64-with-glibc2.39,c++ (Ubuntu 15.2.0-16ubuntu1) 15.2.0,Python 3.14.4; pandas 2.3.3; psutil 7.2.2,1,2026-08-19T04:49:30.140814+07:00,CaDiCaL,0,Xa(cache),3600,True,x,True,False,fixed
GEOM50b.col,50,249,55,12810,70389,OPTIMAL,35,0.0187247,0.162501,0.181226,72.79688,0,1,1,509f41020245d12b4e03b0c6681826c72245d1f3,False,7b21131c086e1fd406658aed26e1d79b31aa8f81bf25493c8658813e81076dca,bc9dd2f34387090f83611022ed1b92c2e8cc6181b37baadbb75314f73aa6341c,/home/homulily/code/bcp-cpp/bcp /home/homulily/code/bcp-cpp/dataset/GEOM50b.col 'Xa(cache)' -t 3600 -i -v x --use-symmetry-breaking --width fixed,DESKTOP-RJQ30EQ,Linux-6.8.0-51-generic-x86_64-with-glibc2.39,c++ (Ubuntu 15.2.0-16ubuntu1) 15.2.0,Python 3.14.4; pandas 2.3.3; psutil 7.2.2,1,2026-08-19T04:49:30.425269+07:00,CaDiCaL,0,Xa(cache),3600,True,x,True,False,fixed
GEOM60.col,60,185,37,9156,42255,OPTIMAL,33,0.0113931,0.0111318,0.0225248,51.0,0,1,1,509f41020245d12b4e03b0c6681826c72245d1f3,False,9575aa95916bb0ddb24ac95ceb686ad79834715a8c3c97743905c76227ffa048,bc9dd2f34387090f83611022ed1b92c2e8cc6181b37baadbb75314f73aa6341c,/home/homulily/code/bcp-cpp/bcp /home/homulily/code/bcp-cpp/dataset/GEOM60.col 'Xa(cache)' -t 3600 -i -v x --use-symmetry-breaking --width fixed,DESKTOP-RJQ30EQ,Linux-6.8.0-51-generic-x86_64-with-glibc2.39,c++ (Ubuntu 15.2.0-16ubuntu1) 15.2.0,Python 3.14.4; pandas 2.3.3; psutil 7.2.2,1,2026-08-19T04:49:30.468551+07:00,CaDiCaL,0,Xa(cache),3600,True,x,True,False,fixed
GEOM60a.col,60,339,62,17180,102710,OPTIMAL,50,0.0278502,0.629022,0.656873,81.82031,0,1,1,509f41020245d12b4e03b0c6681826c72245d1f3,False,c6266e394b59107ef80c14a3ed0d8dd4ae62c646238c8358f8080547a85fd68c,bc9dd2f34387090f83611022ed1b92c2e8cc6181b37baadbb75314f73aa6341c,/home/homulily/code/bcp-cpp/bcp /home/homulily/code/bcp-cpp/dataset/GEOM60a.col 'Xa(cache)' -t 3600 -i -v x --use-symmetry-breaking --width fixed,DESKTOP-RJQ30EQ,Linux-6.8.0-51-generic-x86_64-with-glibc2.39,c++ (Ubuntu 15.2.0-16ubuntu1) 15.2.0,Python 3.14.4; pandas 2.3.3; psutil 7.2.2,1,2026-08-19T04:49:31.212491+07:00,CaDiCaL,0,Xa(cache),3600,True,x,True,False,fixed
GEOM60b.col,60,366,64,18664,111832,OPTIMAL,41,0.0301064,0.775678,0.805784,82.12891,0,1,1,509f41020245d12b4e03b0c6681826c72245d1f3,False,8305498f1acbb0e13fc3e5b6756eebb72600bd69b237f5d836248a8d8e040f76,bc9dd2f34387090f83611022ed1b92c2e8cc6181b37baadbb75314f73aa6341c,/home/homulily/code/bcp-cpp/bcp /home/homulily/code/bcp-cpp/dataset/GEOM60b.col 'Xa(cache)' -t 3600 -i -v x --use-symmetry-breaking --width fixed,DESKTOP-RJQ30EQ,Linux-6.8.0-51-generic-x86_64-with-glibc2.39,c++ (Ubuntu 15.2.0-16ubuntu1) 15.2.0,Python 3.14.4; pandas 2.3.3; psutil 7.2.2,1,2026-08-19T04:49:32.070447+07:00,CaDiCaL,0,Xa(cache),3600,True,x,True,False,fixed
GEOM70.col,70,267,45,13847,69210,OPTIMAL,38,0.0191556,0.0490828,0.0682383,51.125,0,1,1,509f41020245d12b4e03b0c6681826c72245d1f3,False,6709158dd6a0c24605665511d543798f2cda198fb9b943c841d842af483b8b5f,bc9dd2f34387090f83611022ed1b92c2e8cc6181b37baadbb75314f73aa6341c,/home/homulily/code/bcp-cpp/bcp /home/homulily/code/bcp-cpp/dataset/GEOM70.col 'Xa(cache)' -t 3600 -i -v x --use-symmetry-breaking --width fixed,DESKTOP-RJQ30EQ,Linux-6.8.0-51-generic-x86_64-with-glibc2.39,c++ (Ubuntu 15.2.0-16ubuntu1) 15.2.0,Python 3.14.4; pandas 2.3.3; psutil 7.2.2,1,2026-08-19T04:49:32.242986+07:00,CaDiCaL,0,Xa(cache),3600,True,x,True,False,fixed
GEOM70a.col,70,459,73,24711,156406,OPTIMAL,61,0.0443362,2.66961,2.71395,94.97656,0,1,1,509f41020245d12b4e03b0c6681826c72245d1f3,False,e256a1a0b8f2637a931d35ffacdb28b715bcafa769a4bbedc21eb991683d0a40,bc9dd2f34387090f83611022ed1b92c2e8cc6181b37baadbb75314f73aa6341c,/home/homulily/code/bcp-cpp/bcp /home/homulily/code/bcp-cpp/dataset/GEOM70a.col 'Xa(cache)' -t 3600 -i -v x --use-symmetry-breaking --width fixed,DESKTOP-RJQ30EQ,Linux-6.8.0-51-generic-x86_64-with-glibc2.39,c++ (Ubuntu 15.2.0-16ubuntu1) 15.2.0,Python 3.14.4; pandas 2.3.3; psutil 7.2.2,1,2026-08-19T04:49:34.995773+07:00,CaDiCaL,0,Xa(cache),3600,True,x,True,False,fixed
GEOM70b.col,70,488,77,26374,170873,OPTIMAL,47,0.0477598,3.0821,3.12986,92.5625,0,1,1,509f41020245d12b4e03b0c6681826c72245d1f3,False,50b43cacfa298b2c9f4c05ca437a5559b357c8348aa59226bf3c2fd9b98b03b8,bc9dd2f34387090f83611022ed1b92c2e8cc6181b37baadbb75314f73aa6341c,/home/homulily/code/bcp-cpp/bcp /home/homulily/code/bcp-cpp/dataset/GEOM70b.col 'Xa(cache)' -t 3600 -i -v x --use-symmetry-breaking --width fixed,DESKTOP-RJQ30EQ,Linux-6.8.0-51-generic-x86_64-with-glibc2.39,c++ (Ubuntu 15.2.0-16ubuntu1) 15.2.0,Python 3.14.4; pandas 2.3.3; psutil 7.2.2,1,2026-08-19T04:49:38.245835+07:00,CaDiCaL,0,Xa(cache),3600,True,x,True,False,fixed
GEOM80.col,80,349,55,19999,106011,OPTIMAL,41,0.0296232,0.074314,0.103937,77.8125,0,1,1,509f41020245d12b4e03b0c6681826c72245d1f3,False,46454b38ff8d83fe0020c6f3e5408c0ca37e868bc79f74749c4a8e555730df9c,bc9dd2f34387090f83611022ed1b92c2e8cc6181b37baadbb75314f73aa6341c,/home/homulily/code/bcp-cpp/bcp /home/homulily/code/bcp-cpp/dataset/GEOM80.col 'Xa(cache)' -t 3600 -i -v x --use-symmetry-breaking --width fixed,DESKTOP-RJQ30EQ,Linux-6.8.0-51-generic-x86_64-with-glibc2.39,c++ (Ubuntu 15.2.0-16ubuntu1) 15.2.0,Python 3.14.4; pandas 2.3.3; psutil 7.2.2,1,2026-08-19T04:49:38.448417+07:00,CaDiCaL,0,Xa(cache),3600,True,x,True,False,fixed
GEOM80a.col,80,612,80,32179,218149,OPTIMAL,63,0.0593801,6.06518,6.12456,108.92188,0,1,1,509f41020245d12b4e03b0c6681826c72245d1f3,False,f8cd1c510008df8e302411facc59a809be027620b27f632f811c1c94c76d78c9,bc9dd2f34387090f83611022ed1b92c2e8cc6181b37baadbb75314f73aa6341c,/home/homulily/code/bcp-cpp/bcp /home/homulily/code/bcp-cpp/dataset/GEOM80a.col 'Xa(cache)' -t 3600 -i -v x --use-symmetry-breaking --width fixed,DESKTOP-RJQ30EQ,Linux-6.8.0-51-generic-x86_64-with-glibc2.39,c++ (Ubuntu 15.2.0-16ubuntu1) 15.2.0,Python 3.14.4; pandas 2.3.3; psutil 7.2.2,1,2026-08-19T04:49:44.677002+07:00,CaDiCaL,0,Xa(cache),3600,True,x,True,False,fixed
GEOM80b.col,80,663,99,41331,285058,OPTIMAL,60,0.0836753,6.4216,6.50528,116.50781,0,1,1,509f41020245d12b4e03b0c6681826c72245d1f3,False,a8dcc40cfc8d87903196406f815c4d512a7c68e3e966538768a0601bfac7d301,bc9dd2f34387090f83611022ed1b92c2e8cc6181b37baadbb75314f73aa6341c,/home/homulily/code/bcp-cpp/bcp /home/homulily/code/bcp-cpp/dataset/GEOM80b.col 'Xa(cache)' -t 3600 -i -v x --use-symmetry-breaking --width fixed,DESKTOP-RJQ30EQ,Linux-6.8.0-51-generic-x86_64-with-glibc2.39,c++ (Ubuntu 15.2.0-16ubuntu1) 15.2.0,Python 3.14.4; pandas 2.3.3; psutil 7.2.2,1,2026-08-19T04:49:51.218500+07:00,CaDiCaL,0,Xa(cache),3600,True,x,True,False,fixed
GEOM90.col,90,441,55,23065,126119,OPTIMAL,46,0.0349497,0.138431,0.173381,80.28906,0,1,1,509f41020245d12b4e03b0c6681826c72245d1f3,False,8b99774b70737296ed7b4c8a3ad9ec1827182467166c5e7c93a1c2117473f7cf,bc9dd2f34387090f83611022ed1b92c2e8cc6181b37baadbb75314f73aa6341c,/home/homulily/code/bcp-cpp/bcp /home/homulily/code/bcp-cpp/dataset/GEOM90.col 'Xa(cache)' -t 3600 -i -v x --use-symmetry-breaking --width fixed,DESKTOP-RJQ30EQ,Linux-6.8.0-51-generic-x86_64-with-glibc2.39,c++ (Ubuntu 15.2.0-16ubuntu1) 15.2.0,Python 3.14.4; pandas 2.3.3; psutil 7.2.2,1,2026-08-19T04:49:51.432418+07:00,CaDiCaL,0,Xa(cache),3600,True,x,True,False,fixed
GEOM90a.col,90,789,81,37907,269491,OPTIMAL,63,0.0781806,9.00704,9.08522,117.89062,0,1,1,509f41020245d12b4e03b0c6681826c72245d1f3,False,254a4ba130fad8005c03d2288438d16ff5c3768cb05ebe3b37929f9f3247a1df,bc9dd2f34387090f83611022ed1b92c2e8cc6181b37baadbb75314f73aa6341c,/home/homulily/code/bcp-cpp/bcp /home/homulily/code/bcp-cpp/dataset/GEOM90a.col 'Xa(cache)' -t 3600 -i -v x --use-symmetry-breaking --width fixed,DESKTOP-RJQ30EQ,Linux-6.8.0-51-generic-x86_64-with-glibc2.39,c++ (Ubuntu 15.2.0-16ubuntu1) 15.2.0,Python 3.14.4; pandas 2.3.3; psutil 7.2.2,1,2026-08-19T04:50:00.553071+07:00,CaDiCaL,0,Xa(cache),3600,True,x,True,False,fixed
GEOM90b.col,90,860,110,52411,391976,OPTIMAL,69,0.114313,45.1553,45.2696,139.58594,0,1,1,509f41020245d12b4e03b0c6681826c72245d1f3,False,e293687b9c36702121066f37ac02cf4e8901dbaa3fd5ba7e864b0e00ba74fac3,bc9dd2f34387090f83611022ed1b92c2e8cc6181b37baadbb75314f73aa6341c,/home/homulily/code/bcp-cpp/bcp /home/homulily/code/bcp-cpp/dataset/GEOM90b.col 'Xa(cache)' -t 3600 -i -v x --use-symmetry-breaking --width fixed,DESKTOP-RJQ30EQ,Linux-6.8.0-51-generic-x86_64-with-glibc2.39,c++ (Ubuntu 15.2.0-16ubuntu1) 15.2.0,Python 3.14.4; pandas 2.3.3; psutil 7.2.2,1,2026-08-19T04:50:45.929265+07:00,CaDiCaL,0,Xa(cache),3600,True,x,True,False,fixed
c21_1_d1.col,21,102,8,315,1303,OPTIMAL,7,0.000409332,0.00253158,0.00294091,51.12891,0,1,1,509f41020245d12b4e03b0c6681826c72245d1f3,False,f838258c4c693e09ad2cc97943c674fc5b2ee14e0f97961fdfdeb239b8436773,bc9dd2f34387090f83611022ed1b92c2e8cc6181b37baadbb75314f73aa6341c,/home/homulily/code/bcp-cpp/bcp /home/homulily/code/bcp-cpp/dataset/c21_1_d1.col 'Xa(cache)' -t 3600 -i -v x --use-symmetry-breaking --width fixed,DESKTOP-RJQ30EQ,Linux-6.8.0-51-generic-x86_64-with-glibc2.39,c++ (Ubuntu 15.2.0-16ubuntu1) 15.2.0,Python 3.14.4; pandas 2.3.3; psutil 7.2.2,1,2026-08-19T04:50:46.018418+07:00,CaDiCaL,0,Xa(cache),3600,True,x,True,False,fixed
c21_1_d2.col,21,102,8,315,1303,OPTIMAL,7,0.000375398,0.00257337,0.00294877,51.12891,0,1,1,509f41020245d12b4e03b0c6681826c72245d1f3,False,17ff4bba73f02ee89dd3d91ccbca1a01ac0062c8872237c8916bc44590d256d5,bc9dd2f34387090f83611022ed1b92c2e8cc6181b37baadbb75314f73aa6341c,/home/homulily/code/bcp-cpp/bcp /home/homulily/code/bcp-cpp/dataset/c21_1_d2.col 'Xa(cache)' -t 3600 -i -v x --use-symmetry-breaking --width fixed,DESKTOP-RJQ30EQ,Linux-6.8.0-51-generic-x86_64-with-glibc2.39,c++ (Ubuntu 15.2.0-16ubuntu1) 15.2.0,Python 3.14.4; pandas 2.3.3; psutil 7.2.2,1,2026-08-19T04:50:46.125574+07:00,CaDiCaL,0,Xa(cache),3600,True,x,True,False,fixed
c21_2_d1.col,21,102,12,525,3274,OPTIMAL,9,0.000991288,0.00228525,0.00327654,51.12891,0,1,1,509f41020245d12b4e03b0c6681826c72245d1f3,False,bc5ff196032b38d098ccbb833a33557f397c0d16b5f8a281ddda8141f182fab6,bc9dd2f34387090f83611022ed1b92c2e8cc6181b37baadbb75314f73aa6341c,/home/homulily/code/bcp-cpp/bcp /home/homulily/code/bcp-cpp/dataset/c21_2_d1.col 'Xa(cache)' -t 3600 -i -v x --use-symmetry-breaking --width fixed,DESKTOP-RJQ30EQ,Linux-6.8.0-51-generic-x86_64-with-glibc2.39,c++ (Ubuntu 15.2.0-16ubuntu1) 15.2.0,Python 3.14.4; pandas 2.3.3; psutil 7.2.2,1,2026-08-19T04:50:46.233842+07:00,CaDiCaL,0,Xa(cache),3600,True,x,True,False,fixed
c21_2_d2.col,21,102,12,525,3274,OPTIMAL,9,0.000836766,0.00217274,0.0030095,51.12891,0,1,1,509f41020245d12b4e03b0c6681826c72245d1f3,False,357f7cf6535a13a2109dbf9d363efff9cc6e0038fccf653c1dafc7e92e00fe01,bc9dd2f34387090f83611022ed1b92c2e8cc6181b37baadbb75314f73aa6341c,/home/homulily/code/bcp-cpp/bcp /home/homulily/code/bcp-cpp/dataset/c21_2_d2.col 'Xa(cache)' -t 3600 -i -v x --use-symmetry-breaking --width fixed,DESKTOP-RJQ30EQ,Linux-6.8.0-51-generic-x86_64-with-glibc2.39,c++ (Ubuntu 15.2.0-16ubuntu1) 15.2.0,Python 3.14.4; pandas 2.3.3; psutil 7.2.2,1,2026-08-19T04:50:46.339666+07:00,CaDiCaL,0,Xa(cache),3600,True,x,True,False,fixed
c21_3_d1.col,21,102,8,315,1303,OPTIMAL,7,0.00038128,0.00258548,0.00296676,51.25391,0,1,1,509f41020245d12b4e03b0c6681826c72245d1f3,False,2765b742e9eb99580ca620c1af200f5de170405ca0f8ef34101dec9696c2f9ee,bc9dd2f34387090f83611022ed1b92c2e8cc6181b37baadbb75314f73aa6341c,/home/homulily/code/bcp-cpp/bcp /home/homulily/code/bcp-cpp/dataset/c21_3_d1.col 'Xa(cache)' -t 3600 -i -v x --use-symmetry-breaking --width fixed,DESKTOP-RJQ30EQ,Linux-6.8.0-51-generic-x86_64-with-glibc2.39,c++ (Ubuntu 15.2.0-16ubuntu1) 15.2.0,Python 3.14.4; pandas 2.3.3; psutil 7.2.2,1,2026-08-19T04:50:46.447027+07:00,CaDiCaL,0,Xa(cache),3600,True,x,True,False,fixed
c21_3_d2.col,21,102,8,315,1303,OPTIMAL,7,0.000377147,0.00267135,0.0030485,51.31641,0,1,1,509f41020245d12b4e03b0c6681826c72245d1f3,False,5274c4b0e9751b679b2b38ab34627c4d1eca543d53c9c4086f61ec64f8ee1c6f,bc9dd2f34387090f83611022ed1b92c2e8cc6181b37baadbb75314f73aa6341c,/home/homulily/code/bcp-cpp/bcp /home/homulily/code/bcp-cpp/dataset/c21_3_d2.col 'Xa(cache)' -t 3600 -i -v x --use-symmetry-breaking --width fixed,DESKTOP-RJQ30EQ,Linux-6.8.0-51-generic-x86_64-with-glibc2.39,c++ (Ubuntu 15.2.0-16ubuntu1) 15.2.0,Python 3.14.4; pandas 2.3.3; psutil 7.2.2,1,2026-08-19T04:50:46.553325+07:00,CaDiCaL,0,Xa(cache),3600,True,x,True,False,fixed
c21_4_d1.col,21,102,12,525,3274,OPTIMAL,9,0.000833901,0.00220709,0.00304099,51.25391,0,1,1,509f41020245d12b4e03b0c6681826c72245d1f3,False,19dd5b83496200f38741c1f02f9fc646d0eae6d2a435789be0650d1e3455d42b,bc9dd2f34387090f83611022ed1b92c2e8cc6181b37baadbb75314f73aa6341c,/home/homulily/code/bcp-cpp/bcp /home/homulily/code/bcp-cpp/dataset/c21_4_d1.col 'Xa(cache)' -t 3600 -i -v x --use-symmetry-breaking --width fixed,DESKTOP-RJQ30EQ,Linux-6.8.0-51-generic-x86_64-with-glibc2.39,c++ (Ubuntu 15.2.0-16ubuntu1) 15.2.0,Python 3.14.4; pandas 2.3.3; psutil 7.2.2,1,2026-08-19T04:50:46.660242+07:00,CaDiCaL,0,Xa(cache),3600,True,x,True,False,fixed
c21_4_d2.col,21,102,12,525,3274,OPTIMAL,9,0.000827134,0.00217581,0.00300294,51.00391,0,1,1,509f41020245d12b4e03b0c6681826c72245d1f3,False,dcae409f3fa775f5d64e2a1c13109513f71b4261ac6646fa06061715bb34c40c,bc9dd2f34387090f83611022ed1b92c2e8cc6181b37baadbb75314f73aa6341c,/home/homulily/code/bcp-cpp/bcp /home/homulily/code/bcp-cpp/dataset/c21_4_d2.col 'Xa(cache)' -t 3600 -i -v x --use-symmetry-breaking --width fixed,DESKTOP-RJQ30EQ,Linux-6.8.0-51-generic-x86_64-with-glibc2.39,c++ (Ubuntu 15.2.0-16ubuntu1) 15.2.0,Python 3.14.4; pandas 2.3.3; psutil 7.2.2,1,2026-08-19T04:50:46.767900+07:00,CaDiCaL,0,Xa(cache),3600,True,x,True,False,fixed
c21_5_d1.col,21,102,8,315,1303,OPTIMAL,7,0.000376062,0.00252619,0.00290225,50.31641,0,1,1,509f41020245d12b4e03b0c6681826c72245d1f3,False,9b48d14af7b6c13caa07b34bb084a2f18f2bbe1f27e4357c5d1d30b214e43ba0,bc9dd2f34387090f83611022ed1b92c2e8cc6181b37baadbb75314f73aa6341c,/home/homulily/code/bcp-cpp/bcp /home/homulily/code/bcp-cpp/dataset/c21_5_d1.col 'Xa(cache)' -t 3600 -i -v x --use-symmetry-breaking --width fixed,DESKTOP-RJQ30EQ,Linux-6.8.0-51-generic-x86_64-with-glibc2.39,c++ (Ubuntu 15.2.0-16ubuntu1) 15.2.0,Python 3.14.4; pandas 2.3.3; psutil 7.2.2,1,2026-08-19T04:50:46.875166+07:00,CaDiCaL,0,Xa(cache),3600,True,x,True,False,fixed
c21_5_d2.col,21,102,8,315,1303,OPTIMAL,7,0.000379219,0.002584,0.00296322,50.69141,0,1,1,509f41020245d12b4e03b0c6681826c72245d1f3,False,bfa272eb474be3d829f6ae72dc0b350e3cc16cae91bd5b0268f9d7d42e029bdf,bc9dd2f34387090f83611022ed1b92c2e8cc6181b37baadbb75314f73aa6341c,/home/homulily/code/bcp-cpp/bcp /home/homulily/code/bcp-cpp/dataset/c21_5_d2.col 'Xa(cache)' -t 3600 -i -v x --use-symmetry-breaking --width fixed,DESKTOP-RJQ30EQ,Linux-6.8.0-51-generic-x86_64-with-glibc2.39,c++ (Ubuntu 15.2.0-16ubuntu1) 15.2.0,Python 3.14.4; pandas 2.3.3; psutil 7.2.2,1,2026-08-19T04:50:46.979989+07:00,CaDiCaL,0,Xa(cache),3600,True,x,True,False,fixed
c21_6_d1.col,21,102,12,525,3274,OPTIMAL,9,0.000864045,0.00213407,0.00299811,51.00391,0,1,1,509f41020245d12b4e03b0c6681826c72245d1f3,False,67f709a59420aa411b280438ae2a69559cb89dbc2a475e7237b5ff6beb322fc2,bc9dd2f34387090f83611022ed1b92c2e8cc6181b37baadbb75314f73aa6341c,/home/homulily/code/bcp-cpp/bcp /home/homulily/code/bcp-cpp/dataset/c21_6_d1.col 'Xa(cache)' -t 3600 -i -v x --use-symmetry-breaking --width fixed,DESKTOP-RJQ30EQ,Linux-6.8.0-51-generic-x86_64-with-glibc2.39,c++ (Ubuntu 15.2.0-16ubuntu1) 15.2.0,Python 3.14.4; pandas 2.3.3; psutil 7.2.2,1,2026-08-19T04:50:47.086723+07:00,CaDiCaL,0,Xa(cache),3600,True,x,True,False,fixed
c21_6_d2.col,21,102,12,525,3274,OPTIMAL,9,0.000957324,0.00228895,0.00324627,51.06641,0,1,1,509f41020245d12b4e03b0c6681826c72245d1f3,False,75ba8238057f4be94630617bff4cf631976862699cffdb81bcbe628b6f5af066,bc9dd2f34387090f83611022ed1b92c2e8cc6181b37baadbb75314f73aa6341c,/home/homulily/code/bcp-cpp/bcp /home/homulily/code/bcp-cpp/dataset/c21_6_d2.col 'Xa(cache)' -t 3600 -i -v x --use-symmetry-breaking --width fixed,DESKTOP-RJQ30EQ,Linux-6.8.0-51-generic-x86_64-with-glibc2.39,c++ (Ubuntu 15.2.0-16ubuntu1) 15.2.0,Python 3.14.4; pandas 2.3.3; psutil 7.2.2,1,2026-08-19T04:50:47.192937+07:00,CaDiCaL,0,Xa(cache),3600,True,x,True,False,fixed
c21_7_d1.col,21,102,8,315,1303,OPTIMAL,7,0.000390915,0.0025817,0.00297262,51.12891,0,1,1,509f41020245d12b4e03b0c6681826c72245d1f3,False,a5740086f18083fcf131d5f89bf75b7673b05dfb0366edb4c45fca95b2789986,bc9dd2f34387090f83611022ed1b92c2e8cc6181b37baadbb75314f73aa6341c,/home/homulily/code/bcp-cpp/bcp /home/homulily/code/bcp-cpp/dataset/c21_7_d1.col 'Xa(cache)' -t 3600 -i -v x --use-symmetry-breaking --width fixed,DESKTOP-RJQ30EQ,Linux-6.8.0-51-generic-x86_64-with-glibc2.39,c++ (Ubuntu 15.2.0-16ubuntu1) 15.2.0,Python 3.14.4; pandas 2.3.3; psutil 7.2.2,1,2026-08-19T04:50:47.300131+07:00,CaDiCaL,0,Xa(cache),3600,True,x,True,False,fixed
c21_7_d2.col,21,102,8,315,1303,OPTIMAL,7,0.000377792,0.00260508,0.00298287,51.12891,0,1,1,509f41020245d12b4e03b0c6681826c72245d1f3,False,ac84b1b113bb6b57a70caec3bc248b94cc90c0bb1186f65645d78821eb05adbd,bc9dd2f34387090f83611022ed1b92c2e8cc6181b37baadbb75314f73aa6341c,/home/homulily/code/bcp-cpp/bcp /home/homulily/code/bcp-cpp/dataset/c21_7_d2.col 'Xa(cache)' -t 3600 -i -v x --use-symmetry-breaking --width fixed,DESKTOP-RJQ30EQ,Linux-6.8.0-51-generic-x86_64-with-glibc2.39,c++ (Ubuntu 15.2.0-16ubuntu1) 15.2.0,Python 3.14.4; pandas 2.3.3; psutil 7.2.2,1,2026-08-19T04:50:47.409006+07:00,CaDiCaL,0,Xa(cache),3600,True,x,True,False,fixed
c21_8_d1.col,21,102,12,525,3274,OPTIMAL,9,0.000804443,0.002311,0.00311544,51.00391,0,1,1,509f41020245d12b4e03b0c6681826c72245d1f3,False,bb8a14faad6327dbd85291090c1bdb4c5568aa8d9d5a7bd53c8654f3ab113224,bc9dd2f34387090f83611022ed1b92c2e8cc6181b37baadbb75314f73aa6341c,/home/homulily/code/bcp-cpp/bcp /home/homulily/code/bcp-cpp/dataset/c21_8_d1.col 'Xa(cache)' -t 3600 -i -v x --use-symmetry-breaking --width fixed,DESKTOP-RJQ30EQ,Linux-6.8.0-51-generic-x86_64-with-glibc2.39,c++ (Ubuntu 15.2.0-16ubuntu1) 15.2.0,Python 3.14.4; pandas 2.3.3; psutil 7.2.2,1,2026-08-19T04:50:47.516793+07:00,CaDiCaL,0,Xa(cache),3600,True,x,True,False,fixed
c21_8_d2.col,21,102,12,525,3274,OPTIMAL,9,0.000929045,0.00229486,0.0032239,50.94141,0,1,1,509f41020245d12b4e03b0c6681826c72245d1f3,False,f5ba7310979dcec808371e784a264f60b7a9480e3c89e6597cce412caf40d991,bc9dd2f34387090f83611022ed1b92c2e8cc6181b37baadbb75314f73aa6341c,/home/homulily/code/bcp-cpp/bcp /home/homulily/code/bcp-cpp/dataset/c21_8_d2.col 'Xa(cache)' -t 3600 -i -v x --use-symmetry-breaking --width fixed,DESKTOP-RJQ30EQ,Linux-6.8.0-51-generic-x86_64-with-glibc2.39,c++ (Ubuntu 15.2.0-16ubuntu1) 15.2.0,Python 3.14.4; pandas 2.3.3; psutil 7.2.2,1,2026-08-19T04:50:47.623286+07:00,CaDiCaL,0,Xa(cache),3600,True,x,True,False,fixed
c25_1_d3.col,25,134,8,375,1626,OPTIMAL,8,0.000468652,0.0315514,0.03202,51.12891,0,1,1,509f41020245d12b4e03b0c6681826c72245d1f3,False,1ea6804dc4a8d52338e7935ca90ec544a6f93a27cd092508d5f2a4a4309660a3,bc9dd2f34387090f83611022ed1b92c2e8cc6181b37baadbb75314f73aa6341c,/home/homulily/code/bcp-cpp/bcp /home/homulily/code/bcp-cpp/dataset/c25_1_d3.col 'Xa(cache)' -t 3600 -i -v x --use-symmetry-breaking --width fixed,DESKTOP-RJQ30EQ,Linux-6.8.0-51-generic-x86_64-with-glibc2.39,c++ (Ubuntu 15.2.0-16ubuntu1) 15.2.0,Python 3.14.4; pandas 2.3.3; psutil 7.2.2,1,2026-08-19T04:50:47.754353+07:00,CaDiCaL,0,Xa(cache),3600,True,x,True,False,fixed
c25_1_d4.col,25,134,8,375,1626,OPTIMAL,8,0.000476505,0.0313277,0.0318042,51.12891,0,1,1,509f41020245d12b4e03b0c6681826c72245d1f3,False,eff8f52de9e723400f83c97d0ec2abe45e41b6038672e20a4a4081e4715aca85,bc9dd2f34387090f83611022ed1b92c2e8cc6181b37baadbb75314f73aa6341c,/home/homulily/code/bcp-cpp/bcp /home/homulily/code/bcp-cpp/dataset/c25_1_d4.col 'Xa(cache)' -t 3600 -i -v x --use-symmetry-breaking --width fixed,DESKTOP-RJQ30EQ,Linux-6.8.0-51-generic-x86_64-with-glibc2.39,c++ (Ubuntu 15.2.0-16ubuntu1) 15.2.0,Python 3.14.4; pandas 2.3.3; psutil 7.2.2,1,2026-08-19T04:50:47.857734+07:00,CaDiCaL,0,Xa(cache),3600,True,x,True,False,fixed
c55_1_d1.col,55,362,9,935,4747,OPTIMAL,7,0.00135021,0.00426775,0.00561796,50.94141,0,1,1,509f41020245d12b4e03b0c6681826c72245d1f3,False,483fac5e0df65a27f7312e2883f8f90c17f26d3a7bdd50c333212ca635e3f2e6,bc9dd2f34387090f83611022ed1b92c2e8cc6181b37baadbb75314f73aa6341c,/home/homulily/code/bcp-cpp/bcp /home/homulily/code/bcp-cpp/dataset/c55_1_d1.col 'Xa(cache)' -t 3600 -i -v x --use-symmetry-breaking --width fixed,DESKTOP-RJQ30EQ,Linux-6.8.0-51-generic-x86_64-with-glibc2.39,c++ (Ubuntu 15.2.0-16ubuntu1) 15.2.0,Python 3.14.4; pandas 2.3.3; psutil 7.2.2,1,2026-08-19T04:50:47.939471+07:00,CaDiCaL,0,Xa(cache),3600,True,x,True,False,fixed
c55_2_d2.col,55,362,9,935,4747,OPTIMAL,7,0.00135026,0.00431908,0.00566934,51.12891,0,1,1,509f41020245d12b4e03b0c6681826c72245d1f3,False,7b0078b893aeb838a0f5f0b3ece5f1505f2c0981a98c59561af4c69742a59ad6,bc9dd2f34387090f83611022ed1b92c2e8cc6181b37baadbb75314f73aa6341c,/home/homulily/code/bcp-cpp/bcp /home/homulily/code/bcp-cpp/dataset/c55_2_d2.col 'Xa(cache)' -t 3600 -i -v x --use-symmetry-breaking --width fixed,DESKTOP-RJQ30EQ,Linux-6.8.0-51-generic-x86_64-with-glibc2.39,c++ (Ubuntu 15.2.0-16ubuntu1) 15.2.0,Python 3.14.4; pandas 2.3.3; psutil 7.2.2,1,2026-08-19T04:50:48.047304+07:00,CaDiCaL,0,Xa(cache),3600,True,x,True,False,fixed
GEOM100.col,100,547,65,31010,179897,OPTIMAL,50,0.050691,0.774027,0.824718,99.22266,0,1,2,509f41020245d12b4e03b0c6681826c72245d1f3,False,91be09009a797c20a68cfb43f78cb01019c2cfdb8915d86e640e95938c315b19,bc9dd2f34387090f83611022ed1b92c2e8cc6181b37baadbb75314f73aa6341c,/home/homulily/code/bcp-cpp/bcp /home/homulily/code/bcp-cpp/dataset/GEOM100.col 'Xa(cache)' -t 3600 -i -v x --use-symmetry-breaking --width fixed,DESKTOP-RJQ30EQ,Linux-6.8.0-51-generic-x86_64-with-glibc2.39,c++ (Ubuntu 15.2.0-16ubuntu1) 15.2.0,Python 3.14.4; pandas 2.3.3; psutil 7.2.2,1,2026-08-19T04:50:48.982846+07:00,CaDiCaL,0,Xa(cache),3600,True,x,True,False,fixed
GEOM100a.col,100,992,92,48747,372575,OPTIMAL,66,0.117107,103.998,104.115,147.88672,0,1,2,509f41020245d12b4e03b0c6681826c72245d1f3,False,630c8dde843161518427f8d7ef92d9d1373781a7e028e2918c0070a86261b0f7,bc9dd2f34387090f83611022ed1b92c2e8cc6181b37baadbb75314f73aa6341c,/home/homulily/code/bcp-cpp/bcp /home/homulily/code/bcp-cpp/dataset/GEOM100a.col 'Xa(cache)' -t 3600 -i -v x --use-symmetry-breaking --width fixed,DESKTOP-RJQ30EQ,Linux-6.8.0-51-generic-x86_64-with-glibc2.39,c++ (Ubuntu 15.2.0-16ubuntu1) 15.2.0,Python 3.14.4; pandas 2.3.3; psutil 7.2.2,1,2026-08-19T04:52:33.194375+07:00,CaDiCaL,0,Xa(cache),3600,True,x,True,False,fixed
GEOM100b.col,100,1050,122,65297,515686,OPTIMAL,71,0.155512,180.555,180.71,162.08984,0,1,2,509f41020245d12b4e03b0c6681826c72245d1f3,False,14092a37b220ef17894222b959c735f68203286fc653930904fe5f13c3741ce5,bc9dd2f34387090f83611022ed1b92c2e8cc6181b37baadbb75314f73aa6341c,/home/homulily/code/bcp-cpp/bcp /home/homulily/code/bcp-cpp/dataset/GEOM100b.col 'Xa(cache)' -t 3600 -i -v x --use-symmetry-breaking --width fixed,DESKTOP-RJQ30EQ,Linux-6.8.0-51-generic-x86_64-with-glibc2.39,c++ (Ubuntu 15.2.0-16ubuntu1) 15.2.0,Python 3.14.4; pandas 2.3.3; psutil 7.2.2,1,2026-08-19T04:55:33.957713+07:00,CaDiCaL,0,Xa(cache),3600,True,x,True,False,fixed
GEOM110.col,110,638,65,34607,205043,OPTIMAL,50,0.058445,1.01432,1.07277,107.78125,0,1,2,509f41020245d12b4e03b0c6681826c72245d1f3,False,2c127a146238aee20765edfcc35a16dc2fd856e5577bfe6afdc859b7dcaddb49,bc9dd2f34387090f83611022ed1b92c2e8cc6181b37baadbb75314f73aa6341c,/home/homulily/code/bcp-cpp/bcp /home/homulily/code/bcp-cpp/dataset/GEOM110.col 'Xa(cache)' -t 3600 -i -v x --use-symmetry-breaking --width fixed,DESKTOP-RJQ30EQ,Linux-6.8.0-51-generic-x86_64-with-glibc2.39,c++ (Ubuntu 15.2.0-16ubuntu1) 15.2.0,Python 3.14.4; pandas 2.3.3; psutil 7.2.2,1,2026-08-19T04:55:35.128022+07:00,CaDiCaL,0,Xa(cache),3600,True,x,True,False,fixed
GEOM110a.col,110,1207,110,64951,527155,OPTIMAL,69,0.150552,137.858,138.009,170.49219,0,1,2,509f41020245d12b4e03b0c6681826c72245d1f3,False,9c37e408d641c20a1fc834cdfa27c50a49e532300506da93442ee8f07c8f7d3c,bc9dd2f34387090f83611022ed1b92c2e8cc6181b37baadbb75314f73aa6341c,/home/homulily/code/bcp-cpp/bcp /home/homulily/code/bcp-cpp/dataset/GEOM110a.col 'Xa(cache)' -t 3600 -i -v x --use-symmetry-breaking --width fixed,DESKTOP-RJQ30EQ,Linux-6.8.0-51-generic-x86_64-with-glibc2.39,c++ (Ubuntu 15.2.0-16ubuntu1) 15.2.0,Python 3.14.4; pandas 2.3.3; psutil 7.2.2,1,2026-08-19T04:57:53.195640+07:00,CaDiCaL,0,Xa(cache),3600,True,x,True,False,fixed
GEOM110b.col,110,1256,122,72691,597975,OPTIMAL,77,0.181177,952.796,952.977,202.23047,0,1,2,509f41020245d12b4e03b0c6681826c72245d1f3,False,aea172a16bc42de0504b35909d35fce000ded1613c496d28ea719a2d44ba7c51,bc9dd2f34387090f83611022ed1b92c2e8cc6181b37baadbb75314f73aa6341c,/home/homulily/code/bcp-cpp/bcp /home/homulily/code/bcp-cpp/dataset/GEOM110b.col 'Xa(cache)' -t 3600 -i -v x --use-symmetry-breaking --width fixed,DESKTOP-RJQ30EQ,Linux-6.8.0-51-generic-x86_64-with-glibc2.39,c++ (Ubuntu 15.2.0-16ubuntu1) 15.2.0,Python 3.14.4; pandas 2.3.3; psutil 7.2.2,1,2026-08-19T05:13:46.234065+07:00,CaDiCaL,0,Xa(cache),3600,True,x,True,False,fixed
GEOM120.col,120,773,74,44240,273174,OPTIMAL,59,0.0809069,2.87306,2.95397,118.66016,0,1,2,509f41020245d12b4e03b0c6681826c72245d1f3,False,26357a9d4e2d8b08cdf055e2a882589f86c22c313fd9674a7f44b405c2aade4a,bc9dd2f34387090f83611022ed1b92c2e8cc6181b37baadbb75314f73aa6341c,/home/homulily/code/bcp-cpp/bcp /home/homulily/code/bcp-cpp/dataset/GEOM120.col 'Xa(cache)' -t 3600 -i -v x --use-symmetry-breaking --width fixed,DESKTOP-RJQ30EQ,Linux-6.8.0-51-generic-x86_64-with-glibc2.39,c++ (Ubuntu 15.2.0-16ubuntu1) 15.2.0,Python 3.14.4; pandas 2.3.3; psutil 7.2.2,1,2026-08-19T05:13:49.236993+07:00,CaDiCaL,0,Xa(cache),3600,True,x,True,False,fixed
GEOM120a.col,120,1434,110,71731,608368,OPTIMAL,82,0.183765,210.89,211.073,225.99609,0,1,2,509f41020245d12b4e03b0c6681826c72245d1f3,False,a920a2c75d8d4fde3a531cb30857d83f245364a0b88d5a18f86336b96bf07ab6,bc9dd2f34387090f83611022ed1b92c2e8cc6181b37baadbb75314f73aa6341c,/home/homulily/code/bcp-cpp/bcp /home/homulily/code/bcp-cpp/dataset/GEOM120a.col 'Xa(cache)' -t 3600 -i -v x --use-symmetry-breaking --width fixed,DESKTOP-RJQ30EQ,Linux-6.8.0-51-generic-x86_64-with-glibc2.39,c++ (Ubuntu 15.2.0-16ubuntu1) 15.2.0,Python 3.14.4; pandas 2.3.3; psutil 7.2.2,1,2026-08-19T05:17:20.405043+07:00,CaDiCaL,0,Xa(cache),3600,True,x,True,False,fixed
GEOM120b.col,120,1491,124,81346,701964,OPTIMAL,83,0.212027,1584.09,1584.3,272.69531,0,1,2,509f41020245d12b4e03b0c6681826c72245d1f3,False,745355ab3817a87504580de4d77629dce60b8f48ea8fb2c5da33224e8ef92e29,bc9dd2f34387090f83611022ed1b92c2e8cc6181b37baadbb75314f73aa6341c,/home/homulily/code/bcp-cpp/bcp /home/homulily/code/bcp-cpp/dataset/GEOM120b.col 'Xa(cache)' -t 3600 -i -v x --use-symmetry-breaking --width fixed,DESKTOP-RJQ30EQ,Linux-6.8.0-51-generic-x86_64-with-glibc2.39,c++ (Ubuntu 15.2.0-16ubuntu1) 15.2.0,Python 3.14.4; pandas 2.3.3; psutil 7.2.2,1,2026-08-19T05:43:44.808046+07:00,CaDiCaL,0,Xa(cache),3600,True,x,True,False,fixed
GEOM20.col,20,20,25,1405,4787,OPTIMAL,21,0.00115293,0.00222212,0.00337505,48.96484,0,1,2,509f41020245d12b4e03b0c6681826c72245d1f3,False,08ed5ea76ef3bcb2228f4669162b3aa8c234de6a4dd75c3155a603919bc0167a,bc9dd2f34387090f83611022ed1b92c2e8cc6181b37baadbb75314f73aa6341c,/home/homulily/code/bcp-cpp/bcp /home/homulily/code/bcp-cpp/dataset/GEOM20.col 'Xa(cache)' -t 3600 -i -v x --use-symmetry-breaking --width fixed,DESKTOP-RJQ30EQ,Linux-6.8.0-51-generic-x86_64-with-glibc2.39,c++ (Ubuntu 15.2.0-16ubuntu1) 15.2.0,Python 3.14.4; pandas 2.3.3; psutil 7.2.2,1,2026-08-19T05:43:44.853814+07:00,CaDiCaL,0,Xa(cache),3600,True,x,True,False,fixed
GEOM20a.col,20,37,25,1676,6673,OPTIMAL,20,0.00160903,0.00245911,0.00406814,50.69141,0,1,2,509f41020245d12b4e03b0c6681826c72245d1f3,False,5fe086947cbc99c9630087a727d0c9fe00065a9c4f6d6ebea7115ab4a8c161fb,bc9dd2f34387090f83611022ed1b92c2e8cc6181b37baadbb75314f73aa6341c,/home/homulily/code/bcp-cpp/bcp /home/homulily/code/bcp-cpp/dataset/GEOM20a.col 'Xa(cache)' -t 3600 -i -v x --use-symmetry-breaking --width fixed,DESKTOP-RJQ30EQ,Linux-6.8.0-51-generic-x86_64-with-glibc2.39,c++ (Ubuntu 15.2.0-16ubuntu1) 15.2.0,Python 3.14.4; pandas 2.3.3; psutil 7.2.2,1,2026-08-19T05:43:44.960871+07:00,CaDiCaL,0,Xa(cache),3600,True,x,True,False,fixed
GEOM20b.col,20,32,17,1093,4066,OPTIMAL,13,0.00112438,0.00166963,0.00279401,50.94141,0,1,2,509f41020245d12b4e03b0c6681826c72245d1f3,False,6be144806384554ada26f70be526ed0d42afb61a447cd96f826be5dbcf60288a,bc9dd2f34387090f83611022ed1b92c2e8cc6181b37baadbb75314f73aa6341c,/home/homulily/code/bcp-cpp/bcp /home/homulily/code/bcp-cpp/dataset/GEOM20b.col 'Xa(cache)' -t 3600 -i -v x --use-symmetry-breaking --width fixed,DESKTOP-RJQ30EQ,Linux-6.8.0-51-generic-x86_64-with-glibc2.39,c++ (Ubuntu 15.2.0-16ubuntu1) 15.2.0,Python 3.14.4; pandas 2.3.3; psutil 7.2.2,1,2026-08-19T05:43:45.066153+07:00,CaDiCaL,0,Xa(cache),3600,True,x,True,False,fixed
GEOM30.col,30,50,34,3344,13373,OPTIMAL,28,0.00381568,0.00589212,0.0097078,51.00391,0,1,2,509f41020245d12b4e03b0c6681826c72245d1f3,False,489bd893683e4c3672aba625abb2643d68f9c2a6d3776c9b26400831c548bd51,bc9dd2f34387090f83611022ed1b92c2e8cc6181b37baadbb75314f73aa6341c,/home/homulily/code/bcp-cpp/bcp /home/homulily/code/bcp-cpp/dataset/GEOM30.col 'Xa(cache)' -t 3600 -i -v x --use-symmetry-breaking --width fixed,DESKTOP-RJQ30EQ,Linux-6.8.0-51-generic-x86_64-with-glibc2.39,c++ (Ubuntu 15.2.0-16ubuntu1) 15.2.0,Python 3.14.4; pandas 2.3.3; psutil 7.2.2,1,2026-08-19T05:43:45.178958+07:00,CaDiCaL,0,Xa(cache),3600,True,x,True,False,fixed
GEOM30a.col,30,81,33,3696,16823,OPTIMAL,27,0.00415135,0.00560625,0.0097576,50.87891,0,1,2,509f41020245d12b4e03b0c6681826c72245d1f3,False,10bfa32a02f1c8633027611fc7eb773d3d5088d3bc49d1419471fc4ca266eca9,bc9dd2f34387090f83611022ed1b92c2e8cc6181b37baadbb75314f73aa6341c,/home/homulily/code/bcp-cpp/bcp /home/homulily/code/bcp-cpp/dataset/GEOM30a.col 'Xa(cache)' -t 3600 -i -v x --use-symmetry-breaking --width fixed,DESKTOP-RJQ30EQ,Linux-6.8.0-51-generic-x86_64-with-glibc2.39,c++ (Ubuntu 15.2.0-16ubuntu1) 15.2.0,Python 3.14.4; pandas 2.3.3; psutil 7.2.2,1,2026-08-19T05:43:45.286732+07:00,CaDiCaL,0,Xa(cache),3600,True,x,True,False,fixed
GEOM30b.col,30,81,28,3366,14396,OPTIMAL,26,0.00379501,0.00217448,0.0059695,50.87891,0,1,2,509f41020245d12b4e03b0c6681826c72245d1f3,False,41e7babfc1e85334f1653ee7e88e11a11b0065ce2d50a72a801b4b00cfe2330a,bc9dd2f34387090f83611022ed1b92c2e8cc6181b37baadbb75314f73aa6341c,/home/homulily/code/bcp-cpp/bcp /home/homulily/code/bcp-cpp/dataset/GEOM30b.col 'Xa(cache)' -t 3600 -i -v x --use-symmetry-breaking --width fixed,DESKTOP-RJQ30EQ,Linux-6.8.0-51-generic-x86_64-with-glibc2.39,c++ (Ubuntu 15.2.0-16ubuntu1) 15.2.0,Python 3.14.4; pandas 2.3.3; psutil 7.2.2,1,2026-08-19T05:43:45.390686+07:00,CaDiCaL,0,Xa(cache),3600,True,x,True,False,fixed
GEOM40.col,40,78,34,4772,19685,OPTIMAL,28,0.00571548,0.00719435,0.0129098,51.06641,0,1,2,509f41020245d12b4e03b0c6681826c72245d1f3,False,4968db2efd363df2b56fdfbab3c914f8100884884a68f0b07cbbc4e20aa1f192,bc9dd2f34387090f83611022ed1b92c2e8cc6181b37baadbb75314f73aa6341c,/home/homulily/code/bcp-cpp/bcp /home/homulily/code/bcp-cpp/dataset/GEOM40.col 'Xa(cache)' -t 3600 -i -v x --use-symmetry-breaking --width fixed,DESKTOP-RJQ30EQ,Linux-6.8.0-51-generic-x86_64-with-glibc2.39,c++ (Ubuntu 15.2.0-16ubuntu1) 15.2.0,Python 3.14.4; pandas 2.3.3; psutil 7.2.2,1,2026-08-19T05:43:45.504528+07:00,CaDiCaL,0,Xa(cache),3600,True,x,True,False,fixed
GEOM40a.col,40,146,51,8383,42997,OPTIMAL,37,0.0117036,0.0343056,0.0460092,51.19141,0,1,2,509f41020245d12b4e03b0c6681826c72245d1f3,False,0bd50dc07b7e234154a3f92e5d2cf1ac6ad83c47badf984a837587fe7c35ca6b,bc9dd2f34387090f83611022ed1b92c2e8cc6181b37baadbb75314f73aa6341c,/home/homulily/code/bcp-cpp/bcp /home/homulily/code/bcp-cpp/dataset/GEOM40a.col 'Xa(cache)' -t 3600 -i -v x --use-symmetry-breaking --width fixed,DESKTOP-RJQ30EQ,Linux-6.8.0-51-generic-x86_64-with-glibc2.39,c++ (Ubuntu 15.2.0-16ubuntu1) 15.2.0,Python 3.14.4; pandas 2.3.3; psutil 7.2.2,1,2026-08-19T05:43:45.644487+07:00,CaDiCaL,0,Xa(cache),3600,True,x,True,False,fixed
GEOM40b.col,40,157,41,6944,35132,OPTIMAL,33,0.00910562,0.0238129,0.0329185,50.87891,0,1,2,509f41020245d12b4e03b0c6681826c72245d1f3,False,1ccb98f8f5e910eb9d4064ba5b23dff42c9067ecd2d40d0879250dbd16181ddf,bc9dd2f34387090f83611022ed1b92c2e8cc6181b37baadbb75314f73aa6341c,/home/homulily/code/bcp-cpp/bcp /home/homulily/code/bcp-cpp/dataset/GEOM40b.col 'Xa(cache)' -t 3600 -i -v x --use-symmetry-breaking --width fixed,DESKTOP-RJQ30EQ,Linux-6.8.0-51-generic-x86_64-with-glibc2.39,c++ (Ubuntu 15.2.0-16ubuntu1) 15.2.0,Python 3.14.4; pandas 2.3.3; psutil 7.2.2,1,2026-08-19T05:43:45.737388+07:00,CaDiCaL,0,Xa(cache),3600,True,x,True,False,fixed
GEOM50.col,50,127,37,7173,31566,OPTIMAL,28,0.00867333,0.0106965,0.0193698,50.94141,0,1,2,509f41020245d12b4e03b0c6681826c72245d1f3,False,c584455fa3b51a54152148534733fdf90022ccefd515c1770417925f43ef5434,bc9dd2f34387090f83611022ed1b92c2e8cc6181b37baadbb75314f73aa6341c,/home/homulily/code/bcp-cpp/bcp /home/homulily/code/bcp-cpp/dataset/GEOM50.col 'Xa(cache)' -t 3600 -i -v x --use-symmetry-breaking --width fixed,DESKTOP-RJQ30EQ,Linux-6.8.0-51-generic-x86_64-with-glibc2.39,c++ (Ubuntu 15.2.0-16ubuntu1) 15.2.0,Python 3.14.4; pandas 2.3.3; psutil 7.2.2,1,2026-08-19T05:43:45.829540+07:00,CaDiCaL,0,Xa(cache),3600,True,x,True,False,fixed
GEOM50a.col,50,238,62,13913,78115,OPTIMAL,50,0.0208569,0.487232,0.508089,76.42578,0,1,2,509f41020245d12b4e03b0c6681826c72245d1f3,False,09a35a2b65ed3e0dcd221ac73c5adb47901d19e134e9d9ce99d087c064f5b13b,bc9dd2f34387090f83611022ed1b92c2e8cc6181b37baadbb75314f73aa6341c,/home/homulily/code/bcp-cpp/bcp /home/homulily/code/bcp-cpp/dataset/GEOM50a.col 'Xa(cache)' -t 3600 -i -v x --use-symmetry-breaking --width fixed,DESKTOP-RJQ30EQ,Linux-6.8.0-51-generic-x86_64-with-glibc2.39,c++ (Ubuntu 15.2.0-16ubuntu1) 15.2.0,Python 3.14.4; pandas 2.3.3; psutil 7.2.2,1,2026-08-19T05:43:46.424693+07:00,CaDiCaL,0,Xa(cache),3600,True,x,True,False,fixed
GEOM50b.col,50,249,55,12810,70389,OPTIMAL,35,0.0190291,0.162503,0.181532,72.79688,0,1,2,509f41020245d12b4e03b0c6681826c72245d1f3,False,7b21131c086e1fd406658aed26e1d79b31aa8f81bf25493c8658813e81076dca,bc9dd2f34387090f83611022ed1b92c2e8cc6181b37baadbb75314f73aa6341c,/home/homulily/code/bcp-cpp/bcp /home/homulily/code/bcp-cpp/dataset/GEOM50b.col 'Xa(cache)' -t 3600 -i -v x --use-symmetry-breaking --width fixed,DESKTOP-RJQ30EQ,Linux-6.8.0-51-generic-x86_64-with-glibc2.39,c++ (Ubuntu 15.2.0-16ubuntu1) 15.2.0,Python 3.14.4; pandas 2.3.3; psutil 7.2.2,1,2026-08-19T05:43:46.709923+07:00,CaDiCaL,0,Xa(cache),3600,True,x,True,False,fixed
GEOM60.col,60,185,37,9156,42255,OPTIMAL,33,0.0112421,0.0113273,0.0225694,51.25391,0,1,2,509f41020245d12b4e03b0c6681826c72245d1f3,False,9575aa95916bb0ddb24ac95ceb686ad79834715a8c3c97743905c76227ffa048,bc9dd2f34387090f83611022ed1b92c2e8cc6181b37baadbb75314f73aa6341c,/home/homulily/code/bcp-cpp/bcp /home/homulily/code/bcp-cpp/dataset/GEOM60.col 'Xa(cache)' -t 3600 -i -v x --use-symmetry-breaking --width fixed,DESKTOP-RJQ30EQ,Linux-6.8.0-51-generic-x86_64-with-glibc2.39,c++ (Ubuntu 15.2.0-16ubuntu1) 15.2.0,Python 3.14.4; pandas 2.3.3; psutil 7.2.2,1,2026-08-19T05:43:46.753025+07:00,CaDiCaL,0,Xa(cache),3600,True,x,True,False,fixed
GEOM60a.col,60,339,62,17180,102710,OPTIMAL,50,0.0278619,0.635704,0.663566,81.86328,0,1,2,509f41020245d12b4e03b0c6681826c72245d1f3,False,c6266e394b59107ef80c14a3ed0d8dd4ae62c646238c8358f8080547a85fd68c,bc9dd2f34387090f83611022ed1b92c2e8cc6181b37baadbb75314f73aa6341c,/home/homulily/code/bcp-cpp/bcp /home/homulily/code/bcp-cpp/dataset/GEOM60a.col 'Xa(cache)' -t 3600 -i -v x --use-symmetry-breaking --width fixed,DESKTOP-RJQ30EQ,Linux-6.8.0-51-generic-x86_64-with-glibc2.39,c++ (Ubuntu 15.2.0-16ubuntu1) 15.2.0,Python 3.14.4; pandas 2.3.3; psutil 7.2.2,1,2026-08-19T05:43:47.503326+07:00,CaDiCaL,0,Xa(cache),3600,True,x,True,False,fixed
GEOM60b.col,60,366,64,18664,111832,OPTIMAL,41,0.0299632,0.782854,0.812817,82.09375,0,1,2,509f41020245d12b4e03b0c6681826c72245d1f3,False,8305498f1acbb0e13fc3e5b6756eebb72600bd69b237f5d836248a8d8e040f76,bc9dd2f34387090f83611022ed1b92c2e8cc6181b37baadbb75314f73aa6341c,/home/homulily/code/bcp-cpp/bcp /home/homulily/code/bcp-cpp/dataset/GEOM60b.col 'Xa(cache)' -t 3600 -i -v x --use-symmetry-breaking --width fixed,DESKTOP-RJQ30EQ,Linux-6.8.0-51-generic-x86_64-with-glibc2.39,c++ (Ubuntu 15.2.0-16ubuntu1) 15.2.0,Python 3.14.4; pandas 2.3.3; psutil 7.2.2,1,2026-08-19T05:43:48.362105+07:00,CaDiCaL,0,Xa(cache),3600,True,x,True,False,fixed
GEOM70.col,70,267,45,13847,69210,OPTIMAL,38,0.0186908,0.0493641,0.0680549,51.12891,0,1,2,509f41020245d12b4e03b0c6681826c72245d1f3,False,6709158dd6a0c24605665511d543798f2cda198fb9b943c841d842af483b8b5f,bc9dd2f34387090f83611022ed1b92c2e8cc6181b37baadbb75314f73aa6341c,/home/homulily/code/bcp-cpp/bcp /home/homulily/code/bcp-cpp/dataset/GEOM70.col 'Xa(cache)' -t 3600 -i -v x --use-symmetry-breaking --width fixed,DESKTOP-RJQ30EQ,Linux-6.8.0-51-generic-x86_64-with-glibc2.39,c++ (Ubuntu 15.2.0-16ubuntu1) 15.2.0,Python 3.14.4; pandas 2.3.3; psutil 7.2.2,1,2026-08-19T05:43:48.526939+07:00,CaDiCaL,0,Xa(cache),3600,True,x,True,False,fixed
GEOM70a.col,70,459,73,24711,156406,OPTIMAL,61,0.0436824,2.65148,2.69516,94.95312,0,1,2,509f41020245d12b4e03b0c6681826c72245d1f3,False,e256a1a0b8f2637a931d35ffacdb28b715bcafa769a4bbedc21eb991683d0a40,bc9dd2f34387090f83611022ed1b92c2e8cc6181b37baadbb75314f73aa6341c,/home/homulily/code/bcp-cpp/bcp /home/homulily/code/bcp-cpp/dataset/GEOM70a.col 'Xa(cache)' -t 3600 -i -v x --use-symmetry-breaking --width fixed,DESKTOP-RJQ30EQ,Linux-6.8.0-51-generic-x86_64-with-glibc2.39,c++ (Ubuntu 15.2.0-16ubuntu1) 15.2.0,Python 3.14.4; pandas 2.3.3; psutil 7.2.2,1,2026-08-19T05:43:51.260042+07:00,CaDiCaL,0,Xa(cache),3600,True,x,True,False,fixed
GEOM70b.col,70,488,77,26374,170873,OPTIMAL,47,0.0479525,3.09672,3.14467,92.56641,0,1,2,509f41020245d12b4e03b0c6681826c72245d1f3,False,50b43cacfa298b2c9f4c05ca437a5559b357c8348aa59226bf3c2fd9b98b03b8,bc9dd2f34387090f83611022ed1b92c2e8cc6181b37baadbb75314f73aa6341c,/home/homulily/code/bcp-cpp/bcp /home/homulily/code/bcp-cpp/dataset/GEOM70b.col 'Xa(cache)' -t 3600 -i -v x --use-symmetry-breaking --width fixed,DESKTOP-RJQ30EQ,Linux-6.8.0-51-generic-x86_64-with-glibc2.39,c++ (Ubuntu 15.2.0-16ubuntu1) 15.2.0,Python 3.14.4; pandas 2.3.3; psutil 7.2.2,1,2026-08-19T05:43:54.437701+07:00,CaDiCaL,0,Xa(cache),3600,True,x,True,False,fixed
GEOM80.col,80,349,55,19999,106011,OPTIMAL,41,0.0295608,0.0729824,0.102543,78.03516,0,1,2,509f41020245d12b4e03b0c6681826c72245d1f3,False,46454b38ff8d83fe0020c6f3e5408c0ca37e868bc79f74749c4a8e555730df9c,bc9dd2f34387090f83611022ed1b92c2e8cc6181b37baadbb75314f73aa6341c,/home/homulily/code/bcp-cpp/bcp /home/homulily/code/bcp-cpp/dataset/GEOM80.col 'Xa(cache)' -t 3600 -i -v x --use-symmetry-breaking --width fixed,DESKTOP-RJQ30EQ,Linux-6.8.0-51-generic-x86_64-with-glibc2.39,c++ (Ubuntu 15.2.0-16ubuntu1) 15.2.0,Python 3.14.4; pandas 2.3.3; psutil 7.2.2,1,2026-08-19T05:43:54.624482+07:00,CaDiCaL,0,Xa(cache),3600,True,x,True,False,fixed
GEOM80a.col,80,612,80,32179,218149,OPTIMAL,63,0.0605765,6.10617,6.16675,108.96094,0,1,2,509f41020245d12b4e03b0c6681826c72245d1f3,False,f8cd1c510008df8e302411facc59a809be027620b27f632f811c1c94c76d78c9,bc9dd2f34387090f83611022ed1b92c2e8cc6181b37baadbb75314f73aa6341c,/home/homulily/code/bcp-cpp/bcp /home/homulily/code/bcp-cpp/dataset/GEOM80a.col 'Xa(cache)' -t 3600 -i -v x --use-symmetry-breaking --width fixed,DESKTOP-RJQ30EQ,Linux-6.8.0-51-generic-x86_64-with-glibc2.39,c++ (Ubuntu 15.2.0-16ubuntu1) 15.2.0,Python 3.14.4; pandas 2.3.3; psutil 7.2.2,1,2026-08-19T05:44:00.898710+07:00,CaDiCaL,0,Xa(cache),3600,True,x,True,False,fixed
GEOM80b.col,80,663,99,41331,285058,OPTIMAL,60,0.0835873,6.43695,6.52053,116.57422,0,1,2,509f41020245d12b4e03b0c6681826c72245d1f3,False,a8dcc40cfc8d87903196406f815c4d512a7c68e3e966538768a0601bfac7d301,bc9dd2f34387090f83611022ed1b92c2e8cc6181b37baadbb75314f73aa6341c,/home/homulily/code/bcp-cpp/bcp /home/homulily/code/bcp-cpp/dataset/GEOM80b.col 'Xa(cache)' -t 3600 -i -v x --use-symmetry-breaking --width fixed,DESKTOP-RJQ30EQ,Linux-6.8.0-51-generic-x86_64-with-glibc2.39,c++ (Ubuntu 15.2.0-16ubuntu1) 15.2.0,Python 3.14.4; pandas 2.3.3; psutil 7.2.2,1,2026-08-19T05:44:07.519324+07:00,CaDiCaL,0,Xa(cache),3600,True,x,True,False,fixed
GEOM90.col,90,441,55,23065,126119,OPTIMAL,46,0.0356697,0.141577,0.177247,80.27344,0,1,2,509f41020245d12b4e03b0c6681826c72245d1f3,False,8b99774b70737296ed7b4c8a3ad9ec1827182467166c5e7c93a1c2117473f7cf,bc9dd2f34387090f83611022ed1b92c2e8cc6181b37baadbb75314f73aa6341c,/home/homulily/code/bcp-cpp/bcp /home/homulily/code/bcp-cpp/dataset/GEOM90.col 'Xa(cache)' -t 3600 -i -v x --use-symmetry-breaking --width fixed,DESKTOP-RJQ30EQ,Linux-6.8.0-51-generic-x86_64-with-glibc2.39,c++ (Ubuntu 15.2.0-16ubuntu1) 15.2.0,Python 3.14.4; pandas 2.3.3; psutil 7.2.2,1,2026-08-19T05:44:07.718896+07:00,CaDiCaL,0,Xa(cache),3600,True,x,True,False,fixed
GEOM90a.col,90,789,81,37907,269491,OPTIMAL,63,0.0775616,9.09999,9.17756,116.30859,0,1,2,509f41020245d12b4e03b0c6681826c72245d1f3,False,254a4ba130fad8005c03d2288438d16ff5c3768cb05ebe3b37929f9f3247a1df,bc9dd2f34387090f83611022ed1b92c2e8cc6181b37baadbb75314f73aa6341c,/home/homulily/code/bcp-cpp/bcp /home/homulily/code/bcp-cpp/dataset/GEOM90a.col 'Xa(cache)' -t 3600 -i -v x --use-symmetry-breaking --width fixed,DESKTOP-RJQ30EQ,Linux-6.8.0-51-generic-x86_64-with-glibc2.39,c++ (Ubuntu 15.2.0-16ubuntu1) 15.2.0,Python 3.14.4; pandas 2.3.3; psutil 7.2.2,1,2026-08-19T05:44:16.927711+07:00,CaDiCaL,0,Xa(cache),3600,True,x,True,False,fixed
GEOM90b.col,90,860,110,52411,391976,OPTIMAL,69,0.121157,45.1428,45.2639,140.00391,0,1,2,509f41020245d12b4e03b0c6681826c72245d1f3,False,e293687b9c36702121066f37ac02cf4e8901dbaa3fd5ba7e864b0e00ba74fac3,bc9dd2f34387090f83611022ed1b92c2e8cc6181b37baadbb75314f73aa6341c,/home/homulily/code/bcp-cpp/bcp /home/homulily/code/bcp-cpp/dataset/GEOM90b.col 'Xa(cache)' -t 3600 -i -v x --use-symmetry-breaking --width fixed,DESKTOP-RJQ30EQ,Linux-6.8.0-51-generic-x86_64-with-glibc2.39,c++ (Ubuntu 15.2.0-16ubuntu1) 15.2.0,Python 3.14.4; pandas 2.3.3; psutil 7.2.2,1,2026-08-19T05:45:02.309778+07:00,CaDiCaL,0,Xa(cache),3600,True,x,True,False,fixed
c21_1_d1.col,21,102,8,315,1303,OPTIMAL,7,0.000373877,0.00257083,0.00294471,51.12891,0,1,2,509f41020245d12b4e03b0c6681826c72245d1f3,False,f838258c4c693e09ad2cc97943c674fc5b2ee14e0f97961fdfdeb239b8436773,bc9dd2f34387090f83611022ed1b92c2e8cc6181b37baadbb75314f73aa6341c,/home/homulily/code/bcp-cpp/bcp /home/homulily/code/bcp-cpp/dataset/c21_1_d1.col 'Xa(cache)' -t 3600 -i -v x --use-symmetry-breaking --width fixed,DESKTOP-RJQ30EQ,Linux-6.8.0-51-generic-x86_64-with-glibc2.39,c++ (Ubuntu 15.2.0-16ubuntu1) 15.2.0,Python 3.14.4; pandas 2.3.3; psutil 7.2.2,1,2026-08-19T05:45:02.404085+07:00,CaDiCaL,0,Xa(cache),3600,True,x,True,False,fixed
c21_1_d2.col,21,102,8,315,1303,OPTIMAL,7,0.000451751,0.00282013,0.00327188,51.25391,0,1,2,509f41020245d12b4e03b0c6681826c72245d1f3,False,17ff4bba73f02ee89dd3d91ccbca1a01ac0062c8872237c8916bc44590d256d5,bc9dd2f34387090f83611022ed1b92c2e8cc6181b37baadbb75314f73aa6341c,/home/homulily/code/bcp-cpp/bcp /home/homulily/code/bcp-cpp/dataset/c21_1_d2.col 'Xa(cache)' -t 3600 -i -v x --use-symmetry-breaking --width fixed,DESKTOP-RJQ30EQ,Linux-6.8.0-51-generic-x86_64-with-glibc2.39,c++ (Ubuntu 15.2.0-16ubuntu1) 15.2.0,Python 3.14.4; pandas 2.3.3; psutil 7.2.2,1,2026-08-19T05:45:02.506778+07:00,CaDiCaL,0,Xa(cache),3600,True,x,True,False,fixed
c21_2_d1.col,21,102,12,525,3274,OPTIMAL,9,0.000829343,0.00221134,0.00304068,51.19141,0,1,2,509f41020245d12b4e03b0c6681826c72245d1f3,False,bc5ff196032b38d098ccbb833a33557f397c0d16b5f8a281ddda8141f182fab6,bc9dd2f34387090f83611022ed1b92c2e8cc6181b37baadbb75314f73aa6341c,/home/homulily/code/bcp-cpp/bcp /home/homulily/code/bcp-cpp/dataset/c21_2_d1.col 'Xa(cache)' -t 3600 -i -v x --use-symmetry-breaking --width fixed,DESKTOP-RJQ30EQ,Linux-6.8.0-51-generic-x86_64-with-glibc2.39,c++ (Ubuntu 15.2.0-16ubuntu1) 15.2.0,Python 3.14.4; pandas 2.3.3; psutil 7.2.2,1,2026-08-19T05:45:02.609526+07:00,CaDiCaL,0,Xa(cache),3600,True,x,True,False,fixed
c21_2_d2.col,21,102,12,525,3274,OPTIMAL,9,0.000808606,0.00237678,0.00318538,51.12891,0,1,2,509f41020245d12b4e03b0c6681826c72245d1f3,False,357f7cf6535a13a2109dbf9d363efff9cc6e0038fccf653c1dafc7e92e00fe01,bc9dd2f34387090f83611022ed1b92c2e8cc6181b37baadbb75314f73aa6341c,/home/homulily/code/bcp-cpp/bcp /home/homulily/code/bcp-cpp/dataset/c21_2_d2.col 'Xa(cache)' -t 3600 -i -v x --use-symmetry-breaking --width fixed,DESKTOP-RJQ30EQ,Linux-6.8.0-51-generic-x86_64-with-glibc2.39,c++ (Ubuntu 15.2.0-16ubuntu1) 15.2.0,Python 3.14.4; pandas 2.3.3; psutil 7.2.2,1,2026-08-19T05:45:02.716727+07:00,CaDiCaL,0,Xa(cache),3600,True,x,True,False,fixed
c21_3_d1.col,21,102,8,315,1303,OPTIMAL,7,0.000395131,0.00255226,0.00294739,51.00391,0,1,2,509f41020245d12b4e03b0c6681826c72245d1f3,False,2765b742e9eb99580ca620c1af200f5de170405ca0f8ef34101dec9696c2f9ee,bc9dd2f34387090f83611022ed1b92c2e8cc6181b37baadbb75314f73aa6341c,/home/homulily/code/bcp-cpp/bcp /home/homulily/code/bcp-cpp/dataset/c21_3_d1.col 'Xa(cache)' -t 3600 -i -v x --use-symmetry-breaking --width fixed,DESKTOP-RJQ30EQ,Linux-6.8.0-51-generic-x86_64-with-glibc2.39,c++ (Ubuntu 15.2.0-16ubuntu1) 15.2.0,Python 3.14.4; pandas 2.3.3; psutil 7.2.2,1,2026-08-19T05:45:02.822818+07:00,CaDiCaL,0,Xa(cache),3600,True,x,True,False,fixed
c21_3_d2.col,21,102,8,315,1303,OPTIMAL,7,0.000385837,0.00258441,0.00297024,50.25391,0,1,2,509f41020245d12b4e03b0c6681826c72245d1f3,False,5274c4b0e9751b679b2b38ab34627c4d1eca543d53c9c4086f61ec64f8ee1c6f,bc9dd2f34387090f83611022ed1b92c2e8cc6181b37baadbb75314f73aa6341c,/home/homulily/code/bcp-cpp/bcp /home/homulily/code/bcp-cpp/dataset/c21_3_d2.col 'Xa(cache)' -t 3600 -i -v x --use-symmetry-breaking --width fixed,DESKTOP-RJQ30EQ,Linux-6.8.0-51-generic-x86_64-with-glibc2.39,c++ (Ubuntu 15.2.0-16ubuntu1) 15.2.0,Python 3.14.4; pandas 2.3.3; psutil 7.2.2,1,2026-08-19T05:45:02.929604+07:00,CaDiCaL,0,Xa(cache),3600,True,x,True,False,fixed
c21_4_d1.col,21,102,12,525,3274,OPTIMAL,9,0.000822624,0.00214783,0.00297045,50.94141,0,1,2,509f41020245d12b4e03b0c6681826c72245d1f3,False,19dd5b83496200f38741c1f02f9fc646d0eae6d2a435789be0650d1e3455d42b,bc9dd2f34387090f83611022ed1b92c2e8cc6181b37baadbb75314f73aa6341c,/home/homulily/code/bcp-cpp/bcp /home/homulily/code/bcp-cpp/dataset/c21_4_d1.col 'Xa(cache)' -t 3600 -i -v x --use-symmetry-breaking --width fixed,DESKTOP-RJQ30EQ,Linux-6.8.0-51-generic-x86_64-with-glibc2.39,c++ (Ubuntu 15.2.0-16ubuntu1) 15.2.0,Python 3.14.4; pandas 2.3.3; psutil 7.2.2,1,2026-08-19T05:45:03.036283+07:00,CaDiCaL,0,Xa(cache),3600,True,x,True,False,fixed
c21_4_d2.col,21,102,12,525,3274,OPTIMAL,9,0.000905743,0.0023214,0.00322714,51.12891,0,1,2,509f41020245d12b4e03b0c6681826c72245d1f3,False,dcae409f3fa775f5d64e2a1c13109513f71b4261ac6646fa06061715bb34c40c,bc9dd2f34387090f83611022ed1b92c2e8cc6181b37baadbb75314f73aa6341c,/home/homulily/code/bcp-cpp/bcp /home/homulily/code/bcp-cpp/dataset/c21_4_d2.col 'Xa(cache)' -t 3600 -i -v x --use-symmetry-breaking --width fixed,DESKTOP-RJQ30EQ,Linux-6.8.0-51-generic-x86_64-with-glibc2.39,c++ (Ubuntu 15.2.0-16ubuntu1) 15.2.0,Python 3.14.4; pandas 2.3.3; psutil 7.2.2,1,2026-08-19T05:45:03.142749+07:00,CaDiCaL,0,Xa(cache),3600,True,x,True,False,fixed
c21_5_d1.col,21,102,8,315,1303,OPTIMAL,7,0.000433075,0.00252834,0.00296142,50.50391,0,1,2,509f41020245d12b4e03b0c6681826c72245d1f3,False,9b48d14af7b6c13caa07b34bb084a2f18f2bbe1f27e4357c5d1d30b214e43ba0,bc9dd2f34387090f83611022ed1b92c2e8cc6181b37baadbb75314f73aa6341c,/home/homulily/code/bcp-cpp/bcp /home/homulily/code/bcp-cpp/dataset/c21_5_d1.col 'Xa(cache)' -t 3600 -i -v x --use-symmetry-breaking --width fixed,DESKTOP-RJQ30EQ,Linux-6.8.0-51-generic-x86_64-with-glibc2.39,c++ (Ubuntu 15.2.0-16ubuntu1) 15.2.0,Python 3.14.4; pandas 2.3.3; psutil 7.2.2,1,2026-08-19T05:45:03.250156+07:00,CaDiCaL,0,Xa(cache),3600,True,x,True,False,fixed
c21_5_d2.col,21,102,8,315,1303,OPTIMAL,7,0.000374266,0.00303705,0.00341132,50.94141,0,1,2,509f41020245d12b4e03b0c6681826c72245d1f3,False,bfa272eb474be3d829f6ae72dc0b350e3cc16cae91bd5b0268f9d7d42e029bdf,bc9dd2f34387090f83611022ed1b92c2e8cc6181b37baadbb75314f73aa6341c,/home/homulily/code/bcp-cpp/bcp /home/homulily/code/bcp-cpp/dataset/c21_5_d2.col 'Xa(cache)' -t 3600 -i -v x --use-symmetry-breaking --width fixed,DESKTOP-RJQ30EQ,Linux-6.8.0-51-generic-x86_64-with-glibc2.39,c++ (Ubuntu 15.2.0-16ubuntu1) 15.2.0,Python 3.14.4; pandas 2.3.3; psutil 7.2.2,1,2026-08-19T05:45:03.355964+07:00,CaDiCaL,0,Xa(cache),3600,True,x,True,False,fixed
c21_6_d1.col,21,102,12,525,3274,OPTIMAL,9,0.000878479,0.00211541,0.00299389,50.50391,0,1,2,509f41020245d12b4e03b0c6681826c72245d1f3,False,67f709a59420aa411b280438ae2a69559cb89dbc2a475e7237b5ff6beb322fc2,bc9dd2f34387090f83611022ed1b92c2e8cc6181b37baadbb75314f73aa6341c,/home/homulily/code/bcp-cpp/bcp /home/homulily/code/bcp-cpp/dataset/c21_6_d1.col 'Xa(cache)' -t 3600 -i -v x --use-symmetry-breaking --width fixed,DESKTOP-RJQ30EQ,Linux-6.8.0-51-generic-x86_64-with-glibc2.39,c++ (Ubuntu 15.2.0-16ubuntu1) 15.2.0,Python 3.14.4; pandas 2.3.3; psutil 7.2.2,1,2026-08-19T05:45:03.462346+07:00,CaDiCaL,0,Xa(cache),3600,True,x,True,False,fixed
c21_6_d2.col,21,102,12,525,3274,OPTIMAL,9,0.00083236,0.00221625,0.00304861,51.12891,0,1,2,509f41020245d12b4e03b0c6681826c72245d1f3,False,75ba8238057f4be94630617bff4cf631976862699cffdb81bcbe628b6f5af066,bc9dd2f34387090f83611022ed1b92c2e8cc6181b37baadbb75314f73aa6341c,/home/homulily/code/bcp-cpp/bcp /home/homulily/code/bcp-cpp/dataset/c21_6_d2.col 'Xa(cache)' -t 3600 -i -v x --use-symmetry-breaking --width fixed,DESKTOP-RJQ30EQ,Linux-6.8.0-51-generic-x86_64-with-glibc2.39,c++ (Ubuntu 15.2.0-16ubuntu1) 15.2.0,Python 3.14.4; pandas 2.3.3; psutil 7.2.2,1,2026-08-19T05:45:03.569379+07:00,CaDiCaL,0,Xa(cache),3600,True,x,True,False,fixed
c21_7_d1.col,21,102,8,315,1303,OPTIMAL,7,0.000378961,0.00253704,0.002916,50.87891,0,1,2,509f41020245d12b4e03b0c6681826c72245d1f3,False,a5740086f18083fcf131d5f89bf75b7673b05dfb0366edb4c45fca95b2789986,bc9dd2f34387090f83611022ed1b92c2e8cc6181b37baadbb75314f73aa6341c,/home/homulily/code/bcp-cpp/bcp /home/homulily/code/bcp-cpp/dataset/c21_7_d1.col 'Xa(cache)' -t 3600 -i -v x --use-symmetry-breaking --width fixed,DESKTOP-RJQ30EQ,Linux-6.8.0-51-generic-x86_64-with-glibc2.39,c++ (Ubuntu 15.2.0-16ubuntu1) 15.2.0,Python 3.14.4; pandas 2.3.3; psutil 7.2.2,1,2026-08-19T05:45:03.674995+07:00,CaDiCaL,0,Xa(cache),3600,True,x,True,False,fixed
c21_7_d2.col,21,102,8,315,1303,OPTIMAL,7,0.000379459,0.00248992,0.00286938,50.62891,0,1,2,509f41020245d12b4e03b0c6681826c72245d1f3,False,ac84b1b113bb6b57a70caec3bc248b94cc90c0bb1186f65645d78821eb05adbd,bc9dd2f34387090f83611022ed1b92c2e8cc6181b37baadbb75314f73aa6341c,/home/homulily/code/bcp-cpp/bcp /home/homulily/code/bcp-cpp/dataset/c21_7_d2.col 'Xa(cache)' -t 3600 -i -v x --use-symmetry-breaking --width fixed,DESKTOP-RJQ30EQ,Linux-6.8.0-51-generic-x86_64-with-glibc2.39,c++ (Ubuntu 15.2.0-16ubuntu1) 15.2.0,Python 3.14.4; pandas 2.3.3; psutil 7.2.2,1,2026-08-19T05:45:03.781604+07:00,CaDiCaL,0,Xa(cache),3600,True,x,True,False,fixed
c21_8_d1.col,21,102,12,525,3274,OPTIMAL,9,0.000808558,0.00210697,0.00291553,50.94141,0,1,2,509f41020245d12b4e03b0c6681826c72245d1f3,False,bb8a14faad6327dbd85291090c1bdb4c5568aa8d9d5a7bd53c8654f3ab113224,bc9dd2f34387090f83611022ed1b92c2e8cc6181b37baadbb75314f73aa6341c,/home/homulily/code/bcp-cpp/bcp /home/homulily/code/bcp-cpp/dataset/c21_8_d1.col 'Xa(cache)' -t 3600 -i -v x --use-symmetry-breaking --width fixed,DESKTOP-RJQ30EQ,Linux-6.8.0-51-generic-x86_64-with-glibc2.39,c++ (Ubuntu 15.2.0-16ubuntu1) 15.2.0,Python 3.14.4; pandas 2.3.3; psutil 7.2.2,1,2026-08-19T05:45:03.890794+07:00,CaDiCaL,0,Xa(cache),3600,True,x,True,False,fixed
c21_8_d2.col,21,102,12,525,3274,OPTIMAL,9,0.000817079,0.00215393,0.00297101,50.50391,0,1,2,509f41020245d12b4e03b0c6681826c72245d1f3,False,f5ba7310979dcec808371e784a264f60b7a9480e3c89e6597cce412caf40d991,bc9dd2f34387090f83611022ed1b92c2e8cc6181b37baadbb75314f73aa6341c,/home/homulily/code/bcp-cpp/bcp /home/homulily/code/bcp-cpp/dataset/c21_8_d2.col 'Xa(cache)' -t 3600 -i -v x --use-symmetry-breaking --width fixed,DESKTOP-RJQ30EQ,Linux-6.8.0-51-generic-x86_64-with-glibc2.39,c++ (Ubuntu 15.2.0-16ubuntu1) 15.2.0,Python 3.14.4; pandas 2.3.3; psutil 7.2.2,1,2026-08-19T05:45:03.997446+07:00,CaDiCaL,0,Xa(cache),3600,True,x,True,False,fixed
c25_1_d3.col,25,134,8,375,1626,OPTIMAL,8,0.000469631,0.0313377,0.0318074,51.12891,0,1,2,509f41020245d12b4e03b0c6681826c72245d1f3,False,1ea6804dc4a8d52338e7935ca90ec544a6f93a27cd092508d5f2a4a4309660a3,bc9dd2f34387090f83611022ed1b92c2e8cc6181b37baadbb75314f73aa6341c,/home/homulily/code/bcp-cpp/bcp /home/homulily/code/bcp-cpp/dataset/c25_1_d3.col 'Xa(cache)' -t 3600 -i -v x --use-symmetry-breaking --width fixed,DESKTOP-RJQ30EQ,Linux-6.8.0-51-generic-x86_64-with-glibc2.39,c++ (Ubuntu 15.2.0-16ubuntu1) 15.2.0,Python 3.14.4; pandas 2.3.3; psutil 7.2.2,1,2026-08-19T05:45:04.131791+07:00,CaDiCaL,0,Xa(cache),3600,True,x,True,False,fixed
c25_1_d4.col,25,134,8,375,1626,OPTIMAL,8,0.000537439,0.0312811,0.0318185,50.94141,0,1,2,509f41020245d12b4e03b0c6681826c72245d1f3,False,eff8f52de9e723400f83c97d0ec2abe45e41b6038672e20a4a4081e4715aca85,bc9dd2f34387090f83611022ed1b92c2e8cc6181b37baadbb75314f73aa6341c,/home/homulily/code/bcp-cpp/bcp /home/homulily/code/bcp-cpp/dataset/c25_1_d4.col 'Xa(cache)' -t 3600 -i -v x --use-symmetry-breaking --width fixed,DESKTOP-RJQ30EQ,Linux-6.8.0-51-generic-x86_64-with-glibc2.39,c++ (Ubuntu 15.2.0-16ubuntu1) 15.2.0,Python 3.14.4; pandas 2.3.3; psutil 7.2.2,1,2026-08-19T05:45:04.238850+07:00,CaDiCaL,0,Xa(cache),3600,True,x,True,False,fixed
c55_1_d1.col,55,362,9,935,4747,OPTIMAL,7,0.00132458,0.00428298,0.00560756,51.12891,0,1,2,509f41020245d12b4e03b0c6681826c72245d1f3,False,483fac5e0df65a27f7312e2883f8f90c17f26d3a7bdd50c333212ca635e3f2e6,bc9dd2f34387090f83611022ed1b92c2e8cc6181b37baadbb75314f73aa6341c,/home/homulily/code/bcp-cpp/bcp /home/homulily/code/bcp-cpp/dataset/c55_1_d1.col 'Xa(cache)' -t 3600 -i -v x --use-symmetry-breaking --width fixed,DESKTOP-RJQ30EQ,Linux-6.8.0-51-generic-x86_64-with-glibc2.39,c++ (Ubuntu 15.2.0-16ubuntu1) 15.2.0,Python 3.14.4; pandas 2.3.3; psutil 7.2.2,1,2026-08-19T05:45:04.318766+07:00,CaDiCaL,0,Xa(cache),3600,True,x,True,False,fixed
c55_2_d2.col,55,362,9,935,4747,OPTIMAL,7,0.00135458,0.0044676,0.00582218,50.87891,0,1,2,509f41020245d12b4e03b0c6681826c72245d1f3,False,7b0078b893aeb838a0f5f0b3ece5f1505f2c0981a98c59561af4c69742a59ad6,bc9dd2f34387090f83611022ed1b92c2e8cc6181b37baadbb75314f73aa6341c,/home/homulily/code/bcp-cpp/bcp /home/homulily/code/bcp-cpp/dataset/c55_2_d2.col 'Xa(cache)' -t 3600 -i -v x --use-symmetry-breaking --width fixed,DESKTOP-RJQ30EQ,Linux-6.8.0-51-generic-x86_64-with-glibc2.39,c++ (Ubuntu 15.2.0-16ubuntu1) 15.2.0,Python 3.14.4; pandas 2.3.3; psutil 7.2.2,1,2026-08-19T05:45:04.426114+07:00,CaDiCaL,0,Xa(cache),3600,True,x,True,False,fixed
GEOM100.col,100,547,65,31010,179897,OPTIMAL,50,0.050417,0.772339,0.822756,99.21875,0,1,3,509f41020245d12b4e03b0c6681826c72245d1f3,False,91be09009a797c20a68cfb43f78cb01019c2cfdb8915d86e640e95938c315b19,bc9dd2f34387090f83611022ed1b92c2e8cc6181b37baadbb75314f73aa6341c,/home/homulily/code/bcp-cpp/bcp /home/homulily/code/bcp-cpp/dataset/GEOM100.col 'Xa(cache)' -t 3600 -i -v x --use-symmetry-breaking --width fixed,DESKTOP-RJQ30EQ,Linux-6.8.0-51-generic-x86_64-with-glibc2.39,c++ (Ubuntu 15.2.0-16ubuntu1) 15.2.0,Python 3.14.4; pandas 2.3.3; psutil 7.2.2,1,2026-08-19T05:45:05.357452+07:00,CaDiCaL,0,Xa(cache),3600,True,x,True,False,fixed
GEOM100a.col,100,992,92,48747,372575,OPTIMAL,66,0.109652,103.768,103.878,147.87109,0,1,3,509f41020245d12b4e03b0c6681826c72245d1f3,False,630c8dde843161518427f8d7ef92d9d1373781a7e028e2918c0070a86261b0f7,bc9dd2f34387090f83611022ed1b92c2e8cc6181b37baadbb75314f73aa6341c,/home/homulily/code/bcp-cpp/bcp /home/homulily/code/bcp-cpp/dataset/GEOM100a.col 'Xa(cache)' -t 3600 -i -v x --use-symmetry-breaking --width fixed,DESKTOP-RJQ30EQ,Linux-6.8.0-51-generic-x86_64-with-glibc2.39,c++ (Ubuntu 15.2.0-16ubuntu1) 15.2.0,Python 3.14.4; pandas 2.3.3; psutil 7.2.2,1,2026-08-19T05:46:49.335223+07:00,CaDiCaL,0,Xa(cache),3600,True,x,True,False,fixed
GEOM100b.col,100,1050,122,65297,515686,OPTIMAL,71,0.153604,180.095,180.249,161.99219,0,1,3,509f41020245d12b4e03b0c6681826c72245d1f3,False,14092a37b220ef17894222b959c735f68203286fc653930904fe5f13c3741ce5,bc9dd2f34387090f83611022ed1b92c2e8cc6181b37baadbb75314f73aa6341c,/home/homulily/code/bcp-cpp/bcp /home/homulily/code/bcp-cpp/dataset/GEOM100b.col 'Xa(cache)' -t 3600 -i -v x --use-symmetry-breaking --width fixed,DESKTOP-RJQ30EQ,Linux-6.8.0-51-generic-x86_64-with-glibc2.39,c++ (Ubuntu 15.2.0-16ubuntu1) 15.2.0,Python 3.14.4; pandas 2.3.3; psutil 7.2.2,1,2026-08-19T05:49:49.696079+07:00,CaDiCaL,0,Xa(cache),3600,True,x,True,False,fixed
GEOM110.col,110,638,65,34607,205043,OPTIMAL,50,0.0589969,0.982907,1.0419,107.78125,0,1,3,509f41020245d12b4e03b0c6681826c72245d1f3,False,2c127a146238aee20765edfcc35a16dc2fd856e5577bfe6afdc859b7dcaddb49,bc9dd2f34387090f83611022ed1b92c2e8cc6181b37baadbb75314f73aa6341c,/home/homulily/code/bcp-cpp/bcp /home/homulily/code/bcp-cpp/dataset/GEOM110.col 'Xa(cache)' -t 3600 -i -v x --use-symmetry-breaking --width fixed,DESKTOP-RJQ30EQ,Linux-6.8.0-51-generic-x86_64-with-glibc2.39,c++ (Ubuntu 15.2.0-16ubuntu1) 15.2.0,Python 3.14.4; pandas 2.3.3; psutil 7.2.2,1,2026-08-19T05:49:50.857111+07:00,CaDiCaL,0,Xa(cache),3600,True,x,True,False,fixed
GEOM110a.col,110,1207,110,64951,527155,OPTIMAL,69,0.152184,137.822,137.974,170.55078,0,1,3,509f41020245d12b4e03b0c6681826c72245d1f3,False,9c37e408d641c20a1fc834cdfa27c50a49e532300506da93442ee8f07c8f7d3c,bc9dd2f34387090f83611022ed1b92c2e8cc6181b37baadbb75314f73aa6341c,/home/homulily/code/bcp-cpp/bcp /home/homulily/code/bcp-cpp/dataset/GEOM110a.col 'Xa(cache)' -t 3600 -i -v x --use-symmetry-breaking --width fixed,DESKTOP-RJQ30EQ,Linux-6.8.0-51-generic-x86_64-with-glibc2.39,c++ (Ubuntu 15.2.0-16ubuntu1) 15.2.0,Python 3.14.4; pandas 2.3.3; psutil 7.2.2,1,2026-08-19T05:52:08.924104+07:00,CaDiCaL,0,Xa(cache),3600,True,x,True,False,fixed
GEOM110b.col,110,1256,122,72691,597975,OPTIMAL,77,0.178039,949.212,949.39,198.48438,0,1,3,509f41020245d12b4e03b0c6681826c72245d1f3,False,aea172a16bc42de0504b35909d35fce000ded1613c496d28ea719a2d44ba7c51,bc9dd2f34387090f83611022ed1b92c2e8cc6181b37baadbb75314f73aa6341c,/home/homulily/code/bcp-cpp/bcp /home/homulily/code/bcp-cpp/dataset/GEOM110b.col 'Xa(cache)' -t 3600 -i -v x --use-symmetry-breaking --width fixed,DESKTOP-RJQ30EQ,Linux-6.8.0-51-generic-x86_64-with-glibc2.39,c++ (Ubuntu 15.2.0-16ubuntu1) 15.2.0,Python 3.14.4; pandas 2.3.3; psutil 7.2.2,1,2026-08-19T06:07:58.396919+07:00,CaDiCaL,0,Xa(cache),3600,True,x,True,False,fixed
GEOM120.col,120,773,74,44240,273174,OPTIMAL,59,0.0802128,2.86816,2.94837,118.73828,0,1,3,509f41020245d12b4e03b0c6681826c72245d1f3,False,26357a9d4e2d8b08cdf055e2a882589f86c22c313fd9674a7f44b405c2aade4a,bc9dd2f34387090f83611022ed1b92c2e8cc6181b37baadbb75314f73aa6341c,/home/homulily/code/bcp-cpp/bcp /home/homulily/code/bcp-cpp/dataset/GEOM120.col 'Xa(cache)' -t 3600 -i -v x --use-symmetry-breaking --width fixed,DESKTOP-RJQ30EQ,Linux-6.8.0-51-generic-x86_64-with-glibc2.39,c++ (Ubuntu 15.2.0-16ubuntu1) 15.2.0,Python 3.14.4; pandas 2.3.3; psutil 7.2.2,1,2026-08-19T06:08:01.390358+07:00,CaDiCaL,0,Xa(cache),3600,True,x,True,False,fixed
GEOM120a.col,120,1434,110,71731,608368,OPTIMAL,82,0.18467,212.23,212.415,226.01172,0,1,3,509f41020245d12b4e03b0c6681826c72245d1f3,False,a920a2c75d8d4fde3a531cb30857d83f245364a0b88d5a18f86336b96bf07ab6,bc9dd2f34387090f83611022ed1b92c2e8cc6181b37baadbb75314f73aa6341c,/home/homulily/code/bcp-cpp/bcp /home/homulily/code/bcp-cpp/dataset/GEOM120a.col 'Xa(cache)' -t 3600 -i -v x --use-symmetry-breaking --width fixed,DESKTOP-RJQ30EQ,Linux-6.8.0-51-generic-x86_64-with-glibc2.39,c++ (Ubuntu 15.2.0-16ubuntu1) 15.2.0,Python 3.14.4; pandas 2.3.3; psutil 7.2.2,1,2026-08-19T06:11:33.901126+07:00,CaDiCaL,0,Xa(cache),3600,True,x,True,False,fixed
GEOM120b.col,120,1491,124,81346,701964,OPTIMAL,83,0.214938,1585.71,1585.92,272.78125,0,1,3,509f41020245d12b4e03b0c6681826c72245d1f3,False,745355ab3817a87504580de4d77629dce60b8f48ea8fb2c5da33224e8ef92e29,bc9dd2f34387090f83611022ed1b92c2e8cc6181b37baadbb75314f73aa6341c,/home/homulily/code/bcp-cpp/bcp /home/homulily/code/bcp-cpp/dataset/GEOM120b.col 'Xa(cache)' -t 3600 -i -v x --use-symmetry-breaking --width fixed,DESKTOP-RJQ30EQ,Linux-6.8.0-51-generic-x86_64-with-glibc2.39,c++ (Ubuntu 15.2.0-16ubuntu1) 15.2.0,Python 3.14.4; pandas 2.3.3; psutil 7.2.2,1,2026-08-19T06:37:59.903172+07:00,CaDiCaL,0,Xa(cache),3600,True,x,True,False,fixed
GEOM20.col,20,20,25,1405,4787,OPTIMAL,21,0.00125103,0.00173306,0.0029841,50.50391,0,1,3,509f41020245d12b4e03b0c6681826c72245d1f3,False,08ed5ea76ef3bcb2228f4669162b3aa8c234de6a4dd75c3155a603919bc0167a,bc9dd2f34387090f83611022ed1b92c2e8cc6181b37baadbb75314f73aa6341c,/home/homulily/code/bcp-cpp/bcp /home/homulily/code/bcp-cpp/dataset/GEOM20.col 'Xa(cache)' -t 3600 -i -v x --use-symmetry-breaking --width fixed,DESKTOP-RJQ30EQ,Linux-6.8.0-51-generic-x86_64-with-glibc2.39,c++ (Ubuntu 15.2.0-16ubuntu1) 15.2.0,Python 3.14.4; pandas 2.3.3; psutil 7.2.2,1,2026-08-19T06:37:59.935058+07:00,CaDiCaL,0,Xa(cache),3600,True,x,True,False,fixed
GEOM20a.col,20,37,25,1676,6673,OPTIMAL,20,0.00168373,0.00247942,0.00416315,51.45312,0,1,3,509f41020245d12b4e03b0c6681826c72245d1f3,False,5fe086947cbc99c9630087a727d0c9fe00065a9c4f6d6ebea7115ab4a8c161fb,bc9dd2f34387090f83611022ed1b92c2e8cc6181b37baadbb75314f73aa6341c,/home/homulily/code/bcp-cpp/bcp /home/homulily/code/bcp-cpp/dataset/GEOM20a.col 'Xa(cache)' -t 3600 -i -v x --use-symmetry-breaking --width fixed,DESKTOP-RJQ30EQ,Linux-6.8.0-51-generic-x86_64-with-glibc2.39,c++ (Ubuntu 15.2.0-16ubuntu1) 15.2.0,Python 3.14.4; pandas 2.3.3; psutil 7.2.2,1,2026-08-19T06:38:00.039748+07:00,CaDiCaL,0,Xa(cache),3600,True,x,True,False,fixed
GEOM20b.col,20,32,17,1093,4066,OPTIMAL,13,0.00113458,0.00180028,0.00293486,50.87891,0,1,3,509f41020245d12b4e03b0c6681826c72245d1f3,False,6be144806384554ada26f70be526ed0d42afb61a447cd96f826be5dbcf60288a,bc9dd2f34387090f83611022ed1b92c2e8cc6181b37baadbb75314f73aa6341c,/home/homulily/code/bcp-cpp/bcp /home/homulily/code/bcp-cpp/dataset/GEOM20b.col 'Xa(cache)' -t 3600 -i -v x --use-symmetry-breaking --width fixed,DESKTOP-RJQ30EQ,Linux-6.8.0-51-generic-x86_64-with-glibc2.39,c++ (Ubuntu 15.2.0-16ubuntu1) 15.2.0,Python 3.14.4; pandas 2.3.3; psutil 7.2.2,1,2026-08-19T06:38:00.146336+07:00,CaDiCaL,0,Xa(cache),3600,True,x,True,False,fixed
GEOM30.col,30,50,34,3344,13373,OPTIMAL,28,0.00386042,0.00629483,0.0101553,50.94141,0,1,3,509f41020245d12b4e03b0c6681826c72245d1f3,False,489bd893683e4c3672aba625abb2643d68f9c2a6d3776c9b26400831c548bd51,bc9dd2f34387090f83611022ed1b92c2e8cc6181b37baadbb75314f73aa6341c,/home/homulily/code/bcp-cpp/bcp /home/homulily/code/bcp-cpp/dataset/GEOM30.col 'Xa(cache)' -t 3600 -i -v x --use-symmetry-breaking --width fixed,DESKTOP-RJQ30EQ,Linux-6.8.0-51-generic-x86_64-with-glibc2.39,c++ (Ubuntu 15.2.0-16ubuntu1) 15.2.0,Python 3.14.4; pandas 2.3.3; psutil 7.2.2,1,2026-08-19T06:38:00.262355+07:00,CaDiCaL,0,Xa(cache),3600,True,x,True,False,fixed
GEOM30a.col,30,81,33,3696,16823,OPTIMAL,27,0.00416265,0.00540083,0.00956348,50.94141,0,1,3,509f41020245d12b4e03b0c6681826c72245d1f3,False,10bfa32a02f1c8633027611fc7eb773d3d5088d3bc49d1419471fc4ca266eca9,bc9dd2f34387090f83611022ed1b92c2e8cc6181b37baadbb75314f73aa6341c,/home/homulily/code/bcp-cpp/bcp /home/homulily/code/bcp-cpp/dataset/GEOM30a.col 'Xa(cache)' -t 3600 -i -v x --use-symmetry-breaking --width fixed,DESKTOP-RJQ30EQ,Linux-6.8.0-51-generic-x86_64-with-glibc2.39,c++ (Ubuntu 15.2.0-16ubuntu1) 15.2.0,Python 3.14.4; pandas 2.3.3; psutil 7.2.2,1,2026-08-19T06:38:00.367496+07:00,CaDiCaL,0,Xa(cache),3600,True,x,True,False,fixed
GEOM30b.col,30,81,28,3366,14396,OPTIMAL,26,0.00394632,0.00230685,0.00625317,50.94141,0,1,3,509f41020245d12b4e03b0c6681826c72245d1f3,False,41e7babfc1e85334f1653ee7e88e11a11b0065ce2d50a72a801b4b00cfe2330a,bc9dd2f34387090f83611022ed1b92c2e8cc6181b37baadbb75314f73aa6341c,/home/homulily/code/bcp-cpp/bcp /home/homulily/code/bcp-cpp/dataset/GEOM30b.col 'Xa(cache)' -t 3600 -i -v x --use-symmetry-breaking --width fixed,DESKTOP-RJQ30EQ,Linux-6.8.0-51-generic-x86_64-with-glibc2.39,c++ (Ubuntu 15.2.0-16ubuntu1) 15.2.0,Python 3.14.4; pandas 2.3.3; psutil 7.2.2,1,2026-08-19T06:38:00.470017+07:00,CaDiCaL,0,Xa(cache),3600,True,x,True,False,fixed
GEOM40.col,40,78,34,4772,19685,OPTIMAL,28,0.00541731,0.00702092,0.0124382,51.12891,0,1,3,509f41020245d12b4e03b0c6681826c72245d1f3,False,4968db2efd363df2b56fdfbab3c914f8100884884a68f0b07cbbc4e20aa1f192,bc9dd2f34387090f83611022ed1b92c2e8cc6181b37baadbb75314f73aa6341c,/home/homulily/code/bcp-cpp/bcp /home/homulily/code/bcp-cpp/dataset/GEOM40.col 'Xa(cache)' -t 3600 -i -v x --use-symmetry-breaking --width fixed,DESKTOP-RJQ30EQ,Linux-6.8.0-51-generic-x86_64-with-glibc2.39,c++ (Ubuntu 15.2.0-16ubuntu1) 15.2.0,Python 3.14.4; pandas 2.3.3; psutil 7.2.2,1,2026-08-19T06:38:00.584470+07:00,CaDiCaL,0,Xa(cache),3600,True,x,True,False,fixed
GEOM40a.col,40,146,51,8383,42997,OPTIMAL,37,0.0120657,0.0346505,0.0467162,51.12891,0,1,3,509f41020245d12b4e03b0c6681826c72245d1f3,False,0bd50dc07b7e234154a3f92e5d2cf1ac6ad83c47badf984a837587fe7c35ca6b,bc9dd2f34387090f83611022ed1b92c2e8cc6181b37baadbb75314f73aa6341c,/home/homulily/code/bcp-cpp/bcp /home/homulily/code/bcp-cpp/dataset/GEOM40a.col 'Xa(cache)' -t 3600 -i -v x --use-symmetry-breaking --width fixed,DESKTOP-RJQ30EQ,Linux-6.8.0-51-generic-x86_64-with-glibc2.39,c++ (Ubuntu 15.2.0-16ubuntu1) 15.2.0,Python 3.14.4; pandas 2.3.3; psutil 7.2.2,1,2026-08-19T06:38:00.722962+07:00,CaDiCaL,0,Xa(cache),3600,True,x,True,False,fixed
GEOM40b.col,40,157,41,6944,35132,OPTIMAL,33,0.00949739,0.0231315,0.0326289,51.12891,0,1,3,509f41020245d12b4e03b0c6681826c72245d1f3,False,1ccb98f8f5e910eb9d4064ba5b23dff42c9067ecd2d40d0879250dbd16181ddf,bc9dd2f34387090f83611022ed1b92c2e8cc6181b37baadbb75314f73aa6341c,/home/homulily/code/bcp-cpp/bcp /home/homulily/code/bcp-cpp/dataset/GEOM40b.col 'Xa(cache)' -t 3600 -i -v x --use-symmetry-breaking --width fixed,DESKTOP-RJQ30EQ,Linux-6.8.0-51-generic-x86_64-with-glibc2.39,c++ (Ubuntu 15.2.0-16ubuntu1) 15.2.0,Python 3.14.4; pandas 2.3.3; psutil 7.2.2,1,2026-08-19T06:38:00.812830+07:00,CaDiCaL,0,Xa(cache),3600,True,x,True,False,fixed
GEOM50.col,50,127,37,7173,31566,OPTIMAL,28,0.00821822,0.010534,0.0187522,51.12891,0,1,3,509f41020245d12b4e03b0c6681826c72245d1f3,False,c584455fa3b51a54152148534733fdf90022ccefd515c1770417925f43ef5434,bc9dd2f34387090f83611022ed1b92c2e8cc6181b37baadbb75314f73aa6341c,/home/homulily/code/bcp-cpp/bcp /home/homulily/code/bcp-cpp/dataset/GEOM50.col 'Xa(cache)' -t 3600 -i -v x --use-symmetry-breaking --width fixed,DESKTOP-RJQ30EQ,Linux-6.8.0-51-generic-x86_64-with-glibc2.39,c++ (Ubuntu 15.2.0-16ubuntu1) 15.2.0,Python 3.14.4; pandas 2.3.3; psutil 7.2.2,1,2026-08-19T06:38:00.905350+07:00,CaDiCaL,0,Xa(cache),3600,True,x,True,False,fixed
GEOM50a.col,50,238,62,13913,78115,OPTIMAL,50,0.0209184,0.491024,0.511943,76.43359,0,1,3,509f41020245d12b4e03b0c6681826c72245d1f3,False,09a35a2b65ed3e0dcd221ac73c5adb47901d19e134e9d9ce99d087c064f5b13b,bc9dd2f34387090f83611022ed1b92c2e8cc6181b37baadbb75314f73aa6341c,/home/homulily/code/bcp-cpp/bcp /home/homulily/code/bcp-cpp/dataset/GEOM50a.col 'Xa(cache)' -t 3600 -i -v x --use-symmetry-breaking --width fixed,DESKTOP-RJQ30EQ,Linux-6.8.0-51-generic-x86_64-with-glibc2.39,c++ (Ubuntu 15.2.0-16ubuntu1) 15.2.0,Python 3.14.4; pandas 2.3.3; psutil 7.2.2,1,2026-08-19T06:38:01.505756+07:00,CaDiCaL,0,Xa(cache),3600,True,x,True,False,fixed
GEOM50b.col,50,249,55,12810,70389,OPTIMAL,35,0.0189931,0.161078,0.180071,72.76953,0,1,3,509f41020245d12b4e03b0c6681826c72245d1f3,False,7b21131c086e1fd406658aed26e1d79b31aa8f81bf25493c8658813e81076dca,bc9dd2f34387090f83611022ed1b92c2e8cc6181b37baadbb75314f73aa6341c,/home/homulily/code/bcp-cpp/bcp /home/homulily/code/bcp-cpp/dataset/GEOM50b.col 'Xa(cache)' -t 3600 -i -v x --use-symmetry-breaking --width fixed,DESKTOP-RJQ30EQ,Linux-6.8.0-51-generic-x86_64-with-glibc2.39,c++ (Ubuntu 15.2.0-16ubuntu1) 15.2.0,Python 3.14.4; pandas 2.3.3; psutil 7.2.2,1,2026-08-19T06:38:01.784632+07:00,CaDiCaL,0,Xa(cache),3600,True,x,True,False,fixed
GEOM60.col,60,185,37,9156,42255,OPTIMAL,33,0.0114227,0.0113263,0.022749,50.81641,0,1,3,509f41020245d12b4e03b0c6681826c72245d1f3,False,9575aa95916bb0ddb24ac95ceb686ad79834715a8c3c97743905c76227ffa048,bc9dd2f34387090f83611022ed1b92c2e8cc6181b37baadbb75314f73aa6341c,/home/homulily/code/bcp-cpp/bcp /home/homulily/code/bcp-cpp/dataset/GEOM60.col 'Xa(cache)' -t 3600 -i -v x --use-symmetry-breaking --width fixed,DESKTOP-RJQ30EQ,Linux-6.8.0-51-generic-x86_64-with-glibc2.39,c++ (Ubuntu 15.2.0-16ubuntu1) 15.2.0,Python 3.14.4; pandas 2.3.3; psutil 7.2.2,1,2026-08-19T06:38:01.828213+07:00,CaDiCaL,0,Xa(cache),3600,True,x,True,False,fixed
GEOM60a.col,60,339,62,17180,102710,OPTIMAL,50,0.0283807,0.636372,0.664752,81.875,0,1,3,509f41020245d12b4e03b0c6681826c72245d1f3,False,c6266e394b59107ef80c14a3ed0d8dd4ae62c646238c8358f8080547a85fd68c,bc9dd2f34387090f83611022ed1b92c2e8cc6181b37baadbb75314f73aa6341c,/home/homulily/code/bcp-cpp/bcp /home/homulily/code/bcp-cpp/dataset/GEOM60a.col 'Xa(cache)' -t 3600 -i -v x --use-symmetry-breaking --width fixed,DESKTOP-RJQ30EQ,Linux-6.8.0-51-generic-x86_64-with-glibc2.39,c++ (Ubuntu 15.2.0-16ubuntu1) 15.2.0,Python 3.14.4; pandas 2.3.3; psutil 7.2.2,1,2026-08-19T06:38:02.579423+07:00,CaDiCaL,0,Xa(cache),3600,True,x,True,False,fixed
GEOM60b.col,60,366,64,18664,111832,OPTIMAL,41,0.0302648,0.78886,0.819124,81.71484,0,1,3,509f41020245d12b4e03b0c6681826c72245d1f3,False,8305498f1acbb0e13fc3e5b6756eebb72600bd69b237f5d836248a8d8e040f76,bc9dd2f34387090f83611022ed1b92c2e8cc6181b37baadbb75314f73aa6341c,/home/homulily/code/bcp-cpp/bcp /home/homulily/code/bcp-cpp/dataset/GEOM60b.col 'Xa(cache)' -t 3600 -i -v x --use-symmetry-breaking --width fixed,DESKTOP-RJQ30EQ,Linux-6.8.0-51-generic-x86_64-with-glibc2.39,c++ (Ubuntu 15.2.0-16ubuntu1) 15.2.0,Python 3.14.4; pandas 2.3.3; psutil 7.2.2,1,2026-08-19T06:38:03.443708+07:00,CaDiCaL,0,Xa(cache),3600,True,x,True,False,fixed
GEOM70.col,70,267,45,13847,69210,OPTIMAL,38,0.0188169,0.0493376,0.0681545,51.00391,0,1,3,509f41020245d12b4e03b0c6681826c72245d1f3,False,6709158dd6a0c24605665511d543798f2cda198fb9b943c841d842af483b8b5f,bc9dd2f34387090f83611022ed1b92c2e8cc6181b37baadbb75314f73aa6341c,/home/homulily/code/bcp-cpp/bcp /home/homulily/code/bcp-cpp/dataset/GEOM70.col 'Xa(cache)' -t 3600 -i -v x --use-symmetry-breaking --width fixed,DESKTOP-RJQ30EQ,Linux-6.8.0-51-generic-x86_64-with-glibc2.39,c++ (Ubuntu 15.2.0-16ubuntu1) 15.2.0,Python 3.14.4; pandas 2.3.3; psutil 7.2.2,1,2026-08-19T06:38:03.603666+07:00,CaDiCaL,0,Xa(cache),3600,True,x,True,False,fixed
GEOM70a.col,70,459,73,24711,156406,OPTIMAL,61,0.0441346,2.64866,2.6928,95.01562,0,1,3,509f41020245d12b4e03b0c6681826c72245d1f3,False,e256a1a0b8f2637a931d35ffacdb28b715bcafa769a4bbedc21eb991683d0a40,bc9dd2f34387090f83611022ed1b92c2e8cc6181b37baadbb75314f73aa6341c,/home/homulily/code/bcp-cpp/bcp /home/homulily/code/bcp-cpp/dataset/GEOM70a.col 'Xa(cache)' -t 3600 -i -v x --use-symmetry-breaking --width fixed,DESKTOP-RJQ30EQ,Linux-6.8.0-51-generic-x86_64-with-glibc2.39,c++ (Ubuntu 15.2.0-16ubuntu1) 15.2.0,Python 3.14.4; pandas 2.3.3; psutil 7.2.2,1,2026-08-19T06:38:06.335054+07:00,CaDiCaL,0,Xa(cache),3600,True,x,True,False,fixed
GEOM70b.col,70,488,77,26374,170873,OPTIMAL,47,0.048603,3.0998,3.1484,92.61719,0,1,3,509f41020245d12b4e03b0c6681826c72245d1f3,False,50b43cacfa298b2c9f4c05ca437a5559b357c8348aa59226bf3c2fd9b98b03b8,bc9dd2f34387090f83611022ed1b92c2e8cc6181b37baadbb75314f73aa6341c,/home/homulily/code/bcp-cpp/bcp /home/homulily/code/bcp-cpp/dataset/GEOM70b.col 'Xa(cache)' -t 3600 -i -v x --use-symmetry-breaking --width fixed,DESKTOP-RJQ30EQ,Linux-6.8.0-51-generic-x86_64-with-glibc2.39,c++ (Ubuntu 15.2.0-16ubuntu1) 15.2.0,Python 3.14.4; pandas 2.3.3; psutil 7.2.2,1,2026-08-19T06:38:09.518691+07:00,CaDiCaL,0,Xa(cache),3600,True,x,True,False,fixed
GEOM80.col,80,349,55,19999,106011,OPTIMAL,41,0.0287576,0.0729301,0.101688,78.23047,0,1,3,509f41020245d12b4e03b0c6681826c72245d1f3,False,46454b38ff8d83fe0020c6f3e5408c0ca37e868bc79f74749c4a8e555730df9c,bc9dd2f34387090f83611022ed1b92c2e8cc6181b37baadbb75314f73aa6341c,/home/homulily/code/bcp-cpp/bcp /home/homulily/code/bcp-cpp/dataset/GEOM80.col 'Xa(cache)' -t 3600 -i -v x --use-symmetry-breaking --width fixed,DESKTOP-RJQ30EQ,Linux-6.8.0-51-generic-x86_64-with-glibc2.39,c++ (Ubuntu 15.2.0-16ubuntu1) 15.2.0,Python 3.14.4; pandas 2.3.3; psutil 7.2.2,1,2026-08-19T06:38:09.700004+07:00,CaDiCaL,0,Xa(cache),3600,True,x,True,False,fixed
GEOM80a.col,80,612,80,32179,218149,OPTIMAL,63,0.0602915,6.0792,6.1395,108.88672,0,1,3,509f41020245d12b4e03b0c6681826c72245d1f3,False,f8cd1c510008df8e302411facc59a809be027620b27f632f811c1c94c76d78c9,bc9dd2f34387090f83611022ed1b92c2e8cc6181b37baadbb75314f73aa6341c,/home/homulily/code/bcp-cpp/bcp /home/homulily/code/bcp-cpp/dataset/GEOM80a.col 'Xa(cache)' -t 3600 -i -v x --use-symmetry-breaking --width fixed,DESKTOP-RJQ30EQ,Linux-6.8.0-51-generic-x86_64-with-glibc2.39,c++ (Ubuntu 15.2.0-16ubuntu1) 15.2.0,Python 3.14.4; pandas 2.3.3; psutil 7.2.2,1,2026-08-19T06:38:15.948617+07:00,CaDiCaL,0,Xa(cache),3600,True,x,True,False,fixed
GEOM80b.col,80,663,99,41331,285058,OPTIMAL,60,0.0901162,6.49147,6.58159,116.57422,0,1,3,509f41020245d12b4e03b0c6681826c72245d1f3,False,a8dcc40cfc8d87903196406f815c4d512a7c68e3e966538768a0601bfac7d301,bc9dd2f34387090f83611022ed1b92c2e8cc6181b37baadbb75314f73aa6341c,/home/homulily/code/bcp-cpp/bcp /home/homulily/code/bcp-cpp/dataset/GEOM80b.col 'Xa(cache)' -t 3600 -i -v x --use-symmetry-breaking --width fixed,DESKTOP-RJQ30EQ,Linux-6.8.0-51-generic-x86_64-with-glibc2.39,c++ (Ubuntu 15.2.0-16ubuntu1) 15.2.0,Python 3.14.4; pandas 2.3.3; psutil 7.2.2,1,2026-08-19T06:38:22.660784+07:00,CaDiCaL,0,Xa(cache),3600,True,x,True,False,fixed
GEOM90.col,90,441,55,23065,126119,OPTIMAL,46,0.0366579,0.140512,0.177169,80.39062,0,1,3,509f41020245d12b4e03b0c6681826c72245d1f3,False,8b99774b70737296ed7b4c8a3ad9ec1827182467166c5e7c93a1c2117473f7cf,bc9dd2f34387090f83611022ed1b92c2e8cc6181b37baadbb75314f73aa6341c,/home/homulily/code/bcp-cpp/bcp /home/homulily/code/bcp-cpp/dataset/GEOM90.col 'Xa(cache)' -t 3600 -i -v x --use-symmetry-breaking --width fixed,DESKTOP-RJQ30EQ,Linux-6.8.0-51-generic-x86_64-with-glibc2.39,c++ (Ubuntu 15.2.0-16ubuntu1) 15.2.0,Python 3.14.4; pandas 2.3.3; psutil 7.2.2,1,2026-08-19T06:38:22.904398+07:00,CaDiCaL,0,Xa(cache),3600,True,x,True,False,fixed
GEOM90a.col,90,789,81,37907,269491,OPTIMAL,63,0.0773369,9.1582,9.23554,117.89453,0,1,3,509f41020245d12b4e03b0c6681826c72245d1f3,False,254a4ba130fad8005c03d2288438d16ff5c3768cb05ebe3b37929f9f3247a1df,bc9dd2f34387090f83611022ed1b92c2e8cc6181b37baadbb75314f73aa6341c,/home/homulily/code/bcp-cpp/bcp /home/homulily/code/bcp-cpp/dataset/GEOM90a.col 'Xa(cache)' -t 3600 -i -v x --use-symmetry-breaking --width fixed,DESKTOP-RJQ30EQ,Linux-6.8.0-51-generic-x86_64-with-glibc2.39,c++ (Ubuntu 15.2.0-16ubuntu1) 15.2.0,Python 3.14.4; pandas 2.3.3; psutil 7.2.2,1,2026-08-19T06:38:32.171731+07:00,CaDiCaL,0,Xa(cache),3600,True,x,True,False,fixed
GEOM90b.col,90,860,110,52411,391976,OPTIMAL,69,0.115931,45.393,45.509,139.62891,0,1,3,509f41020245d12b4e03b0c6681826c72245d1f3,False,e293687b9c36702121066f37ac02cf4e8901dbaa3fd5ba7e864b0e00ba74fac3,bc9dd2f34387090f83611022ed1b92c2e8cc6181b37baadbb75314f73aa6341c,/home/homulily/code/bcp-cpp/bcp /home/homulily/code/bcp-cpp/dataset/GEOM90b.col 'Xa(cache)' -t 3600 -i -v x --use-symmetry-breaking --width fixed,DESKTOP-RJQ30EQ,Linux-6.8.0-51-generic-x86_64-with-glibc2.39,c++ (Ubuntu 15.2.0-16ubuntu1) 15.2.0,Python 3.14.4; pandas 2.3.3; psutil 7.2.2,1,2026-08-19T06:39:17.737692+07:00,CaDiCaL,0,Xa(cache),3600,True,x,True,False,fixed
c21_1_d1.col,21,102,8,315,1303,OPTIMAL,7,0.000376325,0.0026565,0.00303282,50.94141,0,1,3,509f41020245d12b4e03b0c6681826c72245d1f3,False,f838258c4c693e09ad2cc97943c674fc5b2ee14e0f97961fdfdeb239b8436773,bc9dd2f34387090f83611022ed1b92c2e8cc6181b37baadbb75314f73aa6341c,/home/homulily/code/bcp-cpp/bcp /home/homulily/code/bcp-cpp/dataset/c21_1_d1.col 'Xa(cache)' -t 3600 -i -v x --use-symmetry-breaking --width fixed,DESKTOP-RJQ30EQ,Linux-6.8.0-51-generic-x86_64-with-glibc2.39,c++ (Ubuntu 15.2.0-16ubuntu1) 15.2.0,Python 3.14.4; pandas 2.3.3; psutil 7.2.2,1,2026-08-19T06:39:17.792826+07:00,CaDiCaL,0,Xa(cache),3600,True,x,True,False,fixed
c21_1_d2.col,21,102,8,315,1303,OPTIMAL,7,0.000396398,0.00264744,0.00304383,51.12891,0,1,3,509f41020245d12b4e03b0c6681826c72245d1f3,False,17ff4bba73f02ee89dd3d91ccbca1a01ac0062c8872237c8916bc44590d256d5,bc9dd2f34387090f83611022ed1b92c2e8cc6181b37baadbb75314f73aa6341c,/home/homulily/code/bcp-cpp/bcp /home/homulily/code/bcp-cpp/dataset/c21_1_d2.col 'Xa(cache)' -t 3600 -i -v x --use-symmetry-breaking --width fixed,DESKTOP-RJQ30EQ,Linux-6.8.0-51-generic-x86_64-with-glibc2.39,c++ (Ubuntu 15.2.0-16ubuntu1) 15.2.0,Python 3.14.4; pandas 2.3.3; psutil 7.2.2,1,2026-08-19T06:39:17.900659+07:00,CaDiCaL,0,Xa(cache),3600,True,x,True,False,fixed
c21_2_d1.col,21,102,12,525,3274,OPTIMAL,9,0.000835935,0.00229342,0.00312935,51.12891,0,1,3,509f41020245d12b4e03b0c6681826c72245d1f3,False,bc5ff196032b38d098ccbb833a33557f397c0d16b5f8a281ddda8141f182fab6,bc9dd2f34387090f83611022ed1b92c2e8cc6181b37baadbb75314f73aa6341c,/home/homulily/code/bcp-cpp/bcp /home/homulily/code/bcp-cpp/dataset/c21_2_d1.col 'Xa(cache)' -t 3600 -i -v x --use-symmetry-breaking --width fixed,DESKTOP-RJQ30EQ,Linux-6.8.0-51-generic-x86_64-with-glibc2.39,c++ (Ubuntu 15.2.0-16ubuntu1) 15.2.0,Python 3.14.4; pandas 2.3.3; psutil 7.2.2,1,2026-08-19T06:39:18.008123+07:00,CaDiCaL,0,Xa(cache),3600,True,x,True,False,fixed
c21_2_d2.col,21,102,12,525,3274,OPTIMAL,9,0.000887911,0.00252113,0.00340905,50.87891,0,1,3,509f41020245d12b4e03b0c6681826c72245d1f3,False,357f7cf6535a13a2109dbf9d363efff9cc6e0038fccf653c1dafc7e92e00fe01,bc9dd2f34387090f83611022ed1b92c2e8cc6181b37baadbb75314f73aa6341c,/home/homulily/code/bcp-cpp/bcp /home/homulily/code/bcp-cpp/dataset/c21_2_d2.col 'Xa(cache)' -t 3600 -i -v x --use-symmetry-breaking --width fixed,DESKTOP-RJQ30EQ,Linux-6.8.0-51-generic-x86_64-with-glibc2.39,c++ (Ubuntu 15.2.0-16ubuntu1) 15.2.0,Python 3.14.4; pandas 2.3.3; psutil 7.2.2,1,2026-08-19T06:39:18.115699+07:00,CaDiCaL,0,Xa(cache),3600,True,x,True,False,fixed
c21_3_d1.col,21,102,8,315,1303,OPTIMAL,7,0.000383335,0.00264269,0.00302602,51.12891,0,1,3,509f41020245d12b4e03b0c6681826c72245d1f3,False,2765b742e9eb99580ca620c1af200f5de170405ca0f8ef34101dec9696c2f9ee,bc9dd2f34387090f83611022ed1b92c2e8cc6181b37baadbb75314f73aa6341c,/home/homulily/code/bcp-cpp/bcp /home/homulily/code/bcp-cpp/dataset/c21_3_d1.col 'Xa(cache)' -t 3600 -i -v x --use-symmetry-breaking --width fixed,DESKTOP-RJQ30EQ,Linux-6.8.0-51-generic-x86_64-with-glibc2.39,c++ (Ubuntu 15.2.0-16ubuntu1) 15.2.0,Python 3.14.4; pandas 2.3.3; psutil 7.2.2,1,2026-08-19T06:39:18.221057+07:00,CaDiCaL,0,Xa(cache),3600,True,x,True,False,fixed
c21_3_d2.col,21,102,8,315,1303,OPTIMAL,7,0.000380985,0.00264467,0.00302565,50.44141,0,1,3,509f41020245d12b4e03b0c6681826c72245d1f3,False,5274c4b0e9751b679b2b38ab34627c4d1eca543d53c9c4086f61ec64f8ee1c6f,bc9dd2f34387090f83611022ed1b92c2e8cc6181b37baadbb75314f73aa6341c,/home/homulily/code/bcp-cpp/bcp /home/homulily/code/bcp-cpp/dataset/c21_3_d2.col 'Xa(cache)' -t 3600 -i -v x --use-symmetry-breaking --width fixed,DESKTOP-RJQ30EQ,Linux-6.8.0-51-generic-x86_64-with-glibc2.39,c++ (Ubuntu 15.2.0-16ubuntu1) 15.2.0,Python 3.14.4; pandas 2.3.3; psutil 7.2.2,1,2026-08-19T06:39:18.327700+07:00,CaDiCaL,0,Xa(cache),3600,True,x,True,False,fixed
c21_4_d1.col,21,102,12,525,3274,OPTIMAL,9,0.000930536,0.00212155,0.00305209,51.12891,0,1,3,509f41020245d12b4e03b0c6681826c72245d1f3,False,19dd5b83496200f38741c1f02f9fc646d0eae6d2a435789be0650d1e3455d42b,bc9dd2f34387090f83611022ed1b92c2e8cc6181b37baadbb75314f73aa6341c,/home/homulily/code/bcp-cpp/bcp /home/homulily/code/bcp-cpp/dataset/c21_4_d1.col 'Xa(cache)' -t 3600 -i -v x --use-symmetry-breaking --width fixed,DESKTOP-RJQ30EQ,Linux-6.8.0-51-generic-x86_64-with-glibc2.39,c++ (Ubuntu 15.2.0-16ubuntu1) 15.2.0,Python 3.14.4; pandas 2.3.3; psutil 7.2.2,1,2026-08-19T06:39:18.434312+07:00,CaDiCaL,0,Xa(cache),3600,True,x,True,False,fixed
c21_4_d2.col,21,102,12,525,3274,OPTIMAL,9,0.000806983,0.00216634,0.00297332,50.87891,0,1,3,509f41020245d12b4e03b0c6681826c72245d1f3,False,dcae409f3fa775f5d64e2a1c13109513f71b4261ac6646fa06061715bb34c40c,bc9dd2f34387090f83611022ed1b92c2e8cc6181b37baadbb75314f73aa6341c,/home/homulily/code/bcp-cpp/bcp /home/homulily/code/bcp-cpp/dataset/c21_4_d2.col 'Xa(cache)' -t 3600 -i -v x --use-symmetry-breaking --width fixed,DESKTOP-RJQ30EQ,Linux-6.8.0-51-generic-x86_64-with-glibc2.39,c++ (Ubuntu 15.2.0-16ubuntu1) 15.2.0,Python 3.14.4; pandas 2.3.3; psutil 7.2.2,1,2026-08-19T06:39:18.541109+07:00,CaDiCaL,0,Xa(cache),3600,True,x,True,False,fixed
c21_5_d1.col,21,102,8,315,1303,OPTIMAL,7,0.000382078,0.00263784,0.00301992,51.00391,0,1,3,509f41020245d12b4e03b0c6681826c72245d1f3,False,9b48d14af7b6c13caa07b34bb084a2f18f2bbe1f27e4357c5d1d30b214e43ba0,bc9dd2f34387090f83611022ed1b92c2e8cc6181b37baadbb75314f73aa6341c,/home/homulily/code/bcp-cpp/bcp /home/homulily/code/bcp-cpp/dataset/c21_5_d1.col 'Xa(cache)' -t 3600 -i -v x --use-symmetry-breaking --width fixed,DESKTOP-RJQ30EQ,Linux-6.8.0-51-generic-x86_64-with-glibc2.39,c++ (Ubuntu 15.2.0-16ubuntu1) 15.2.0,Python 3.14.4; pandas 2.3.3; psutil 7.2.2,1,2026-08-19T06:39:18.649277+07:00,CaDiCaL,0,Xa(cache),3600,True,x,True,False,fixed
c21_5_d2.col,21,102,8,315,1303,OPTIMAL,7,0.000393781,0.00255757,0.00295135,50.44141,0,1,3,509f41020245d12b4e03b0c6681826c72245d1f3,False,bfa272eb474be3d829f6ae72dc0b350e3cc16cae91bd5b0268f9d7d42e029bdf,bc9dd2f34387090f83611022ed1b92c2e8cc6181b37baadbb75314f73aa6341c,/home/homulily/code/bcp-cpp/bcp /home/homulily/code/bcp-cpp/dataset/c21_5_d2.col 'Xa(cache)' -t 3600 -i -v x --use-symmetry-breaking --width fixed,DESKTOP-RJQ30EQ,Linux-6.8.0-51-generic-x86_64-with-glibc2.39,c++ (Ubuntu 15.2.0-16ubuntu1) 15.2.0,Python 3.14.4; pandas 2.3.3; psutil 7.2.2,1,2026-08-19T06:39:18.756492+07:00,CaDiCaL,0,Xa(cache),3600,True,x,True,False,fixed
c21_6_d1.col,21,102,12,525,3274,OPTIMAL,9,0.000839585,0.00224241,0.00308199,51.00391,0,1,3,509f41020245d12b4e03b0c6681826c72245d1f3,False,67f709a59420aa411b280438ae2a69559cb89dbc2a475e7237b5ff6beb322fc2,bc9dd2f34387090f83611022ed1b92c2e8cc6181b37baadbb75314f73aa6341c,/home/homulily/code/bcp-cpp/bcp /home/homulily/code/bcp-cpp/dataset/c21_6_d1.col 'Xa(cache)' -t 3600 -i -v x --use-symmetry-breaking --width fixed,DESKTOP-RJQ30EQ,Linux-6.8.0-51-generic-x86_64-with-glibc2.39,c++ (Ubuntu 15.2.0-16ubuntu1) 15.2.0,Python 3.14.4; pandas 2.3.3; psutil 7.2.2,1,2026-08-19T06:39:18.863928+07:00,CaDiCaL,0,Xa(cache),3600,True,x,True,False,fixed
c21_6_d2.col,21,102,12,525,3274,OPTIMAL,9,0.000847459,0.00224404,0.0030915,50.87891,0,1,3,509f41020245d12b4e03b0c6681826c72245d1f3,False,75ba8238057f4be94630617bff4cf631976862699cffdb81bcbe628b6f5af066,bc9dd2f34387090f83611022ed1b92c2e8cc6181b37baadbb75314f73aa6341c,/home/homulily/code/bcp-cpp/bcp /home/homulily/code/bcp-cpp/dataset/c21_6_d2.col 'Xa(cache)' -t 3600 -i -v x --use-symmetry-breaking --width fixed,DESKTOP-RJQ30EQ,Linux-6.8.0-51-generic-x86_64-with-glibc2.39,c++ (Ubuntu 15.2.0-16ubuntu1) 15.2.0,Python 3.14.4; pandas 2.3.3; psutil 7.2.2,1,2026-08-19T06:39:18.971818+07:00,CaDiCaL,0,Xa(cache),3600,True,x,True,False,fixed
c21_7_d1.col,21,102,8,315,1303,OPTIMAL,7,0.000463218,0.00262254,0.00308575,50.94141,0,1,3,509f41020245d12b4e03b0c6681826c72245d1f3,False,a5740086f18083fcf131d5f89bf75b7673b05dfb0366edb4c45fca95b2789986,bc9dd2f34387090f83611022ed1b92c2e8cc6181b37baadbb75314f73aa6341c,/home/homulily/code/bcp-cpp/bcp /home/homulily/code/bcp-cpp/dataset/c21_7_d1.col 'Xa(cache)' -t 3600 -i -v x --use-symmetry-breaking --width fixed,DESKTOP-RJQ30EQ,Linux-6.8.0-51-generic-x86_64-with-glibc2.39,c++ (Ubuntu 15.2.0-16ubuntu1) 15.2.0,Python 3.14.4; pandas 2.3.3; psutil 7.2.2,1,2026-08-19T06:39:19.078249+07:00,CaDiCaL,0,Xa(cache),3600,True,x,True,False,fixed
c21_7_d2.col,21,102,8,315,1303,OPTIMAL,7,0.000474416,0.00274149,0.00321591,50.69141,0,1,3,509f41020245d12b4e03b0c6681826c72245d1f3,False,ac84b1b113bb6b57a70caec3bc248b94cc90c0bb1186f65645d78821eb05adbd,bc9dd2f34387090f83611022ed1b92c2e8cc6181b37baadbb75314f73aa6341c,/home/homulily/code/bcp-cpp/bcp /home/homulily/code/bcp-cpp/dataset/c21_7_d2.col 'Xa(cache)' -t 3600 -i -v x --use-symmetry-breaking --width fixed,DESKTOP-RJQ30EQ,Linux-6.8.0-51-generic-x86_64-with-glibc2.39,c++ (Ubuntu 15.2.0-16ubuntu1) 15.2.0,Python 3.14.4; pandas 2.3.3; psutil 7.2.2,1,2026-08-19T06:39:19.185521+07:00,CaDiCaL,0,Xa(cache),3600,True,x,True,False,fixed
c21_8_d1.col,21,102,12,525,3274,OPTIMAL,9,0.000831179,0.00238165,0.00321283,50.87891,0,1,3,509f41020245d12b4e03b0c6681826c72245d1f3,False,bb8a14faad6327dbd85291090c1bdb4c5568aa8d9d5a7bd53c8654f3ab113224,bc9dd2f34387090f83611022ed1b92c2e8cc6181b37baadbb75314f73aa6341c,/home/homulily/code/bcp-cpp/bcp /home/homulily/code/bcp-cpp/dataset/c21_8_d1.col 'Xa(cache)' -t 3600 -i -v x --use-symmetry-breaking --width fixed,DESKTOP-RJQ30EQ,Linux-6.8.0-51-generic-x86_64-with-glibc2.39,c++ (Ubuntu 15.2.0-16ubuntu1) 15.2.0,Python 3.14.4; pandas 2.3.3; psutil 7.2.2,1,2026-08-19T06:39:19.293675+07:00,CaDiCaL,0,Xa(cache),3600,True,x,True,False,fixed
c21_8_d2.col,21,102,12,525,3274,OPTIMAL,9,0.000838149,0.00225051,0.00308866,51.12891,0,1,3,509f41020245d12b4e03b0c6681826c72245d1f3,False,f5ba7310979dcec808371e784a264f60b7a9480e3c89e6597cce412caf40d991,bc9dd2f34387090f83611022ed1b92c2e8cc6181b37baadbb75314f73aa6341c,/home/homulily/code/bcp-cpp/bcp /home/homulily/code/bcp-cpp/dataset/c21_8_d2.col 'Xa(cache)' -t 3600 -i -v x --use-symmetry-breaking --width fixed,DESKTOP-RJQ30EQ,Linux-6.8.0-51-generic-x86_64-with-glibc2.39,c++ (Ubuntu 15.2.0-16ubuntu1) 15.2.0,Python 3.14.4; pandas 2.3.3; psutil 7.2.2,1,2026-08-19T06:39:19.400454+07:00,CaDiCaL,0,Xa(cache),3600,True,x,True,False,fixed
c25_1_d3.col,25,134,8,375,1626,OPTIMAL,8,0.00049845,0.0310917,0.0315901,48.66016,0,1,3,509f41020245d12b4e03b0c6681826c72245d1f3,False,1ea6804dc4a8d52338e7935ca90ec544a6f93a27cd092508d5f2a4a4309660a3,bc9dd2f34387090f83611022ed1b92c2e8cc6181b37baadbb75314f73aa6341c,/home/homulily/code/bcp-cpp/bcp /home/homulily/code/bcp-cpp/dataset/c25_1_d3.col 'Xa(cache)' -t 3600 -i -v x --use-symmetry-breaking --width fixed,DESKTOP-RJQ30EQ,Linux-6.8.0-51-generic-x86_64-with-glibc2.39,c++ (Ubuntu 15.2.0-16ubuntu1) 15.2.0,Python 3.14.4; pandas 2.3.3; psutil 7.2.2,1,2026-08-19T06:39:19.535653+07:00,CaDiCaL,0,Xa(cache),3600,True,x,True,False,fixed
c25_1_d4.col,25,134,8,375,1626,OPTIMAL,8,0.000467485,0.0314645,0.031932,50.87891,0,1,3,509f41020245d12b4e03b0c6681826c72245d1f3,False,eff8f52de9e723400f83c97d0ec2abe45e41b6038672e20a4a4081e4715aca85,bc9dd2f34387090f83611022ed1b92c2e8cc6181b37baadbb75314f73aa6341c,/home/homulily/code/bcp-cpp/bcp /home/homulily/code/bcp-cpp/dataset/c25_1_d4.col 'Xa(cache)' -t 3600 -i -v x --use-symmetry-breaking --width fixed,DESKTOP-RJQ30EQ,Linux-6.8.0-51-generic-x86_64-with-glibc2.39,c++ (Ubuntu 15.2.0-16ubuntu1) 15.2.0,Python 3.14.4; pandas 2.3.3; psutil 7.2.2,1,2026-08-19T06:39:19.642481+07:00,CaDiCaL,0,Xa(cache),3600,True,x,True,False,fixed
c55_1_d1.col,55,362,9,935,4747,OPTIMAL,7,0.0013596,0.00425561,0.00561521,51.12891,0,1,3,509f41020245d12b4e03b0c6681826c72245d1f3,False,483fac5e0df65a27f7312e2883f8f90c17f26d3a7bdd50c333212ca635e3f2e6,bc9dd2f34387090f83611022ed1b92c2e8cc6181b37baadbb75314f73aa6341c,/home/homulily/code/bcp-cpp/bcp /home/homulily/code/bcp-cpp/dataset/c55_1_d1.col 'Xa(cache)' -t 3600 -i -v x --use-symmetry-breaking --width fixed,DESKTOP-RJQ30EQ,Linux-6.8.0-51-generic-x86_64-with-glibc2.39,c++ (Ubuntu 15.2.0-16ubuntu1) 15.2.0,Python 3.14.4; pandas 2.3.3; psutil 7.2.2,1,2026-08-19T06:39:19.723065+07:00,CaDiCaL,0,Xa(cache),3600,True,x,True,False,fixed
c55_2_d2.col,55,362,9,935,4747,OPTIMAL,7,0.00134705,0.00418652,0.00553357,50.87891,0,1,3,509f41020245d12b4e03b0c6681826c72245d1f3,False,7b0078b893aeb838a0f5f0b3ece5f1505f2c0981a98c59561af4c69742a59ad6,bc9dd2f34387090f83611022ed1b92c2e8cc6181b37baadbb75314f73aa6341c,/home/homulily/code/bcp-cpp/bcp /home/homulily/code/bcp-cpp/dataset/c55_2_d2.col 'Xa(cache)' -t 3600 -i -v x --use-symmetry-breaking --width fixed,DESKTOP-RJQ30EQ,Linux-6.8.0-51-generic-x86_64-with-glibc2.39,c++ (Ubuntu 15.2.0-16ubuntu1) 15.2.0,Python 3.14.4; pandas 2.3.3; psutil 7.2.2,1,2026-08-19T06:39:19.830137+07:00,CaDiCaL,0,Xa(cache),3600,True,x,True,False,fixed
